,PC1,PC2,PC3,PC4,PC5,PC6
TCGA-DK-AA6S-01,-62.64343435810833,-34.13907578984833,-7.126965728606759,25.566987877830698,-24.506472212125672,10.484395365276127
TCGA-DK-A6B2-01,-13.730881426080648,-70.67744142692244,7.639783351903552,25.0424802188124,41.628934334505864,9.38188491663084
TCGA-GU-A763-01,109.25829490185384,31.910722855494715,42.45075655535539,-59.35845808964794,-61.03361658334911,-22.94140555444368
TCGA-XF-A9T4-01,-39.704759339759455,66.04036802201256,41.74706390516163,38.789217140658316,4.831990963744493,-3.797209995109223
TCGA-FD-A5C1-01,-95.69939592696858,22.860342181413802,50.79993327063044,-36.814003470398895,15.254026725359179,26.237834287729168
TCGA-GU-A42Q-01,-43.124866962982004,91.2715458190024,-52.930279881856734,44.21167521959969,-60.85161869617826,25.619071700757075
TCGA-DK-A3IL-01,39.24635740963421,-44.11716854647807,-0.932338613396138,5.497900936319731,8.577048969523508,44.1615607444332
TCGA-XF-AAMH-01,-5.983211191221113,-9.97960866196058,-28.68215939269742,-61.98894793592368,-53.928271730786356,73.81669274468241
TCGA-FT-A61P-01,-77.70012801381175,-18.72302657378019,21.658750283479886,-7.786000131783725,26.48648629994597,-8.393920238183536
TCGA-G2-A2EF-01,-84.95507477394392,59.90605036497978,-37.41051103994615,-23.373414796570756,4.270260592930218,-52.28639690280718
TCGA-XF-A9T2-01,-42.200184332567574,-27.327269510266937,-58.587865472739836,-25.2358647165492,-52.8769875063282,15.213160612715612
TCGA-C4-A0F7-01,-25.878218915774294,34.857431711322846,-58.86389311923521,55.75312722771186,-41.19154962961476,20.101200698879236
TCGA-G2-A2EK-01,44.78877828156904,-53.697868217535685,23.858033975158158,51.5320180949469,-13.042631388164812,-13.646047105409105
TCGA-FD-A6TB-01,-68.4626182205044,-76.99257322836186,-0.8130654275714507,25.69395574214084,-11.832990902481082,-8.355704913792646
TCGA-UY-A9PD-01,32.26033110777161,-50.24393834893665,-18.529490731669007,-25.963267340235735,32.57181121925446,41.87926008496006
TCGA-DK-AA6P-01,91.4220586755967,-15.448366613885696,-55.77922537641351,15.229791784972742,-16.720989551643797,-15.85906409182023
TCGA-GV-A3QK-01,76.23284226100286,-14.42788844414206,33.636138025780404,11.59347707518673,28.950657157129875,-45.61563995734908
TCGA-GC-A3I6-01,-35.38177731425139,61.08898768398592,30.65719581930493,51.911048617272954,1.7526327870957734,-2.1024452321658096
TCGA-UY-A8OC-01,-70.92933261294583,30.965968706569107,22.790370233931764,-11.718058586551457,-28.518196969786864,23.66546154899875
TCGA-FD-A3B7-01,-129.85204352445834,0.24451110792281955,-7.640564299182874,12.224815028398703,3.472142537669615,-18.373974457928817
TCGA-ZF-A9R1-01,34.765374821523075,-11.682664233268653,12.445788377329473,36.585595721685536,-26.893415069339174,15.707979916370947
TCGA-ZF-A9RF-01,-62.88609136358921,14.586590721287624,-38.73659743595681,-79.54142465266189,27.097135539272163,-78.08288231863156
TCGA-4Z-AA7Q-01,-31.840165039637025,1.2867741102686738,8.177145442688175,18.411541692745484,-2.282185014197023,3.5696070804161053
TCGA-E7-A519-01,51.90674433166822,-29.597192987544005,100.52707345885845,-106.15615719801606,-70.35981107320808,2.0547691245110418
TCGA-G2-A3VY-01,101.95438280436547,-7.850992889506646,-76.80822235512802,23.21417521257842,31.457382887977644,3.494940577721582
TCGA-C4-A0EZ-01,-13.710888146936227,-22.238929679537854,-137.4977381673643,-35.177380682958265,-73.0321944231565,23.779332279075046
TCGA-XF-A9SY-01,-128.5183869687045,43.19490715765803,-10.72057327497007,-15.384912120775569,17.941186815745667,-32.175208945265375
TCGA-FD-A43U-01,-31.4088266619548,-81.4785267109453,44.77570763367124,-66.51868016513713,-18.09682552702921,18.38464923778541
TCGA-4Z-AA7S-01,88.14519133325213,6.305026672754048,12.370808999231405,13.645081633423128,19.358305404059,-1.731804105530366
TCGA-DK-AA75-01,82.65322705424096,-10.013156836225814,-59.397662725844086,-57.91103221194851,-2.6054608911085784,49.91210041373753
TCGA-XF-AAML-01,67.43024557347393,12.53561424594074,-39.03839593287985,-23.688756494108464,52.162321035999526,-19.96777082915604
TCGA-DK-A6B5-01,-12.896418171733005,30.867208615193412,8.553656005999741,11.437740183362907,-15.065839800923069,42.66274454959498
TCGA-KQ-A41R-01,91.05737178485275,-30.108583482082135,-4.040736240560925,-36.81169463235594,10.887617911450734,11.635149929358073
TCGA-4Z-AA87-01,43.68354565106133,-22.058325307240327,-44.950349301268574,-53.57588833590214,63.312290219014244,12.309019295480784
TCGA-FD-A6TE-01,51.53277505508801,28.99346076935636,-22.42068130159508,1.661488341106074,31.09817287936359,-32.04315422659933
TCGA-YC-A9TC-01,-21.81127920255211,8.274516321674133,-82.08861996969037,-59.760196709337876,-62.03597003214393,-8.49398622299656
TCGA-BT-A2LA-01,-35.66416627343664,-61.79001476700159,-195.06250125361444,-17.437327379128714,-103.22634087002847,12.543160775668925
TCGA-FD-A3NA-01,4.262026802272311,3.319135537747795,18.56281241692261,16.070495038396306,34.30582989779477,15.2640967281246
TCGA-BT-A42F-01,-72.11859760847472,68.16576459735563,35.07047219109635,-32.20842518133347,25.484102688412086,2.092088192793471
TCGA-ZF-AA5P-01,-52.957907170587276,-107.13519275991452,-2.032519632529822,19.53380117917798,-18.430845741039338,4.106480862926286
TCGA-2F-A9KW-01,-13.739049738924464,-36.62742518815545,-48.393423254299634,-12.895469123321295,55.11450551797678,-1.6267986626822488
TCGA-4Z-AA80-01,88.72533509081524,9.985153090789243,-64.40804492682153,4.217603049499801,49.33105774608243,-13.558448645553913
TCGA-XF-A8HD-01,-34.82490585865791,-0.6463749273202298,16.661718418050672,-39.695191228753856,55.28375599861139,-27.19870513927747
TCGA-2F-A9KT-01,14.797966202293871,42.797672938678126,-9.12060705620818,-2.318496026524275,6.106644754669086,53.011951277582455
TCGA-E7-A677-01,33.007884023555796,-13.254065558101088,22.275014616602974,23.33303422359466,-9.2164269234029,-20.12345500930655
TCGA-SY-A9G0-01,-50.11030071809364,-113.5560655461936,3.9442067940661603,49.79063119348769,-25.9577522117796,-8.89872560169836
TCGA-YF-AA3M-01,15.691151052803441,51.727315348431944,2.0152262551216955,-13.849861805972303,12.101657720186259,14.348972531584488
TCGA-CU-A0YR-01,-11.256862762083317,-12.092780111214925,1.4387135317354403,8.928942768903513,76.29563964243725,-4.423305767012965
TCGA-K4-A83P-01,-58.653625201777224,-119.41898514632308,6.655352431426566,23.88023038461637,-5.1316372037621605,-17.074097880729997
TCGA-ZF-A9RL-01,138.7792039011639,26.913519885003115,-11.049320694788648,13.323481537708904,2.782444899931861,-16.461200565991913
TCGA-FD-A43S-01,-39.849108713146556,-100.94845243858236,76.1005705154822,-29.29595472394664,-56.674055361158125,-6.54982510009124
TCGA-GV-A3QH-01,89.83016746264545,6.719294660558704,-80.44299406226442,1.8448315400445057,22.019760075178183,-7.270789298874525
TCGA-4Z-AA84-01,-4.583256493160418,26.60014041347915,-42.978979816013826,-43.523543032004916,35.07376362302128,25.3022757291005
TCGA-K4-A4AC-01,-63.90293896957008,96.81465135268093,8.710564645169319,-25.73186796830338,5.556903842940383,3.815855387627337
TCGA-K4-A6MB-01,21.8699404277605,-26.628326505698695,-18.398899844390417,45.39951289539086,14.697403832189934,61.35975260092026
TCGA-S5-A6DX-01,-9.315970435882024,-71.40296957903563,53.52640620690924,-69.38761514486231,-7.74422865708342,58.08725628612261
TCGA-GU-A766-01,-111.32257185261084,23.56786511952036,26.11946244253253,-33.05374575793011,2.512391954611661,-10.97166776860111
TCGA-HQ-A5ND-01,-0.6178609589454852,97.64814107615663,-13.977279526041901,29.543275150932462,-11.094886604092048,-10.656681754333189
TCGA-E7-A7XN-01,-47.72828368416209,106.51639749812227,40.68666693554583,0.10091477864437513,7.514629577239444,-32.45105216566914
TCGA-XF-AAMW-01,-61.90299217355186,62.099291310191475,22.78984679087086,36.42982204080308,-11.469898269692225,-23.816185291014442
TCGA-GC-A4ZW-01,40.169181276517314,37.36350346327334,-56.20838805317536,-31.196662126529368,14.717836858798316,-19.002236600963023
TCGA-G2-AA3B-01,97.09702648223333,7.552820280820276,3.6334766128092415,-34.51999720934987,27.77831741350654,-9.120679752710393
TCGA-DK-A2HX-01,-47.204423249222835,-72.25616376320055,6.759118202555449,48.652539374067,19.63139702009122,12.276507667701038
TCGA-GC-A3RB-01,33.86201439323517,39.68272520560641,-38.08781648952966,2.4297773900915494,15.897490504925893,9.738402907157147
TCGA-GV-A40E-01,-54.113964669006776,45.95748528338976,-8.819567449829004,-31.5983637518448,27.819287912266212,41.266903882632164
TCGA-FJ-A3ZF-01,102.10516240287966,-31.819958444529636,-94.22296123040843,-16.68365584990106,41.427962602754036,13.060821192627465
TCGA-XF-A9SU-01,-15.217988834449276,-62.31044751804758,39.80354459122775,-40.77494379706977,-8.518967719253158,41.46700710985736
TCGA-ZF-A9R9-01,-3.397742290021235,-93.91145354435213,25.599841084210883,-14.0439202771473,11.657328684644321,19.505989952591747
TCGA-DK-A2I2-01,-102.57047434421824,49.50554886198636,-7.862352722865812,-5.185934083598604,-1.039338719155962,10.346923873841199
TCGA-FD-A3SQ-01,-28.531399728926058,-75.59835329081157,42.65810414348552,47.669893035878765,-9.781602453056767,0.4251565119722892
TCGA-XF-A9SH-01,55.811949551700074,-16.21251888641277,43.80772649288715,2.773418016802097,-15.493551115650716,-4.355662952053905
TCGA-XF-A8HC-01,122.90651642581663,-1.154650718350955,-35.60048936214542,-27.82677453549989,29.251149351511536,-11.467777040731956
TCGA-K4-A5RI-01,-29.995541338030332,39.804018102226706,3.142306592786886,31.610776996933623,-49.46320996128866,2.3282516188080886
TCGA-BT-A20W-01,30.806503628223066,-58.77053524714828,-22.48438244615131,15.192808768802145,7.63728315677791,-2.5914407637756818
TCGA-CU-A3YL-01,70.51046824985335,-39.15120144374967,24.478956920001657,3.084494672379711,-21.216018783655223,0.6190336964235394
TCGA-DK-A1AD-01,36.93958817655555,-37.0526046876164,-17.727640420648825,30.401116308510716,22.51850884285164,1.2579136291887592
TCGA-XF-A9T8-01,-86.88748158479702,48.082464752630834,28.664367665047394,14.921091246753704,-11.312020381804112,-17.39218966050487
TCGA-C4-A0F6-01,24.60036776742523,7.1722879202828835,-4.478434736035025,31.79663994398466,16.509668536490768,17.517073729233235
TCGA-DK-AA6U-01,61.4771879740613,2.7456200532742425,-53.184946475547484,6.3563599544931115,22.909996586370642,1.9553917826471758
TCGA-CF-A9FM-01,81.16909230978307,9.64030575614857,49.70818746015625,21.67461360366975,-24.322357333216953,-58.58135974478198
TCGA-E7-A7DU-01,105.44313640231377,14.575100462489655,40.62657528683606,-25.506290123853336,-41.22161203324878,-6.188708206699316
TCGA-UY-A9PA-01,35.773737088910856,49.3306379850824,53.739931204977374,36.10615363322087,18.096663089653784,-45.01014262446619
TCGA-FD-A3SJ-01,7.287663723822688,-72.37784060219509,-48.60798404619102,13.803734500791496,-3.9445608069687403,10.10819967719978
TCGA-CF-A47X-01,115.25601524641947,3.6575389768073414,3.8732738678433014,16.881280527367494,-8.093878687374685,-37.12077824643048
TCGA-GV-A40G-01,86.37783715554576,-1.2560632151972153,-31.18049377599427,-22.387258498111507,26.972411577771453,4.139202028497955
TCGA-2F-A9KO-01,-13.862995872459036,-24.650693199724238,7.7439953322826955,48.688934392260826,-12.542381057384185,-28.221864764028478
TCGA-HQ-A2OF-01,45.82283433101712,17.792858477400557,-71.41537317612786,27.67453149437025,12.353945599776736,-29.099034830818177
TCGA-DK-AA71-01,52.09871103186773,12.830251934484705,-0.7241996387081029,4.145539191814335,-17.863951454536465,33.71798943759162
TCGA-UY-A9PH-01,6.697072355930927,-26.72724704195541,53.717749352382036,-24.40304570980171,33.12192799383274,-10.98857200518322
TCGA-XF-A8HF-01,24.227892077525013,-44.53345477008257,3.5395433904841145,-45.40288907114273,5.409861293230258,45.76612938261589
TCGA-CF-A5UA-01,77.9822572986057,13.956481126382451,34.63399022613166,-68.95223846973352,-59.916334474857564,7.27182095645795
TCGA-XF-A9T3-01,-87.25713685066911,-36.332911596876585,6.550313918576965,-8.154768518190473,-6.299474514050904,-6.14731697025914
TCGA-XF-A9SL-01,-63.389026209951936,-127.58220728602872,34.11154438407531,6.251955756236742,-16.51281319776163,-7.851675694521843
TCGA-CF-A47W-01,104.7640992062635,5.9828712830663395,37.67085721938143,-73.72268732416423,-64.79000420328158,-9.299256700776029
TCGA-GC-A3RD-01,41.918638378834814,18.79462323945232,-11.545160333276327,20.588662948465867,10.779420301316847,39.22590701820955
TCGA-HQ-A5NE-01,-35.03634644696842,27.570095955746876,29.554050559093678,44.52810611959712,22.00427306979814,17.6448415523903
TCGA-FD-A3N5-01,-64.47015375861965,103.65578621614922,0.808610736428376,26.699976623421907,25.142959713572765,39.635660354372234
TCGA-E7-A3Y1-01,80.90741407711577,-6.371483767589313,32.6103444367393,2.385267210102735,-62.01584550187342,-35.75001206871749
TCGA-4Z-AA81-01,1.4268070891063271,90.3061803096328,32.82499860384218,-28.585579764057034,75.53918839914616,-16.19458926486119
TCGA-G2-A2EC-01,6.496010349431422,-67.5778920349847,36.26393950157773,40.14567659304802,-13.39828831228584,-21.54472515438757
TCGA-K4-A5RJ-01,-94.15655556992138,-8.889702856441524,-38.33545125306754,-54.949165155692576,3.5632055513184824,-95.39348868325169
TCGA-CF-A5U8-01,124.94259279757172,11.564282924712847,43.098962839732266,-29.466408663792965,-42.854724859478935,-35.525097924682214
TCGA-K4-A3WS-01,-44.40148607016567,-91.3124997459927,5.645878675290862,35.73466001604153,-7.835331111829132,10.117229251961364
TCGA-XF-A9SW-01,-83.78007579196158,-117.78513613588444,8.626548087062373,0.10246900691478056,-18.911732253572545,4.169809348344467
TCGA-DK-AA6W-01,-26.168293611854853,-27.244826704289146,-127.2619918386049,10.158819680358931,-55.33973982817267,11.986328405565343
TCGA-DK-A3IS-01,75.72149549148764,48.49435175431245,4.525419082626181,5.505087750837793,-24.55088511964349,-8.902095712514987
TCGA-GV-A3QG-01,-84.55264658821514,-84.07980065543367,-1.3268011388902279,-3.6820347671621465,46.79298124340053,-37.263486977388126
TCGA-G2-A2EO-01,-17.38973634160767,-19.648290714328684,23.032554323029924,-32.100346288665435,-5.75910716099734,-6.650045536796805
TCGA-XF-A9T0-01,18.12170957195721,-22.50954916449889,-10.316235316297522,-31.576081540436785,20.676956333936154,25.81284767134598
TCGA-FD-A5BU-01,-102.27935818167798,45.387183381964526,31.89721779831546,28.64559831454543,-16.786768874671743,15.791213611152147
TCGA-GV-A3JX-01,5.076266756751775,-12.924744559455508,-33.66128556865991,23.130105924232957,27.894668265761275,-19.681767008270754
TCGA-FD-A62S-01,-110.91088588584385,-6.705195698280904,5.743178667866407,30.838510163276787,-8.382644954627166,16.99123442266001
TCGA-BT-A2LB-01,-9.933884031408644,-31.652498864264775,35.00329906156653,14.321377787761108,7.956192352350388,17.591476632220267
TCGA-FD-A6TI-01,28.17599213002515,-35.65904330550655,35.8256310661733,37.53952088384931,13.103722674043604,-3.002538633457427
TCGA-XF-AAMJ-01,-35.671053559783,-71.77091955989748,21.957654401858587,6.536027644235852,-9.153116295637771,11.02228418076962
TCGA-XF-A9SZ-01,-18.97160599726365,-48.63410769513398,16.885703486020972,-24.231635796483683,28.61121428070092,56.8723207642229
TCGA-CF-A9FL-01,34.669088906765296,-22.54742141032142,13.763550375650718,23.67482685661282,-19.834129440491793,7.22724450169732
TCGA-ZF-A9RD-01,-94.63010695271439,68.23424535721729,52.22794816792505,1.6464408839984788,-13.414924060399551,12.212079463395874
TCGA-GD-A3OS-01,-80.23273173760637,-33.612720567309616,-87.65981618681857,-4.381727436862156,-74.31323343014309,31.810640070810113
TCGA-K4-A54R-01,-19.82109358770416,1.2571156381700788,23.457674510278014,-16.428505165332364,50.25932069872674,9.171205074221097
TCGA-FT-A3EE-01,15.083954542460363,33.37005275212903,20.068332015987757,29.214644519454332,19.774972212908803,-0.7534020101715901
TCGA-FD-A43P-01,-17.33350977553062,-58.110911830017045,-43.5130579640976,11.25986757136529,23.180392795130132,-15.216370919528963
TCGA-XF-A9SJ-01,-40.97476521444294,-30.78490280520352,31.565728725095383,-56.10198932104885,35.881324822166455,26.754334710407804
TCGA-K4-A5RH-01,-121.54623683052017,-31.029214538741886,-39.86157022846886,-44.75422255340171,-7.221199159349386,-69.69362906803227
TCGA-R3-A69X-01,-29.38900594587132,-66.02872816520848,19.505492294521694,46.05470182882549,6.496959040768198,-13.518362943414946
TCGA-UY-A78K-01,-5.608630064250304,-56.52911503789071,-24.178003529677714,-39.72541782460923,49.34853307035693,-31.564790769083753
TCGA-CU-A3QU-01,98.51514459863716,14.693617981662028,-50.29055945284766,-20.95410403052882,78.91322711203043,-38.159730581476055
TCGA-FD-A3B8-01,-143.52512388265833,-44.392673467456476,1.9833502955117688,45.21498324702065,-12.526946116864558,-40.862833572722465
TCGA-DK-A3IV-01,29.73627972311279,-14.077677493315942,-1.0489254840728828,34.33327842608694,41.370316585386625,-64.15793961837376
TCGA-GU-A762-01,-108.87460575074492,26.028098353950174,30.118043828578074,-64.6907654062465,8.200594256111211,-34.5696137922106
TCGA-XF-AAMX-01,51.70024257518527,-13.132319138083158,-13.441342813524795,3.0383365099171864,40.76338476821214,19.291216741759396
TCGA-CF-A1HS-01,-58.650705535419235,72.01154931353209,-19.692146164745047,26.01065865778998,6.095581788310458,25.316234735058163
TCGA-GU-A42R-01,61.23932650814989,22.49095607707503,-19.02283078574537,52.332100126181466,-42.058971752735836,9.006022810186009
TCGA-YC-A8S6-01,-16.384501470642892,-45.933677103182994,50.48935854028162,26.72892419635422,-22.208851333407836,-16.356007448163748
TCGA-ZF-AA4W-01,-44.54326720384568,99.56669645599916,-8.499099564884729,-23.62219584898493,-37.64280100682621,47.37134127389284
TCGA-BT-A42E-01,-72.35785089765827,69.04740070797278,14.36647777718227,-22.100082644696858,3.9292838933013297,10.465083827145582
TCGA-E7-A7PW-01,76.80012155405373,-34.740344513087685,-41.76591964986595,-23.423881340432384,-23.901518327496998,25.23402653569598
TCGA-BT-A20U-01,-31.436786074715563,60.77532330155511,11.313736877682635,52.89386810285503,-14.313942409000083,11.593545013802098
TCGA-GU-A764-01,-83.04530154226532,-20.277683616247696,11.312937340614452,-17.06918084623561,11.417977660176739,24.05218742511184
TCGA-ZF-AA4R-01,-22.970328668913627,-23.363468390855143,-31.402263323429008,23.781974895913894,-13.27459729839116,46.57036020686429
TCGA-CF-A8HX-01,103.62610677651362,3.4550407617322008,35.18823899462069,-38.11869272551654,-34.29836460536792,19.371744508094782
TCGA-E5-A4U1-01,112.83895068747769,-23.674912143433225,-30.871211523851755,-59.97889187627634,-66.63382355260258,27.70062210750744
TCGA-FD-A3SN-01,-25.831709689209763,24.951101442084735,21.866748078917194,-7.093931706598989,39.96683422141839,39.88679583289519
TCGA-4Z-AA86-01,-108.31301369224234,31.75001636793896,11.640724706215869,0.5454790741099926,30.192605655888283,-5.203708882658361
TCGA-CF-A47V-01,79.33446624079771,-23.121131806754292,61.240730211323665,-11.327789361555922,-31.89096394637356,-32.85482726652916
TCGA-FD-A5BR-01,-11.820705354196592,-55.208490770829805,27.645683270264136,30.18319624422335,-4.889991404823416,-0.9165807610649291
TCGA-GV-A3QF-01,111.01805639467624,8.588411900096986,-13.941133393493693,-13.96386796064055,42.754797342733795,-3.6952761763614936
TCGA-XF-AAN4-01,-128.71874497097915,-80.22226245273534,-0.05490173898413949,17.4107594616681,-38.355563580078936,-47.52189270405059
TCGA-XF-A9ST-01,19.819435854769374,40.56095690965535,-88.77148861712237,-62.43596303506418,14.276109397481859,30.773959431645437
TCGA-GV-A6ZA-01,75.24068665813722,16.254595294637245,5.033298430146195,-30.34601500210218,1.2045804037455623,-32.595047417168146
TCGA-PQ-A6FN-01,-56.50514731153894,51.764799612374425,30.768059746252323,-47.59697119048157,-16.634040620075048,58.053226659389246
TCGA-XF-A9T6-01,-21.586630392952863,69.1940767669707,14.748989923317643,-69.14213591965247,34.12945587071726,23.936384426156625
TCGA-CF-A3MG-01,131.0257214220585,65.31462973377747,31.934801449993852,4.095739725895877,21.542524842333087,-5.386874985214268
TCGA-ZF-A9RE-01,28.51971327671581,88.03771159300769,-20.947334564153987,64.41589949684318,-32.953184037733166,1.3797047032812009
TCGA-DK-A1A5-01,-22.691183079225947,1.6695997273966283,18.867123508086426,39.57019342176995,29.504287743126223,12.6006822800775
TCGA-ZF-AA56-01,-33.313098242081466,21.51749984215568,43.63721382431123,53.195717930186916,-15.209457735496738,-2.6219249589196747
TCGA-GU-A767-01,33.487457521703604,-71.1495876516168,2.915873465842375,-27.902524649500403,-43.86994527549641,48.377733061912
TCGA-GC-A3WC-01,-75.83175381762011,3.572316873280537,-8.177648436609283,52.555955720466,-41.42405085286862,-41.92013279576968
TCGA-4Z-AA7N-01,-47.05348134498937,-92.73696525685214,28.93017356572222,49.785244260983795,-12.444675748062087,-35.70672180707674
TCGA-H4-A2HO-01,58.25980621966121,-70.46162833484864,-1.9027042692226273,6.504241852739235,27.88516282158615,-36.26305384521094
TCGA-XF-AAMZ-01,45.56478438846612,-26.610109743031337,-3.45532530339899,-11.893032075194913,13.429963370585346,6.486036879236232
TCGA-2F-A9KQ-01,94.28433335356554,-0.12119861773090912,18.373991422913043,24.503823103408532,4.857425026900898,-0.011612665687802264
TCGA-4Z-AA7M-01,44.73630515663631,-7.040319548618493,-50.1443405675606,5.687608888522661,14.681292875555163,14.143655148546266
TCGA-FD-A62O-01,65.54093780513898,-11.517298048271115,21.196176481020437,29.590372236304013,29.300460918045527,8.1538472303547
TCGA-FD-A3B5-01,-44.254938418696035,78.60917701375031,-28.31912627085613,57.30139833537268,-28.363490452324307,68.34109708392377
TCGA-ZF-A9RM-01,121.38405796837844,6.618987373731819,-43.82871947931131,17.215849104348617,42.711992824685346,-13.473031266208125
TCGA-FJ-A871-01,-36.28054422595214,-11.025168941610254,-55.217218715886176,-87.7574677182826,-66.27562348795358,33.909376899687494
TCGA-XF-AAMT-01,-91.59324637733063,-2.945329780399821,-3.435390820430463,29.523672532269366,-37.704851542597176,14.552771268564062
TCGA-FD-A6TD-01,-73.11560256024977,13.369692979743517,33.6555068463606,-19.36914813406403,9.261764002420602,-1.3663207845422394
TCGA-UY-A78L-01,-50.597349086252656,40.003887643453275,-11.36424053146402,-14.800236741025293,37.566951512683936,44.93738180059935
TCGA-ZF-AA4V-01,-44.82111700654604,31.2623469193554,5.600329220984478,-39.811742247028825,35.05517311431745,20.092577613035193
TCGA-ZF-A9R7-01,24.43877832216393,-9.572767642195265,57.429257517649766,-9.265155282268726,-4.251627617652616,-25.45225362076177
TCGA-GV-A3QI-01,46.65756992947646,-4.298732190828425,-107.16494866523706,26.590383930344153,-29.11395382677412,-29.753972301577015
TCGA-XF-A8HH-01,17.62340376428239,-66.85703690249474,8.901771812636023,21.092710734186518,22.7428639900871,24.493455815056805
TCGA-GC-A3YS-01,-71.69550505050849,28.458586225213285,-4.848673642478005,8.271366494978963,-10.445292976265005,17.33387022309647
TCGA-CU-A5W6-01,34.367276603245344,-10.627763888395005,8.673611331388663,20.261291499208237,-4.47400040959514,25.47190512766886
TCGA-BL-A3JM-01,-37.10433415126587,-6.694732940298516,-100.8876182164714,-9.75237015170746,-18.55963109952214,-43.22903782933178
TCGA-E5-A2PC-01,20.80372538269666,86.12476276498171,18.16485220642864,-1.5368831060672463,-15.014541756938799,-24.57635707297909
TCGA-FD-A5C0-01,5.400464140163156,-15.608873319331165,17.994977801811906,40.78438975924369,30.572627457669196,23.49566968693051
TCGA-CF-A9FF-01,63.08326532155935,-49.021336415961095,46.48108812848898,-0.6086914617535335,-0.4349524071267128,-9.549549655578073
TCGA-FD-A62P-01,-44.730206272827814,-9.41531900136146,29.294476453914843,12.831786382134348,24.320931774869358,52.97724668051821
TCGA-G2-A3IB-01,-23.889165557336568,144.02371934751474,20.181129519359388,39.25862511586776,-8.895272026896947,53.010658229972854
TCGA-XF-AAME-01,-116.95567987781473,-72.12598306841413,19.03300942782453,49.79336263622647,-53.01616324495799,2.8168410979953937
TCGA-FD-A43N-01,19.748305124948203,-32.702834862441435,13.28705583069572,14.695697285185494,40.41226041814223,37.24278820030007
TCGA-GC-A3BM-01,45.75764115501714,34.51530817269404,-3.8522473348864406,44.800170220697744,-34.082007103173105,-31.001996200969504
TCGA-E7-A4IJ-01,58.22318158003513,-5.584300680357547,-20.02826550450679,-21.78401281723844,11.823673692185105,-22.583518134206948
TCGA-FD-A43Y-01,-69.38988783778086,59.27359566384897,10.953483638759854,12.35435263230775,-39.065011699658434,33.83141179651383
TCGA-GV-A3JV-01,26.799002934567536,-43.42768519303139,18.26959412270649,2.5479305529587792,30.76932597108167,-23.469913498259938
TCGA-FD-A3SL-01,-35.59025527708001,-98.83100891978353,-3.934274748488585,32.97305870280054,21.426255561299318,-5.128616161228755
TCGA-XF-AAMG-01,-0.44855800238705984,-56.076642227376965,-105.47852938828024,-25.340737024552325,-3.1752709220295126,13.18312472184276
TCGA-E7-A6ME-01,19.428285894684894,-61.679855008935405,-76.5759619451789,13.903079226422918,-16.568878339013512,-18.8013976321645
TCGA-BT-A20R-01,-48.37201946861778,-72.74822648191386,-37.15264265246681,28.464058148678543,21.71426616825479,27.483798115703717
TCGA-UY-A8OD-01,-32.499797599587794,-98.2805255927212,12.572949526202814,-6.665308136547286,-7.819256183710744,8.76457518485781
TCGA-FD-A6TH-01,-45.43431071009139,-16.314232953002435,-18.054879386058406,-26.73362556860475,56.615976584062636,20.634496105923965
TCGA-2F-A9KR-01,27.491015298315535,16.6394371248026,-10.702043825378306,50.23886476038375,-76.81596502903994,23.44863564788342
TCGA-BT-A20O-01,-132.2915067257013,-18.220345227805904,-40.317109820164134,-19.641644545004908,2.544621552645683,-112.50438263360029
TCGA-LT-A5Z6-01,66.80916429130784,-21.45826245841017,-35.683640395714704,8.712675766989124,36.1652329921802,-12.746086718933759
TCGA-ZF-A9RC-01,9.16332351489097,-61.8482820198429,-16.952739550283454,-13.63688626843141,-18.048828586066687,77.01156948244207
TCGA-BT-A20N-01,25.450259684898754,55.66839672281329,-37.75146678968483,21.543042928903656,14.502633989365757,23.22416661333016
TCGA-DK-A3WX-01,-95.93772968424757,66.25943833759747,-3.8470102620428994,19.51704705965156,9.370387484873595,6.5917100403140205
TCGA-CU-A0YN-01,-71.96125661539294,66.49623538402645,8.270562588322651,41.40535582979338,32.16913303234704,17.33291325593464
TCGA-CF-A9FH-01,117.55588448147866,27.73494955048524,34.68421116449052,-8.957623394942976,-17.21554966087937,-40.35094586317551
TCGA-FD-A3SP-01,-121.86082349679997,-40.74994697939537,-12.705458497654178,8.740707263368352,2.7863891509738785,-18.865526203020696
TCGA-GU-AATP-01,-4.2026067885003515,-73.7894905087221,-10.685431961097594,-27.206763610879037,13.144917685266218,35.09841403151376
TCGA-FD-A5BT-01,-120.14878042032164,-57.95128033897693,42.21427332606937,-119.12293556097408,-12.906153778338872,18.537442570378794
TCGA-CF-A3MI-01,76.11930036052205,-1.9519523496567244,57.29758559753994,-26.89772217244272,-3.378235670136471,8.843991283064467
TCGA-LT-A8JT-01,97.0807475915079,0.3963919655999154,38.13709759149116,14.187213361863819,4.53879162852686,-38.93663875612711
TCGA-CF-A47T-01,98.30091010035235,22.892424677692656,30.162083793422592,-34.35499894642421,-44.260281337248735,33.70638305332838
TCGA-FJ-A3Z9-01,112.65059676203437,42.563330627975404,25.66081301338156,-13.786119858733253,16.101146315809284,20.992242715740595
TCGA-DK-A6AW-01,41.67443981862986,4.323709814239683,16.681673384988088,-51.75305148107429,-21.079155251668563,-16.464707610665066
TCGA-E7-A97P-01,-78.08711262462134,42.19983567497684,46.13652822929836,26.622319308478982,-2.5354379993939506,-9.242305493767487
TCGA-E7-A6MF-01,63.201316836822286,12.110265597254916,7.133844513036617,64.44310722098321,-51.51750209943012,-60.188001810168956
TCGA-S5-AA26-01,97.319699042208,25.91516643491916,12.05482246385716,2.8311039655291124,-47.827725480547976,22.274881989282083
TCGA-ZF-AA52-01,-44.17899933565498,-62.78054973651511,29.208731648184564,-27.933276130315768,10.305042473228463,18.109433253917636
TCGA-CU-A3KJ-01,-53.641038361046995,94.64632678901715,-45.747292598566574,37.33429300770939,-2.8323425558542166,-10.76899525013359
TCGA-DK-AA76-01,104.69094156439957,30.377211942825372,-55.937833957340096,38.03238834714302,2.808472540525405,-9.508070189009361
TCGA-CF-A1HR-01,40.92288978564051,-19.091263033414403,45.20391620936846,28.0625289727258,7.746449263491709,-5.138965862995452
TCGA-DK-A6B1-01,68.4171333740953,-33.99539607204306,-45.419599119990714,-7.494437888524957,31.545563157307555,-41.01257543841565
TCGA-CF-A47Y-01,103.18242788286439,-4.942488569757253,44.632937382638005,-29.20767818271436,-70.0250657893998,-32.34766989713552
TCGA-4Z-AA82-01,-64.01556433246736,41.87781752966105,0.545124162229217,35.13825523791874,-10.09950272728062,27.98779063081099
TCGA-GC-A3RC-01,-79.896504375261,102.31523170155639,4.573356268440487,13.168788957712186,27.22956163747481,-9.614529648789084
TCGA-E7-A678-01,109.4985752349957,32.68262784075249,56.0297693094116,-51.40596275675572,-49.16438283979027,-52.40661372853496
TCGA-UY-A9PB-01,-111.28648784649714,10.235687475679002,0.2934070885669714,-37.63481853423732,19.82590653179317,-6.507454958049727
TCGA-ZF-AA5H-01,-80.73782433096197,33.00509579675086,5.067223949496727,-21.5093090573658,43.83175524600323,-18.34041167216054
TCGA-KQ-A41O-01,137.8069472769242,30.762271853941446,-31.26859416507774,-41.617137153551674,-35.940226518309984,18.247185158902795
TCGA-MV-A51V-01,66.2320807457048,-50.31405749772835,-31.554767488132526,10.870327243372454,14.12427338274872,13.71459587222577
TCGA-BT-A0S7-01,-41.07859922598177,21.195876939088215,-61.107353486237834,26.74139043994064,-29.67709605431518,14.901304296200902
TCGA-XF-A8HI-01,73.86679708113304,15.83818356384916,32.34166819778516,33.15406774957874,-38.89642815149014,-41.295265632463106
TCGA-2F-A9KP-01,86.39901318613157,0.22444148310055884,-22.939403754491707,15.46557021955489,29.53260948521479,5.909228970685869
TCGA-CF-A8HY-01,80.4188968489878,21.09813127507462,43.532890295889004,-69.54288776886119,-61.707081895596225,33.420819134960915
TCGA-E7-A3X6-01,-1.8890554638076484,52.14622399878898,45.710518383786244,31.82635443912636,-2.917357670166661,-19.854044486767098
TCGA-DK-AA6Q-01,-26.593624839075225,78.05786989661328,7.105714649833255,-5.325262326980671,-41.397693620997224,-3.871633103132991
TCGA-FD-A3B4-01,-109.52020673953106,30.872837955811335,16.485784214007055,33.04969901626534,-26.663666040953185,12.092699770382747
TCGA-E7-A97Q-01,32.18625737266832,-70.81112089121794,0.8667944787153348,13.168089449188608,9.718970866844993,15.88928878051276
TCGA-K4-AAQO-01,-19.63382707615435,-99.59861303391645,1.6977117948713214,46.46412276056895,-14.376650117358093,-0.6836154433127999
TCGA-DK-A3X1-01,33.903522714250705,-3.922862317974571,-6.904899506544738,-17.386886508163517,12.194986437507508,30.2502575085251
TCGA-DK-A3IK-01,45.11129109383217,-72.27623300874136,5.425662239049306,15.033255690015372,3.1378781066725314,35.533841703120956
TCGA-DK-AA6M-01,-70.21016121151749,26.6654782944812,29.46054385754454,-54.42255793207157,3.3370392866609926,1.8896161271450065
TCGA-DK-A3IT-01,-11.574969927926611,-38.97780532347567,19.444468853707665,22.63850437688725,38.007494260241245,24.55921975375184
TCGA-C4-A0F1-01,-81.76437088016883,98.97505522410233,-28.649100069969485,39.35393678948985,-36.45703713108816,7.886503352007324
TCGA-FD-A5BZ-01,-29.41108483219168,-71.79261318092267,6.144471669813107,36.09794121566948,0.7952444841852888,54.49774556616376
TCGA-ZF-AA53-01,-100.14922974543921,37.524596573004224,29.5895345336542,-31.920536316238138,-4.759807899618277,29.67874130835224
TCGA-YC-A89H-01,15.525281728239031,35.61191315423073,25.078097889694742,-13.564307743677805,10.70557498583301,50.6758880799941
TCGA-UY-A9PE-01,33.64303209514357,-53.43898036946249,-11.801529562021821,-22.793879431515137,22.1113484082658,49.156149041411425
TCGA-BT-A3PK-01,-79.8873531883274,26.860401572170744,-5.6333064220578795,23.960350893436004,10.026353745503023,25.01966797253663
TCGA-GU-A42P-01,73.87589688768075,-26.7386442207977,-90.45434844818502,4.93144898025364,28.503007434675563,6.624980405051462
TCGA-KQ-A41Q-01,81.6554810634846,-3.362534697917521,-29.11491928666438,-13.202897466493425,41.85767993699798,18.564950768456555
TCGA-SY-A9G5-01,-56.795825968905845,-12.305000155722972,53.827803230094396,-11.17470135752921,10.58754655797873,19.29562177147231
TCGA-UY-A78P-01,-62.444917521613185,15.211659137185672,43.450538143521364,2.134985268533503,-19.762232351518495,-9.153321368405553
TCGA-UY-A78O-01,74.35553858132134,-33.19169171676602,30.833270496035134,-32.584560203290565,3.3083692315064925,26.060221565040557
TCGA-DK-A3WW-01,-85.57235580614763,107.12994966338073,14.84589810744591,-29.184743492201267,5.473688448182807,-37.490054544664936
TCGA-G2-AA3D-01,74.76766025204108,-0.6533150089490941,0.9734865023059763,15.757927911906181,-4.674452528705653,12.6631338902767
TCGA-ZF-A9R5-01,85.04078738007077,23.317917986514477,-0.7163932227006731,0.6915066544819772,-50.90433320798751,-75.1155556584551
TCGA-KQ-A41P-01,13.148333569723516,-40.19765131904447,15.866867311495945,-6.8894190280467065,-15.87439371585441,47.06584607685162
TCGA-DK-A1AG-01,68.27742741173356,27.894056983001093,33.35982120109178,4.36981964328953,-43.383370467064225,-23.185865602213333
TCGA-ZF-A9R2-01,100.82384751228629,77.14237231956304,-9.225249039713535,31.168776991209118,-27.31397272494641,-5.021742888697063
TCGA-DK-A1AC-01,-6.756014599312099,-28.541438521074504,-74.9673298053842,-9.046342422971504,58.64282334921522,-44.56475660374951
TCGA-BT-A20P-01,71.14038675800587,9.427415977028213,7.042556806844561,-24.124394274924857,-58.285757896792816,-14.48547576979878
TCGA-XF-AAMY-01,10.460017295757392,-63.84143762039221,-12.987597691494244,37.63528989435105,22.357423519565636,31.549810215224486
TCGA-K4-A4AB-01,-14.738888624129736,-12.337451691222872,43.329914059964274,56.726722463739584,-33.57480040199872,0.5174366796288792
TCGA-BT-A3PH-01,58.00085066260912,20.72695586218662,13.403279766616686,7.6053558815860525,54.63418000603611,43.242099811151604
TCGA-BT-A3PJ-01,-77.97346830235716,97.94872439568297,-12.40459308835803,-5.524263323479838,37.68381755386794,-24.674285528822825
TCGA-FD-A43X-01,118.55786835547454,24.06149773256197,32.93577856162193,-32.39565832573909,-42.50797599272568,-14.431321941521931
TCGA-4Z-AA83-01,45.1383072233547,7.990348869490941,58.737581485496385,0.4518125485422036,-7.369130459734287,-23.215633815430113
TCGA-DK-AA6T-01,-28.259520941924173,-48.80170713826412,-15.679131700122621,-54.27771555084033,-15.722939941585127,-82.01338144858403
TCGA-E7-A8O8-01,87.47064355755519,7.823103379101941,20.505496505325624,-50.0231179695766,-18.52816032019266,4.6344847949451555
TCGA-FD-A3B6-01,-81.83314013707387,57.49812826353627,-12.071360767737707,-42.05649525413808,44.53391612607625,-30.564434511558364
TCGA-E7-A7DV-01,-77.21624702890841,3.8960912024647087,15.886487524380307,-82.39060345492663,39.92981812629334,-19.981508296395642
TCGA-ZF-AA5N-01,37.86283042510879,70.46401396571582,33.135126770123904,-41.4140613504567,44.876691539863195,40.645883984285774
TCGA-CU-A72E-01,-13.588856128595557,25.16539177112697,29.498750599418692,46.84021564893798,-42.07029776895355,39.80037191163732
TCGA-GU-AATO-01,-15.55110497666825,-27.821767259643533,36.13325465708761,-39.61568365142212,22.317347199864003,15.011229978683899
TCGA-GD-A3OP-01,30.087978501588722,-71.67721703865419,19.69520324279033,54.49452507982154,6.120890430134568,-31.069343591461593
TCGA-XF-AAN5-01,-64.99171971199887,74.17412371162865,24.907734243031438,12.206046971739578,13.142277371073664,-33.41980731669178
TCGA-XF-A8HG-01,125.89695719140273,23.574562604503335,-11.87038388497173,-15.016068039822777,39.468342940340506,-13.243655492879476
TCGA-E7-A5KE-01,117.43407327789308,29.24363665870764,-37.2769067967979,2.9185460992502246,29.245118040308533,5.210393262574832
TCGA-XF-AAN3-01,-35.318208449382915,10.447761119639482,42.080222014709996,46.02596770162451,-23.604142433885297,7.208195985498527
TCGA-GD-A3OQ-01,11.047332668275404,65.9082042580332,36.4726095721856,53.84627247271879,19.937381992379947,8.775368932490435
TCGA-DK-A1AE-01,-10.400028864051713,60.329306213817055,-49.328202971494036,40.22109534181556,-47.819397703388,-27.916702903254382
TCGA-GV-A3JW-01,94.99756610422432,-12.179953159201247,-43.011300097968956,39.350026564587,-6.1398667526800645,12.472386054254414
TCGA-FD-A3SM-01,-11.799778220713632,-10.31939790101016,-0.5582867360299106,34.73364875837327,7.620876660640162,17.782692923212313
TCGA-GU-AATQ-01,-16.04080739508215,51.69841190500184,-7.093840880610999,12.726833789022596,-52.051563630925045,9.66175110149988
TCGA-CF-A47S-01,104.0530873485516,4.876079519987383,69.80138937205857,-32.471296632779534,-15.099386041882997,-25.485194858986954
TCGA-XF-A8HB-01,52.16042260212023,73.00509974244093,12.190165939466217,-22.58520279954032,-13.593535387123707,3.3699795622029365
TCGA-XF-AAMQ-01,17.24815473370427,14.907644824432497,34.28616660041998,34.94930888997276,4.609717832542012,-41.00082053971913
TCGA-DK-A1A7-01,42.08345576556756,-45.611526618058434,-18.802836138000046,1.7936129456432344,-25.50460506467366,22.60500989503152
TCGA-DK-AA77-01,62.761039377244856,35.514484628060714,25.916300203024097,18.103915724254442,3.57903879144273,-33.17589936055248
TCGA-E7-A6MD-01,-9.98836057826813,-47.23693946164379,15.570377381817117,32.87657023754894,-24.688380609443115,-10.191436121293531
TCGA-FD-A3SR-01,-29.48507630110488,-69.23720636061964,-31.228148069493496,42.738656163143396,50.32563219837197,-10.462334196061008
TCGA-BL-A0C8-01,53.77227219676309,-39.520415998987815,-39.28414723568115,25.695455157260444,45.993727817491774,-17.122624987908196
TCGA-ZF-A9RN-01,-25.552580786450914,47.46499441461535,-68.38528911704722,-39.89952444046176,-4.365609722314241,-57.76733135122467
TCGA-CF-A3MH-01,96.88297897136056,38.697117670606126,58.18704391752085,1.0140186048709396,-19.083046771871878,3.4289002426353057
TCGA-XF-A9SP-01,-43.75044830229242,-94.51896287845483,9.410278122893343,-5.159846512378487,-15.732502823444339,35.81576335651443
TCGA-G2-AA3F-01,87.46970962954883,-10.102484633323693,-29.623379998975775,5.262259727701693,59.366666563744694,4.767133341541219
TCGA-4Z-AA7W-01,-66.85608026694518,34.263360065888534,54.46787775367349,-82.81642375102199,20.645870870301334,14.288875257227692
TCGA-GC-A6I1-01,-100.67030138576906,73.84095025259492,29.81034340698118,-54.20156208497793,5.528007213785049,-13.609647903024007
TCGA-GV-A3JZ-01,7.607738896672975,-46.11643821539687,-74.90151192465093,0.7139137703868895,23.758923460305688,-2.8423399508537384
TCGA-DK-A1AA-01,64.63439881497975,35.06025394988377,46.89858018463536,42.25235025337796,-19.23513086364766,-35.75687972395842
TCGA-E7-A541-01,21.266582482912213,-1.68606480453781,23.7868051382641,-16.68512654324778,20.981318656917182,-25.353339383039298
TCGA-DK-A6AV-01,42.939392522180526,9.455130159544725,19.698355099975302,-6.223131754517927,26.899678795458755,7.040033007882999
TCGA-E7-A5KF-01,135.3742858975649,42.56203745050975,12.85453389253404,20.01099287973742,-15.376902555026506,-49.0979158190854
TCGA-GD-A2C5-01,31.876664062759797,-43.38218971503348,7.803661587641103,20.50490136483079,13.680150843139058,16.869956390120965
TCGA-YF-AA3L-01,83.81172557188508,-12.979781716920503,46.36191206465006,-64.8296223714921,-28.458746021335916,4.035229127818272
TCGA-DK-AA74-01,-113.85443394991299,-30.902903780677384,57.41346705992598,-56.73691339592481,-30.17284823906497,27.719581284547022
TCGA-FD-A3N6-01,-57.78496466977179,136.73705431634428,-12.860503304322041,39.789160314262865,-25.97998049601582,22.85429464269782
TCGA-DK-AA6R-01,-48.92710674496978,94.38890396581712,-2.213609040331829,27.978788355993,19.79205356088091,39.86101008491331
TCGA-4Z-AA89-01,111.94636564028612,51.47110767893797,39.23089643352753,9.586392055722369,-32.72665070320589,-37.64400608639534
TCGA-BT-A20X-01,-81.32460651445962,80.94911326083829,-19.728525701251378,32.17044154633053,-32.552853338013094,18.044625949831104
TCGA-DK-A1AB-01,-81.91883886229239,-1.7472115753482298,7.405356801955634,93.3694095865488,-41.12110640089425,13.834017519935022
TCGA-DK-A3IU-01,-116.08362943694628,-52.84378194385457,14.359663169887288,4.717470566530717,19.183544097684663,-11.10586842799187
TCGA-C4-A0F0-01,-102.02938613972346,104.0280031337418,-20.48511140919415,-34.98546668428969,9.20938569629292,-27.75880407749632
TCGA-GC-A6I3-01,11.073801158570555,-47.3638758795783,14.554206075979506,-90.4133558899561,-12.958276113552486,23.26756552083464
TCGA-XF-A9SV-01,30.41927483091602,-29.417787801632617,21.04018177960814,11.81771307622314,22.870890547901624,30.11992196604801
TCGA-FD-A62N-01,-130.36448195956834,-21.37581873878889,36.912895367504525,-55.49681206522682,7.719315609842877,-27.033959368968944
TCGA-FD-A6TA-01,-4.912256378642814,-55.49943885422136,37.73001876525556,34.45355721636903,20.48069060888803,10.718505135038171
TCGA-DK-A3WY-01,-114.29488138992066,-77.18478200534439,-20.486327823401542,-30.367012076282435,-20.591690787435347,-72.69327466735083
TCGA-XF-AAMR-01,-38.64602245436147,-82.12574738401548,14.062430290128795,66.45511571810775,-40.19219020058452,-8.142383143757254
TCGA-FD-A6TF-01,-69.19546063173401,-53.42970052747949,-5.858512060707077,-14.631457930222686,4.115131437796441,37.009871481384515
TCGA-CF-A3MF-01,121.7098746458323,-13.165742296955807,52.802884739652015,-39.748491260583414,-13.811808137175495,1.6519214928756147
TCGA-5N-A9KI-01,-22.540079566013418,-52.250287087463896,11.302175513324746,0.33150381572625875,27.631745761823886,10.701785137699387
TCGA-ZF-AA4X-01,98.42228250172872,6.405582592655296,-19.255459253885206,21.94384361336689,37.421280604950795,-24.053328990040146
TCGA-E5-A4TZ-01,25.786977582372753,79.39577922302708,-41.10799736281524,47.87588313698604,8.187694887269677,40.74160224476457
TCGA-BL-A13J-01,0.8539076817805104,2.075505671031331,-2.330047636743759,47.58280062646634,20.445787908167713,47.781586605418454
TCGA-DK-A1A6-01,27.414096360236094,33.91107186756677,3.834632898436324,-17.606212477469228,81.75610760742572,-20.404763882337598
TCGA-ZF-A9R0-01,49.23565011728399,-54.58190052301488,33.30604262506547,-2.10912326433917,10.841266635878396,25.79527629718459
TCGA-ZF-AA51-01,1.5117687996922389,-43.980355530138304,10.0717680751232,-18.374173705497714,22.811649301564096,1.728589844426964
TCGA-G2-A2ES-01,-62.51686917901002,96.2643777371578,30.288899757402437,28.626129882589616,8.83144849936964,8.87068293431538
TCGA-CU-A0YO-01,-1.6726291879317334,-33.221480783765685,46.28517661586764,78.01833323438636,-4.620592876159404,-21.22917889577457
TCGA-GC-A3OO-01,-17.14451083699953,-39.27513135250241,29.928880055364477,50.747681852864304,7.145209135479499,-7.1774735944746055
TCGA-DK-A6B6-01,81.09283009249424,1.2303779863637745,7.952764380235031,3.0120544191112777,38.76736921988973,-70.16932114974699
TCGA-BT-A20T-01,-0.08805101997585492,-7.725128879005709,36.86431740859704,28.625771032154802,-19.18802959211618,22.032491288557967
TCGA-K4-A6FZ-01,-13.111936230713729,42.84161519146789,42.00507366932855,46.45564459833679,8.661144047446435,-17.096423039324634
TCGA-G2-A2EJ-01,-52.89756565865045,149.02380524938147,0.828235137074088,23.035632695408264,22.732833985535056,11.504137946121734
TCGA-DK-A2I6-01,-19.808971536704888,67.82640365061798,-22.810691105846804,-44.60840594240534,22.783586821068855,32.781336286826274
TCGA-XF-A8HE-01,-66.85453917558964,67.73708275203643,-5.3100622564073525,35.89093769690873,-13.817584026004461,-9.835414684671038
TCGA-XF-A9SI-01,-94.47617472182041,-85.43939120080032,-21.624250325670904,-4.496824621506932,-33.40507669917576,-47.821970719326444
TCGA-XF-A9T5-01,-70.79972839575943,9.164162853233544,-4.917580620039138,-33.34009713048036,-23.54296331402621,-24.95615819981003
TCGA-XF-AAN7-01,-56.28655676299079,-23.62882416006008,-110.2416519461356,-32.25550201138924,-30.076246557707826,-62.50732101995301
TCGA-DK-A2I1-01,-6.4069175213883165,-80.5077946101308,23.279928247042445,-15.660135815017812,20.56739993300975,26.630485752499567
TCGA-BT-A0YX-01,-44.70058155272371,73.75561087395059,10.652363066929464,58.14866397478426,-11.22663166508262,-6.631927768462852
TCGA-DK-A1AF-01,-69.17055260763543,-58.265461438549394,36.3365504858131,66.63492237757238,4.3868529148286175,-11.719452099949537
TCGA-XF-A9SX-01,-90.00800598774299,-33.83359237935726,15.482396145902186,-76.02704903586883,8.809032003534002,-4.844325573606029
TCGA-UY-A9PF-01,44.17818517240426,-44.55380309909775,29.119322597441826,29.28533052545136,37.62970422997405,-11.368366924846663
TCGA-K4-A3WV-01,1.1778163282415177,20.949297229293304,-76.49569942880095,26.823733206332655,-53.9056094704397,40.662548152951985
TCGA-E7-A8O7-01,71.63630470642946,-2.8177070527025667,47.897543422188775,36.308095729058785,8.67307846936684,-60.59671240383623
TCGA-FD-A5BY-01,-37.40149899818849,36.391497534685435,30.019302454196254,20.917973335974935,-9.620612315966019,29.653465329597662
TCGA-BT-A20V-01,-5.752138561087269,44.91656171022224,-33.565016045585395,1.5174029759940324,-7.246140222913833,-2.376865419935626
TCGA-ZF-AA4U-01,94.09510282186227,75.6866593030552,17.60199556885562,-5.956014614086091,-43.59870945503434,-14.249677008652936
TCGA-PQ-A6FI-01,-64.09798426632443,118.40734435829037,-21.169440113511136,-12.09269600324598,-15.743229768062186,14.563499573598598
TCGA-FJ-A3Z7-01,10.151818507709958,-74.99595753179177,-47.40672024677799,-24.424633536984306,9.066980499418202,-14.816719832233831
TCGA-DK-A3IM-01,-34.711585689137685,117.64704371951824,-57.762494820235965,25.843262119015574,-18.703460348600103,40.374838537632094
TCGA-ZF-AA4T-01,76.60357495494473,21.32690423477587,-52.776551573726884,-18.677920468459508,60.04147929382555,-5.491143434576921
TCGA-G2-A2EL-01,3.6232918334500126,15.997916474492767,-180.2443988727578,8.872170589944352,-61.995076449168096,-18.279373144533626
TCGA-FD-A5BS-01,-122.95895583914098,-76.34908616843971,16.6793893179025,-58.948440022053866,-18.107920584863862,-37.327498295573925
TCGA-FD-A6TC-01,-8.930150152234635,-27.574675548130507,3.849162198058753,13.031898690867694,17.32471606961734,50.642257508623715
TCGA-DK-A3X2-01,37.09617897757237,74.61213864367707,-63.0092990338029,16.01889835815059,-10.153816189893229,21.05594519742984
TCGA-UY-A78N-01,45.17971907051478,-28.567188167151667,-51.576155044425285,-10.37903583160331,-29.093644107564504,24.786665948223604
TCGA-FD-A3SS-01,-5.221857104751581,13.034943606395782,-27.11999888204851,4.065395391743677,39.075133790626374,61.43156452295849
TCGA-4Z-AA7R-01,40.69310885184859,-15.59912975477579,-91.73935463908667,-13.857491832509794,8.82017078633391,2.7231021748542177
TCGA-DK-A1A3-01,-19.20245285532879,-56.46334928701858,-10.8054666011956,32.59447693551597,55.744974162329015,-4.167452198315716
TCGA-E7-A85H-01,34.37790776550831,-31.342466019621927,-31.50171899669222,-20.842708742842827,22.591333999366988,8.104416706815202
TCGA-DK-AA6X-01,-1.809344466130364,-34.294466081801566,5.969098954868582,45.18232026205476,-15.615426409781099,-33.3488834726175
TCGA-CF-A27C-01,126.2686892563387,45.81095776200686,27.90421883259389,19.182202563757723,-16.725432695647275,-38.767525774191775
TCGA-KQ-A41N-01,72.25220630449736,-19.527473989287053,0.9929971563998763,-45.71272673881024,-14.009064993757304,45.83729172681546
TCGA-XF-A9SK-01,-28.400538188354375,-49.30560577627562,39.05354484070669,-4.416247482794134,-12.574869155082443,34.23027208400148
TCGA-ZF-A9R4-01,89.07059097308093,19.249682630083615,-17.616639720556996,-2.5295109601255756,44.74939494401768,-54.830667912926245
TCGA-FJ-A3ZE-01,86.62686582794171,37.655953142962545,-34.11535672004514,15.454380362429344,-21.715610080734585,20.109271435350454
TCGA-GD-A76B-01,28.795298623384493,-53.05941363944231,9.511559053824424,1.2069945361042187,21.26743875843824,-28.636527922158297
TCGA-G2-A3IE-01,99.62500229120471,-11.081076869946001,17.94207774339483,-2.299636442336905,11.801786402863684,-9.638312264077538
TCGA-BT-A20Q-01,-14.787444205511715,-27.6926915321267,39.47670227956574,42.94710784851249,-2.4962680761935174,-19.289802263299936
TCGA-XF-A9SM-01,-104.29476283264208,26.34293937457598,8.593397279464803,-24.21483404093167,24.63940014920807,-17.04491674465189
TCGA-FD-A5BX-01,-91.70036096947842,-35.179531874010216,12.330906662426017,-73.82750269075116,-49.66237416421911,-27.033424310320733
TCGA-DK-A2I4-01,-96.1526614849992,-38.0825239434827,13.131347296364419,6.779609701179389,39.0050616706496,-47.994443029411045
TCGA-FD-A3B3-01,-128.78816645756058,23.331716674107174,-2.9541041096029703,35.73263433874664,-0.8023288986203108,5.599107974091477
TCGA-H4-A2HQ-01,47.49055515752057,28.98825600261677,-41.63226645793937,25.47785547594039,-32.66994292031489,-6.5876701996855695
TCGA-4Z-AA7Y-01,87.32222759049743,55.4445497322001,28.499398575574293,36.96144297554542,6.6917322328540045,-27.45206127494944
TCGA-FD-A5BV-01,50.10094737039075,-2.1513515232010785,-3.6814123849207756,-3.1932737598361345,5.966426418601871,8.744876049690255
TCGA-ZF-A9R3-01,65.97482564637491,-13.066602211768188,27.68116338052447,35.070086237374234,17.042252587856925,-36.74819246143589
TCGA-UY-A78M-01,25.910828028916026,1.413600243022324,15.039921561398883,-50.95095747141222,0.7358050317423743,82.41685599937522
TCGA-BT-A20J-01,-58.34454494207925,-12.670083971985449,-37.41726273284919,4.99592724346352,4.995191704367417,-47.976893218685625
TCGA-GD-A6C6-01,57.574746385874256,13.168597991128836,13.21945641364972,-138.46952321857518,-34.07814115984584,39.4587886943884
TCGA-XF-AAN2-01,-24.018593689902723,70.88359055664262,8.106917594074964,7.061050309382702,51.730064715206716,-7.013428436028683
TCGA-4Z-AA7O-01,34.152007184714755,21.21941725349015,40.161184829137156,26.680138896373613,3.04815044859623,-15.872404791979628
TCGA-DK-AA6L-01,10.444870631338432,33.33833825351293,26.97582202153794,-10.213560612365734,8.487904654106869,15.119256030063763
TCGA-XF-AAN1-01,85.58989124472784,5.538568692344803,16.116071547942866,-13.91990234276071,-22.165783976269065,-15.697765638329818
TCGA-BT-A42C-01,71.5747944368455,16.149444127323964,-4.084498967391703,19.7591644328559,-4.070799457481881,4.944406984923618
TCGA-ZF-AA54-01,-111.11478654641667,-1.6225181275013785,-54.727518874917315,-45.53173936805181,-8.040992748528891,-79.44084001276495
TCGA-K4-A3WU-01,-28.529699092877596,-111.3933788437273,-1.2172454512281858,53.25360501341625,-10.026891257533062,8.07186604041119
TCGA-ZF-AA58-01,-121.46714446838506,5.63125136657541,1.3167171126820854,-58.53806659352571,11.613637081936716,-41.4494929911506
TCGA-ZF-AA4N-01,-83.46903955386574,69.8801920700557,-27.882053932892948,-3.211538725100032,-45.55274584164275,-26.04260241752969
TCGA-BL-A5ZZ-01,-106.91347823612442,-30.848567299304104,-31.82356843707655,6.927938201733052,-29.872725411396345,15.101316498448918
TCGA-CF-A7I0-01,62.15022241344685,-58.48674562787549,40.387457339037255,10.551381262324824,-21.642571042410776,-6.535162749232431
TCGA-DK-A3IN-01,-57.15342669671787,-7.203623581910591,-18.165340193692973,13.666938473788104,39.233794968681046,22.956557911610226
TCGA-DK-A6B0-01,99.07213979810562,20.083753466048574,42.15512361936666,-29.57958622431188,-50.06807470086684,-33.002632974059956
TCGA-XF-AAN0-01,-13.097899172640787,-24.50299188630791,7.9372500965456885,39.081897491223216,11.85818127147813,-19.108698809338946
TCGA-E7-A4XJ-01,92.1377543686324,8.277439882937399,33.08803310579725,-31.752117076635987,7.887217069059987,35.66244328444926
TCGA-G2-AA3C-01,-90.45908893945277,31.585281301711714,-24.47496196840922,-131.84020744239552,-21.462242046875662,-55.60480799972579
TCGA-HQ-A2OE-01,67.39723818438867,21.796928153376978,-40.34007896496027,25.419871231341894,37.43718462303794,-13.360255378887702
TCGA-5N-A9KM-01,19.476961670323863,-26.316759436127274,44.21242009891624,-5.3589566437520055,21.479299571988427,-10.602248058628334
TCGA-FD-A6TK-01,-104.80477341263935,-13.469094759630586,12.743978638244457,-8.789669110252454,20.35013090177994,12.798847556838886
TCGA-UY-A8OB-01,-41.76294131313423,116.59256853863475,21.66838615420837,-59.41582428691207,52.111994136640384,18.62125647687557
TCGA-DK-A3IQ-01,-67.03846741379006,-81.8887708936938,10.647414502557712,49.98369753597561,-30.644745149377577,39.78309734337696
TCGA-FD-A6TG-01,-18.674203900993664,-72.8228435669823,9.73282045522041,39.44665650801039,-0.35165617178300407,31.42864886021534
TCGA-KQ-A41S-01,-5.376891071720534,-56.16933065667692,3.639960389326095,33.067176214174204,12.777649115593052,-4.808907433868365
TCGA-LC-A66R-01,-80.95432872672426,45.079924276466635,14.759925756819209,-0.42208220584770095,37.89280133131384,-5.511806656173588
TCGA-BL-A13I-01,-103.77806229099542,-5.8072930566364365,-38.37575846679356,-62.72843325866913,-22.505498866825413,-84.46155801680557
TCGA-FD-A3SO-01,-82.78012144468666,57.90341800697294,8.07510629444911,15.700612980190286,43.868674156079145,1.9298489901050944
TCGA-BT-A2LD-01,-40.833501783844994,-0.2957877427249841,-22.870508083287017,-37.50690158542526,39.72108091092778,43.55533725043381
