,PC1,PC2,PC3,PC4,PC5,PC6,PC7,PC8,PC9,PC10,PC11,PC12,PC13,PC14,PC15,PC16,PC17,PC18,PC19,PC20
ACH-000570,-4.537322798605206,-1.5270203106329059,0.07489606631623362,1.4475232238301123,-0.5474264962449663,0.18113193907892727,2.1002120607473707,2.564401869621263,3.885435697892652,4.1856684039811,-0.9855992313491415,-4.756554977785127,-3.4166257908117794,-0.39380847533733526,2.9814397784328768,2.487634429521922,0.7144398033293523,-3.9356237984182068,-1.920353931998585,-4.54580767001058
ACH-000075,0.8204529461520451,0.2605071951550934,-7.656024548013364,-1.0587062999799748,-2.3001938598322536,1.0545404454083185,-0.7441601304369272,-0.8827329947903914,2.300749849837074,5.351670497664174,-5.136444592516208,-2.3485764547289056,-3.020927851330907,-0.8522274993334646,2.895193296301112,-0.5748391308105759,0.7482347450319176,1.8374150380185053,-1.7478014034372182,3.2980343380560404
ACH-000376,-3.5747322516958007,-0.5083620554064024,-4.712366831810741,-1.4628383184590765,-4.047255053476163,-2.161704451804448,-0.8786222712512362,-0.4812776234054253,-3.034920297636538,-1.2971844253593368,0.5040409022105085,-1.2478183472542748,-4.392976530703633,2.7026764064651374,0.328252502651489,-0.9389066952495849,-1.8717845261458006,0.18168615579169436,-1.3315499214727053,-0.07378300445500731
ACH-000269,-7.182126014208593,1.2651323774998788,-2.8517312984455114,-2.233814638823436,-5.592763812861307,-3.8248530078579357,-4.802494313994209,0.20167591616925173,1.731967515541581,-5.901432915131892,-2.9033939790219025,-0.6683496127403074,6.3698655731660985,0.5679465428762066,0.4556189610900296,1.6755554446501073,-0.736733302057889,3.493165210450209,-2.1994306304957,3.5221141983643074
ACH-001611,4.553709092182298,-0.6627368768638009,6.4002486507266285,0.6391336133848082,-2.186948078332618,3.180405622329278,1.4864407034934655,-2.4541257004673898,-3.0082944120842634,2.3603069500424274,-0.20164655712822188,-0.028542744842212028,3.5354695188707956,0.11830522692244398,-3.805748840120066,1.0790994677794994,0.7620358822018461,0.9822523573975662,-1.7067689638288932,1.5738921135566104
ACH-000098,-6.350666957847638,0.4304109111368647,-7.70567541503379,-0.37760641579476645,-1.280381997507745,-3.2235709309320364,-1.6612038061854466,2.046738503395774,2.5816181477633626,-0.020896162136485288,-1.912592248409724,0.8840208358269886,-2.3211291683625146,-0.570138980633899,-0.8817128487089054,-2.8522301300329156,-1.3542947007527883,-2.3145899377646724,-2.2125064731441473,2.0871818845830683
ACH-000887,-7.021123643838293,0.2536292764953923,-6.170805730379284,-5.561849790860758,-0.6348091377486735,-9.077421985514007,-3.738208212582589,0.43238958568718844,6.923819359636973,-4.061929196880632,-1.119856947146277,1.4626810116962479,1.5982616928809474,-2.5823103751103766,-2.4467102481993286,-3.277291921245592,-2.3746466275818663,0.016386160781113924,4.857872743696468,2.5067956383492964
ACH-000368,8.858985506500758,-0.7255040749563295,1.0899475008601127,2.632789354070567,-1.9954459526297328,0.6313994312795445,-0.9403410494784852,-0.13365590452010112,0.09857329838998909,-0.38936237610125535,-1.556863846463069,2.231705887968781,1.5430628362760705,0.9524744426225773,3.4623158642174894,-0.60989605525949,-0.44606593405744177,-1.2657994290931451,-2.525396919215056,-1.789561026133615
ACH-000760,-8.293546065180044,2.3298200851609523,1.6210241756929487,-3.2370225548443146,5.930977808787328,1.6813264661691385,0.35118595617926796,7.098018984376149,1.5658754922521874,-2.1106904738303993,0.039136427434202314,2.8146381515952394,-4.135879446766921,7.468587159753522,4.176940911462786,-4.423568726200862,1.197854253668986,4.753466967532036,-1.3904969511226988,0.00171378272954597
ACH-001610,6.762408790955741,2.976360360776297,7.5892772884014175,-2.22984049319518,1.811660818490792,0.638443213837349,2.6707178372556437,2.2925335838724528,0.1981562067386213,1.04418300258691,0.0787619713552786,-0.8894878961738447,4.370192246949221,-3.7065904518752846,1.8951550559748538,-1.0381129821574937,2.674918961069303,-4.227673243006264,4.257141356808165,-0.34521477208858026
ACH-002680,10.812561665597215,-2.6869264162952784,3.147030260849536,-3.243018535419243,3.305484687607084,2.800589177361558,5.585436107893093,1.4533349232235375,-1.1392546401840442,2.3367275548444266,-0.885573297732149,-6.277356924912714,-0.889542550584688,1.306917616531983,0.4703285811576076,1.3929292549319974,-2.7892738758987363,2.557216066099154,0.9236848845369119,2.7013053994053355
ACH-000231,5.776918959270755,-1.906420924200144,1.6306626967734301,1.0956695212690226,1.853736754271672,0.962233674342236,-3.1657125182345105,-0.3049397780807023,-0.8011046399259202,-0.5720326079034515,-0.0181585338734537,3.520152906659298,-0.02187314177166662,0.8432763481021324,-1.8811822825559819,-2.378824557519533,-0.04780285095912928,-2.347001985970761,0.6502217561919555,-1.9603829579040515
ACH-003438,2.7103534654237604,-0.47634882071073925,-9.631045142977028,1.007243128213691,0.6713628711322135,2.9514184812531954,1.823984134402161,6.415576636494157,-0.3330345301040963,-3.496518186676221,1.4216056864325712,1.3132547055633357,-0.49063999574143563,-1.4386157595859248,3.7687639118529828,0.7241279647083261,-2.954822146132042,-2.078561262898239,0.5539104165600891,2.350723489408635
ACH-000738,-9.924262696657966,0.2616145072422749,-1.4693943572334751,-0.800924773585772,-2.319844341497046,-3.956859806325895,-0.9113904577300447,4.780831546563801,-3.7754766104207573,-2.3243177443922587,0.2218767560040514,0.2136729099584466,-0.6878525841585295,4.721687435684029,-3.2508537468705443,-1.7374246626483278,3.480423346588523,1.4962959842136083,-1.4024464005180455,-1.2190901252822468
ACH-002681,7.183486431360914,-0.16914878018379273,-1.7338161623329196,-4.448716618167363,-0.2645811053456144,1.7498235418775874,1.0613297644949224,-3.5468459100091576,0.22285823454548406,4.289890420659937,-4.917927271028865,1.8580859182804472,4.487699853641474,-1.153612178960904,5.214165336998726,-1.8296957038082082,-1.5578846269762971,-0.14949727603562207,2.9000553352500873,-1.0441951922893766
ACH-000819,-2.3869945383093123,1.555082075459186,-2.528008034070966,-2.444348936862667,-0.6618072601800219,-4.723593243863317,1.629585634628069,2.007880108181154,0.07283841327124874,-2.668704103812763,2.3645143401963082,-1.9552989659307762,-0.09728935142750123,1.137686719839,0.06884055932344116,-2.337723039229195,0.24246521037665908,-1.5376275948366527,2.355047712367113,1.3210405542632906
ACH-000571,0.6953015781680238,-0.24585573129606159,-2.7618090243122038,0.33885848350283776,-1.3624317351154025,-1.0113620472727474,4.225616747169693,-1.477874676508436,-1.3666347880490155,3.0529931041713376,6.305696944198576,0.7588975777938535,-4.910575981197124,-1.894593097466351,1.307935582278954,-2.326301128753491,0.9986737441606954,-0.9682538986627582,3.1047177092589506,-1.4129164520022226
ACH-000102,2.7007622916021212,-2.197924857880374,-2.4921161738313877,3.1559097712799224,1.1638858998826291,3.7196800472047555,-4.001664966355793,-0.8072681847049867,0.42763419854969836,0.9571308803881666,0.3943783292166455,1.9089346286928695,-2.7917828461245007,1.7162158736145965,-3.2922261225888088,-0.16059720464852792,-1.697428544038757,2.032913807760034,4.852789527789029,-2.0210472155555554
ACH-000634,-1.104466747339685,-1.0955393551374735,2.9082016847547587,1.8427241514164283,-2.113201334948115,-2.326437052513145,1.5157676240519051,-3.263268106427948,-0.26895500824287116,3.9530072989033047,1.8758542879614277,1.0081603033287818,-0.998764743161166,0.16184465868903403,-0.5702643658518576,-2.3747267772867633,0.7208905638151814,-0.9193189329095769,-4.921485939679671,1.5892140414566893
ACH-000137,-0.6134469123292371,-0.6834052734680921,-2.6207250188954836,-3.0770525683170087,3.206509412258366,0.969558022403756,-2.8356911203012443,2.190898433496028,5.664492207687943,1.4600517581566237,-0.34811637588287186,-0.5700393268304642,1.9961767986670933,0.9670764402094444,2.1941977133752206,1.5122562730235622,-1.9015806373853281,2.798205767339663,4.153621220652139,-0.10561742804303831
ACH-000445,3.6252591694867005,-0.882042311395092,-0.6742825342913001,3.5579209649727894,-3.450922881275475,0.6527347913624979,-2.062695395539734,-3.404642358440212,1.6738937404264886,5.488668878326059,0.4674633200694929,1.1490718575422505,-0.00320876298444957,1.4582769153947306,-3.4523635132699226,-1.7172255704415473,-1.246657046138097,0.08557841614495591,0.1773838213625799,1.516282127303036
ACH-001609,7.861442903455038,1.5981872131594699,-0.4181028997684748,-1.9903797258644007,-2.116529818750867,2.983729276642884,3.4356220716990404,0.2655060092756245,-1.9006576987556383,5.856720844744708,-1.8710597821452413,0.3065641147030398,0.4600360324922308,-1.0509346033727338,-0.5530472863086914,-2.070351173576403,1.7494672960228976,0.20163884586402478,2.0077864298178176,-0.44541550583257483
ACH-001329,2.8042016478943386,-2.470152418470403,2.6216869218955665,1.2858039550879594,0.7797755038882879,4.356818917132168,0.24224386536536424,1.183695652114138,-2.788289555507603,1.4211922501628567,-4.251395187978041,0.1936184725529182,-1.244130476061729,-1.278638155163617,1.0333876886720976,1.938770666399567,-0.549496872451583,0.26813071488190426,0.5539616662070667,1.972113580198571
ACH-000027,-6.4758484479454745,-3.4301149909653477,0.27163132722422495,5.333560459642136,6.753027081925906,3.1143729201197816,0.7714340223584428,-3.395317146659955,1.9420721599987771,-2.45595393273524,4.824820951807879,0.7136132440434876,0.7970220169526181,1.3992815689775049,0.10203270824303734,1.8360505666882856,3.525298249549296,1.1438603668194995,-0.7022843826871851,1.9310166475704982
ACH-000370,-10.865441891979035,-3.875657490208251,1.1109955297548038,6.081892346370666,2.137951525548459,2.3482480029964146,1.0573966231506444,-0.5099198194917738,-1.7312228320271024,-3.0773212479796532,2.819941218678656,0.18047373235774364,-1.1155425730009119,-1.2527673437963447,-2.618078107569611,0.6811199504360916,1.0174437561771188,0.7051280882957798,0.012803771414425048,2.057924026336326
ACH-000289,-3.052329163958702,7.678467891476218,4.981343789489381,1.5131391960023608,8.347823918852542,-9.066458473913315,2.7809103777959403,-9.144279025438308,-2.761976592503661,0.15337163010505123,3.137064941267201,-2.5111712763107903,-4.227234565846951,-0.33491130628453175,0.47270924878241954,2.9333956278376587,0.5468070080581828,-3.9198307711456097,0.2951072226219699,3.726095217505098
ACH-000543,11.059990463510108,-1.264738855985596,1.2052890327246744,0.3407124316521111,0.42355106236267936,2.7908211877465927,0.6550271643638995,-3.4286048070655073,1.0211822127144807,2.5284192962920673,-2.450599162965324,1.1673065576151975,3.2745552056349907,-1.757159877881389,1.3892945033792166,-0.19280863130603657,-2.48718711495836,-1.3345916667213296,-0.9706170191459119,-2.150027497788182
ACH-001623,-1.8367138831388892,3.328558403580515,-0.827954257865707,3.999398656436764,-4.425397823688449,3.2954953622078142,0.8341375083396099,-2.2624192809967187,0.6515202924614871,1.645223425498239,0.6955560585623083,-1.0618688572186643,0.6322711511822942,-3.2255492346845838,1.8373974567716809,-2.2783941996422614,3.5109416002926066,2.2927996691441845,-2.383014008344481,0.12919812316125834
ACH-001624,-13.98456440702994,-2.4052188175823295,-2.6346433212364873,-8.19757533435416,-1.493204254652919,-2.418814620798577,-1.3104344096589942,3.246701761888766,-4.178343734265608,-0.5831660275603423,-0.5380857387029157,-2.492673357196281,0.5142119887268346,-1.5212752436346673,-1.8402573458164255,1.8721188058380498,2.184498018165586,0.5842575034977604,-5.333817146009949,-2.057625494801506
ACH-000244,10.695687428915877,-0.9428952156829518,8.723491728773492,-0.6893453519733889,2.616156999467388,2.684260791379065,1.2332474582854325,-0.11370610803518832,-2.800884453648526,-2.9708739625613103,-0.5990625190898882,-4.8865223040461485,1.223220841754314,-0.10597597940253382,-3.68247519860251,2.368462947679807,-0.8528693323927887,1.5980897782403758,-0.7414329115349392,3.8319960029356377
ACH-000215,3.218899565717102,0.7231561735320119,2.6342803195621403,-0.019493206655123094,1.424919254538687,0.018132918639914217,3.362438024922163,1.5421160776595464,-3.2245861896922032,-0.7103294278312383,3.2774565078078184,-0.12061177567887242,-3.363578715681788,0.2819269308633375,-2.1957738944712415,-4.052563400948968,-3.539691859780343,0.5134881959376468,-0.5773197284053667,-1.5913620197279605
ACH-001608,-5.802024667898843,-1.8886076734626172,-7.342490089303559,-4.522248772280337,-1.8074917353755653,1.450361799772231,3.855179677416089,-2.1107100300101074,4.985406689835486,2.1156106794215632,2.41559867542363,3.028495759340572,2.972397412906833,3.921481351434996,0.23025384780134112,0.5242390466824324,-3.7144418361736125,1.2615114897996027,-1.681128340043626,0.8304681704758942
ACH-000464,-0.4440821613250987,-1.0373904646318943,1.6545909045388831,-2.0758567447325906,-1.574331857101636,1.6619302672695837,0.4055900316008829,-0.1586181538732059,-1.7484309850919768,1.7843263264559721,-0.7453039812009178,-1.9160462888107141,-0.8590927659617198,0.39513197437863723,-0.8267221030421148,0.23789982891542766,-2.6146279058792032,3.6387636837235324,-1.8979628737324463,-1.408514416188534
ACH-000622,-18.20406478618812,-1.199902148675271,0.411592285238616,2.0233998635542405,4.712340156052804,3.7379071682071823,-1.9849785853684014,5.281049255783548,0.4668219570957347,-5.2325625181985425,0.5899785864116203,-2.4132234259625376,-0.16016193638651657,-1.337838240619996,-0.9461440916635633,2.2129537945371567,5.204576964654394,0.12552505627414776,1.7116490172997263,-3.3740019700419257
ACH-000558,-1.139270116176982,0.51962329361087,2.4408211967973843,-0.4626097229516552,-1.4146371620222415,-3.105695237158997,-0.8970952527466379,-3.428464960304421,-1.8905612536149434,0.578948327922471,4.384594689069189,-1.6247088723902205,-0.021516552847098507,-2.072259939409493,-2.841193537005955,-1.321317432092858,3.4795551020707243,-2.4589686015938605,-1.171120610554746,5.927402355725146
ACH-000631,-2.8355794401032335,4.547818091401534,1.860643130437928,-4.563189567987718,6.104009101738497,-2.1050979774110328,-1.8706834660517369,-3.867113123663207,1.2826773819761645,-1.3782712314064798,-6.3576815808747895,-0.16161423098765884,2.123858499845102,4.446316644473616,-5.932940741061039,5.150319710348565,2.7652759042989414,-2.2587496487160856,-1.5012480758420335,-3.8302040818913636
ACH-000479,-1.9066027214286936,-2.310537745770966,1.5390466818978632,7.419535839569965,2.6115393020445143,4.823337869996189,-3.7097191089959014,-3.187809216471155,-3.6271096987462816,-8.752852707648039,1.6114119572086316,4.357350862873374,-1.9964861014333852,-3.64859801933228,0.6489753264192456,0.9746568503488148,0.298474461831736,1.5929162920885074,0.6660632547997131,1.0547707542859175
ACH-000863,-3.1997063658852216,-2.271086567742427,-3.739524433145266,0.4607464709466164,-1.8178751384374852,-2.434727831775453,-2.8259720933691166,-0.8484259988507395,-4.103371341369339,-3.423578907593098,-3.051201314398774,2.492956168220687,-0.16605818678593937,0.32314127404074316,3.892580012631451,0.5474710748072642,0.687201197414385,1.5605757470267623,0.9070655093181333,-0.47141276758333084
ACH-000283,-1.1480214048673154,0.1255187562804471,-0.7958559974999009,2.5510695200686624,-7.927410730643025,-2.206455765876481,-6.302629054384442,-0.6932331899207252,1.0412160384739153,-1.72396146649337,1.1598196402185665,-1.2023123927140968,5.331793514363312,-2.1369407591877865,-2.3743254755637477,-0.8767392907406295,0.503224448692477,0.8537488826307664,-0.19524218264903248,-0.3661527683731882
ACH-000623,2.3557685876702568,-0.994549080942863,4.631620541016306,3.702199832530439,1.4831544229774323,3.6243136902794366,2.6199419618457096,-1.9153162897698932,-4.993135717443384,0.35312027894955095,0.5142112506159431,-0.43501037549495825,1.898514264497001,0.06747528589752888,0.0467935954547045,-0.7699561397350103,-0.22725303864091662,-0.9036281566967262,-2.4191859706962386,-1.116906289545511
ACH-000609,3.956688767050818,-0.5673964983825059,-1.3618302273165477,3.3827555780793683,-2.6490364637514765,-1.048567522751917,0.6171583957769344,0.9534588847454126,0.5687434277072215,-0.9734633581533054,2.6783980364336952,1.5246063997922203,2.4257408594601326,0.4748471609446427,-2.13823116101457,-3.9550256055911555,-3.3433225747426825,-0.4988091159878487,1.066788561705607,-2.716135066623677
ACH-000504,7.4650902463533395,2.4582070700394847,0.7183554189419038,4.3288132409929005,7.443367840116406,-3.898311071734504,-0.01739113769521694,-1.8591428973080568,-0.9673099096675283,1.3666485673394362,0.8197955779273994,2.4366876376305657,0.5331624809099219,2.01111495719623,2.1303128321166405,3.223301944987657,-1.3585308860736407,0.09911322500453972,0.9559897410928468,-1.2672131339098536
ACH-001605,2.824625342593857,-2.6121393450888677,2.519565264903862,0.32763135508718505,0.7248142740104219,4.125499032600234,0.5133699309181807,-5.033599170409872,-0.24882719509588752,1.7099835175021598,-1.4814456021712712,6.0458999966729134,-1.4178157234382367,1.565718635210142,0.44561897504048054,0.2298539257939427,0.8448300425737726,1.6539038099492736,-1.6523933369578439,-1.6506822566518367
ACH-000152,5.134277135969742,1.9471596227088084,3.971996730961059,-0.21799039313719498,-0.37007305083624287,1.481190623541512,1.434336205967762,-0.5509212258471539,2.420791310993625,1.2704431689125366,-0.9645591956413226,3.5241858764942706,0.5166508433974755,3.172687943379445,-4.35806545206383,-2.4194758381644155,3.306422293430284,-6.048940064228303,1.4223041300111199,-0.6361983650678249
ACH-000328,-2.4697690506954606,0.6000679563656135,-0.9164175825815581,0.7087132854501113,-1.9137417551295626,2.1034953653522,-1.4852381356432014,-3.0287682240180285,-2.074916185523955,0.5961827439494475,2.1273847801191343,2.3350727614919653,-1.3168630897197817,4.3894353132474855,1.3918871834467796,1.9803461882169051,-3.51303218589283,0.47557613963588236,3.129419737506891,2.5235562955991133
ACH-000595,-5.657867701461293,6.860469884722467,-2.106712652233881,-1.6979483338684342,6.518363110738279,-9.163145243873327,-1.0010751894321834,-2.0064028232921514,0.05849320475281803,-0.22855281786303328,-4.655764678663515,-0.05498816385539452,-3.605371328121977,2.383102268678448,-1.5438011811896326,-0.8133622966411634,1.3213219204750786,-2.4663605652537375,2.7561223846956517,-1.0747890316958788
ACH-000469,10.738410582057446,0.933519276276837,4.515927842129281,-1.064784982940553,2.456826968998328,0.8921004793137084,-0.385468828795652,3.410165575911991,2.5266930878965868,0.004061879317955061,-0.9135160477997584,-2.5329423333165533,0.9418560223076017,-1.9862518479258462,3.16437521885428,3.0317160686483398,1.458856495907861,-0.9414809958111268,0.882214873214138,-2.4028839950913397
ACH-002409,0.8364990228562685,-0.9683580304651858,-1.5209073123265908,-2.3394678756486016,1.7684861713169828,5.706075477621225,4.503952244960858,5.477029571550981,6.461887340373115,1.8059993536050414,-1.6846610779379254,-5.369743837482971,-4.933140211622584,-6.0912819531485844,-4.161629564252738,2.5504816514677513,-5.39266485055856,0.5975718703541094,-1.0080598357801085,1.1410042813589032
ACH-001622,4.3104189129017,-0.7310296334723747,-0.17470510390648875,-3.3775732079429694,-3.5880282766115097,-1.5080971873389102,-1.1492162698008053,1.3753040900156432,-0.2664318633091713,0.25480418482024203,6.121896757489548,-0.9319112396192688,1.5222512126516992,-1.963156255025804,-0.5378866441865954,4.1664689535866275,-4.989644460604351,1.9693618510469326,-1.8089891326707137,-1.6263164152743608
ACH-000455,-5.916411587368199,-0.012157263762114958,-1.3011023775541373,-6.5784154514278725,4.885674906276485,-2.347708258694761,-2.3072550785735424,2.0011838350455533,6.650853323516604,-3.276353474290133,0.8667226515639956,3.0417209053601817,0.5161945402112011,-3.6272885126410985,-0.04554448817924294,-3.3697471131435828,1.3583523593010096,-0.7866585902022457,0.5491435231604117,-1.7480111339839572
ACH-000036,5.690343019840597,0.49328046665585706,-0.29953473164917427,3.3134033628120467,-7.1516736676583985,-1.0243538473770748,0.008824302596701816,0.1899517179718073,2.396605579261076,3.0445248123030066,1.9688447649627552,0.5005260551464383,-0.5817313594534954,-2.8194055877008277,2.4138656020733,-2.4166704474823577,3.740578569041706,2.6877093773931353,-1.8892518715565139,-2.1224707157102483
ACH-000673,-2.2408354053826027,1.3868539860422784,6.322928272466775,2.4508843020841655,-6.421480984520879,1.2537447596799935,2.626041728774,1.1284586261068013,-0.23129027250509726,2.592669465370196,-2.2000019784990332,-3.236716783197485,-0.07530913259153289,-0.7448441518546655,1.0991556242150655,2.7501549108673924,1.619546914306712,0.6055265038638284,0.7005183649681612,-0.3806523500986452
ACH-000200,-4.163761064703939,-1.8665147723621323,-5.879615960482077,4.354006010480526,-2.8345849842836293,-1.477946601011228,-5.596932176136056,5.407999323365578,-3.5552520100867584,-3.93533543600572,-4.917462256877079,-0.6826226325176512,-1.3358594672175692,-0.5995464612343406,4.37258965331816,3.989822381135502,0.17440109605064524,-1.9880433612735189,0.37902046376639414,-1.1831165195128852
ACH-000323,9.396927507533762,2.137084594852488,5.581854209646775,-1.2046942930936706,-2.9346478220250884,-1.4632572859380861,3.156054038041492,1.378872518553127,-3.04023400370282,-2.089231793148473,2.9458652481105085,-0.4824107266195291,4.905522336389892,1.2251847714289468,2.2439384973069654,1.0695468782744544,0.7241024028650522,-1.24549138265657,0.5308242619005192,0.5842673151780693
TCGA-27-1832-01,9.048434995188478,-2.6359854269618666,-4.947004293448243,2.1837940573749917,-4.504980996487814,2.4890913608664276,-3.4037230897414315,-0.5210343918216785,0.9750199595608874,-2.8003538253838007,2.8293808714486177,1.1739524575174758,-3.5631654913541024,-3.6015141005387146,1.2299865519556816,1.4426813843031634,0.547984052290375,2.433759962065638,0.9507168192417621,-0.4794973008994497
TCGA-27-1831-01,2.0307510227708487,-6.327583461619916,-2.1566114538033316,-7.79382420437997,5.100476877303548,2.5074387406129173,2.3086363719864726,-1.2951026012590097,-2.285189747804619,1.4941365783888567,-4.555760952004076,2.61744625541673,-0.9496464871298208,-1.5781926055203304,-2.765440605278277,0.13650307065374048,0.33739064156585863,-1.78321482174294,-0.1137612460517486,0.4146629305309207
TCGA-28-5216-01,7.466885710223557,10.09458954844302,-1.9658733810950342,3.6830692716668945,-0.4760135177732045,0.7591517579945246,3.698494716362056,0.4900566988581656,-0.45072641998113006,0.8662339350444185,-1.7460805000410118,-1.3504542327968623,-0.30712173895790973,0.5717007047453848,1.3258482040531112,-2.1464117033718026,0.7759044707556936,0.19005214394897332,0.08640557620450799,-1.4554543638109123
TCGA-16-0846-01,-11.088872633761898,6.3786933163758635,-4.235459133882605,2.1664708237478614,-1.7214613814397,-1.0281329301065933,-1.7082190198426668,1.245354160678986,-2.8865844954672064,4.406447993533323,2.693059618672908,-2.344808352751949,-2.5994887318955797,1.4961725046981542,0.4268885551761298,0.7937584097909097,2.3085055001583474,0.17810233541727089,0.8678942226555841,-2.451164639385893
TCGA-28-5218-01,29.45309022187487,4.474394120845066,13.20261039088209,-7.800617454444394,-3.2188182016870126,-2.461917842898392,-3.6515907090463293,1.4802113353505266,0.05582356291891364,-1.6717606068628896,2.7020854891345936,-1.1320276631419406,-0.2158362505349226,-0.5053055959762675,2.6085306892955566,-0.7362583088266369,1.0316558300624492,2.1683478218216563,4.297868799591571,1.8856061098243442
TCGA-06-0178-01,-4.361067535779587,12.708822356398121,-5.159005808276368,-8.087374091852237,2.821056983257472,2.5463188517442195,-0.8450140113188688,0.368273556895788,-2.109173333505261,0.6336021228467709,0.4617937388130756,3.049477864629124,0.15329931851540393,-1.8529031975289116,-0.742773871832061,-0.24115754804338532,1.176244554686288,1.2961664546945966,-0.8246262797459415,-2.276316486457221
TCGA-06-0238-01,-1.431750610031909,10.679978043583072,-4.20142146808148,-2.9336765060471266,2.545901384676692,0.7368608414237237,-1.3265734024022333,0.8594504926888696,-1.8712263330557746,1.0172934315983275,1.5765692751107567,2.6310397892830832,-1.0804853735080782,-0.1331599743074555,-0.5945980540159413,1.6641069238698702,0.3893179983742864,-1.2997799306836522,0.06187926553992293,0.5973134286240152
TCGA-06-0125-01,-0.5163483170723281,-5.3537713122334365,2.8532663356720773,4.7684552147565675,-0.035690572611210857,-0.5555964511001457,2.351423257490346,2.5174155583400943,0.5626312036776228,-2.0012014720118367,1.5244162221628723,1.2115951185889633,0.7772416256258466,2.8976999329349735,2.267629756790639,0.30744330416028576,-1.1373821159884798,0.25451582181960664,0.01650366748588455,-0.38082568237522735
TCGA-06-0219-01,-4.865795568204324,1.8085129327325946,-6.103818469906901,-5.041173188476862,0.979661736925018,-0.3821932674109134,2.5307462606885713,-0.5168150882297977,-2.666725732074359,2.5261154838851905,-2.507077248948002,2.65776736993027,1.0934767787225494,-1.589270541163623,0.06371255110967024,1.2846042533587188,1.0626445035332057,0.686137983467486,2.0327237115369052,2.0913490497003835
TCGA-06-0174-01,-3.7018703838825604,6.254187197327857,1.795251404194115,5.0918504465778724,-1.1844886080223676,-1.2705622736143518,3.2425485500268234,3.582130926757019,-1.694528007976326,-0.6339075469786449,-0.8498324754831035,1.1777860391719557,1.9753171894073143,-0.8552073724242875,-1.0806085394723037,1.6175501221325077,-0.08115234911045636,0.15453287307574123,0.9173574564564573,0.6354285242864504
TCGA-28-1747-01,-16.253075598456125,-1.3929912248132894,-3.913464020285057,-0.8739362924044819,1.5994369667737356,-1.3530485052794472,-3.367226157539683,1.2614057459519767,-2.8162949404610194,3.7876962763793265,1.0368795580878005,-2.1705135994456684,-0.219935172550322,1.3927049992511236,0.16813514392357898,1.5665422002038687,-0.700084633522314,0.8427441351575958,1.009320477495314,0.7462508005350703
TCGA-12-0616-01,-4.7448938425032985,7.80808299205776,-1.906647393719755,-1.2296202889157175,0.5709050215141853,1.121483498692251,-0.07691543053192211,0.8524127254298426,-3.1689229343005096,0.35890365873300606,0.375050002234799,1.1318980240087835,-2.284432017150509,-0.6419339639394097,0.12396052298674913,1.100522309115104,-2.108855228519033,-1.133020073628457,0.6422109704568968,-0.10655166067312188
TCGA-06-5415-01,-6.782599037630295,-1.924585112555992,6.129637233764991,1.5469536686249628,6.315569112592979,0.2526100712630648,-0.8751686006906285,0.6978371683388731,0.6341633307150828,1.455189191175415,-0.026605564669413523,0.22808094595324319,-0.9705040776779685,-0.13226115242732056,0.4773268613669505,0.5429519407385169,0.8854628270867302,0.8143445378447676,0.37764561974287575,-0.027033657980811584
TCGA-28-2499-01,-7.087626547887757,-10.259633878278956,-0.4746191942010538,-2.898029699121582,-1.7202158162736416,-0.005866955904976213,5.483436532048427,-4.234858392560749,0.7735592569185612,0.2654675303350182,2.143195024219786,-0.5038677907913012,2.5063424386507824,0.10820494611772355,1.5193489483387188,-1.795735545643132,1.7962600077349162,0.21396437865047427,0.8295058412177782,-0.36837658120124456
TCGA-06-5411-01,-0.8998061006027521,6.645356451567069,-1.8248354120964292,-0.6453866787803594,2.472333184073372,0.40206535287340006,-0.5516369578276347,-0.4835817046618995,1.3568276292355421,0.41978514205317036,0.6702074655367574,1.1005112434504682,0.6588272902180253,-0.4457111568985831,0.3675371286495794,-0.23731740657755912,-0.054805363337195594,0.5778870005674674,-1.6850886025199345,2.1276989519376044
TCGA-06-0211-01,0.23957179251129088,-6.208809396673032,3.7191869992462445,0.7038613118461043,-0.33264792480100736,-0.06795161263529997,0.9429965420055287,4.633370423604853,-1.5923615814489163,-0.4069195802692339,0.7427150843336826,-1.1909564762218339,1.3169982781350549,1.2829414602210907,-3.0259316426590956,-1.158025238344101,-1.065267298907424,-0.30720633639254397,-0.1712324726704635,0.1133145373775764
TCGA-19-1787-01,-1.9518492275694888,0.9100933589373762,1.9896025711953802,1.1329617058150745,-1.8909486351520133,1.618172354860476,-4.966632980482652,-5.475998033309675,-2.692550438792919,-1.3295177179357158,-1.5466502890635867,0.7468886520950708,-3.5115116997292555,0.3113419165649202,-1.2803315138369264,-0.18777121869649718,-1.3466380986788622,3.0833401392981337,0.5567769958156272,0.9887049658718505
TCGA-27-1835-01,-13.317916234120359,-10.240650330090803,10.845636056887207,-2.8483015285460884,1.2628690669454,-0.07028799601938306,-2.492460173577061,-0.40561729699096405,3.630212334763626,0.3007812430880203,0.05989189590511378,3.7341054935625353,-1.9848353701949775,1.124057655941501,0.6223019124813651,1.9200726154432184,1.2867221824520336,-0.15455388134935732,-3.2466039713045403,0.9412173068078488
TCGA-28-5213-01,14.04510073762851,-2.4768604070424862,-3.9678858140247857,-4.81952976816824,2.406688969220646,2.9179321326480356,-1.59093308002581,0.7219455721325887,-0.2764026540315544,-0.6564197673229021,1.194790674502816,0.35738033831299526,0.8296365173647527,-0.5964410286625647,-1.1727073808567348,-0.7425284459064863,1.8343774764853935,-1.1956853137222103,-0.35549654211365156,0.17763985869738472
TCGA-06-2561-01,-3.601870120143018,-3.285523954919247,-0.38550760810690243,0.07208327450459115,1.1051744244543162,-0.007769378132649595,-3.0903442262532526,-0.3179175260555822,0.2849526306329418,1.4096556211397455,-0.6643556547924666,-2.767075664745697,0.26377711249280517,1.6608151127038204,2.9420702490357002,-0.6712148401106226,0.3256904454350871,0.21152096797891934,-0.11341637309357089,0.45701765944433964
TCGA-14-2554-01,-1.015776407183161,-6.04328200008558,-6.313112835737478,-2.48670552486681,1.5501550205772843,3.268577961053076,1.5307907762580952,-0.850966271686123,0.6575982497162346,0.7572385342858641,1.0997038917615332,1.4913968531675428,0.05181046618212255,0.5575731680183775,-0.18293017815155146,0.4932833297869757,0.8992233501185216,0.28416682052238423,2.135628349025914,0.6656098088081004
TCGA-06-2563-01,-4.062574662999146,-7.296388034287008,7.72035578889619,-2.90782410179079,4.472553722338325,-1.2595302405827147,-3.3805692335677704,0.13591568836818838,1.231385200127003,1.0649500200778732,-0.4304443879692972,0.26382159211667167,1.198022728069483,-0.3361303411273868,0.9258165202659023,-0.40048545992926365,-2.668830866880744,-0.5432319250851316,-1.3658284071117546,-0.0719137218252968
TCGA-41-3915-01,13.499599552836594,4.89429695805991,-1.2414489175701342,4.98609216830646,2.232773709236195,0.4333006235470387,0.11637051952575593,-1.6122864933975642,-0.5350410046888209,-1.370886505785784,0.9382032600743097,0.8946512217987935,1.4462901297839652,-0.3501949876748968,-0.47625206426946676,-0.46950517378559875,-0.1463426625944005,0.6404312231201016,-0.0524094467536073,-0.31961392393568233
TCGA-76-4932-01,-5.063316170199426,-6.979235143659327,1.1634035855920677,-1.39324547949619,-0.011925402460637034,-1.767457082123783,2.858437722419709,1.3814432747680125,-1.3277414597769686,-0.04692438888723815,-0.136976516722244,-0.3210503369025132,0.18115843651626268,-2.405029561944417,-0.7048380687851017,-2.3019903076485195,-1.2832950278274076,-0.11937147739957359,1.2323172914645422,0.5392410183564279
TCGA-06-5412-01,12.334453453285356,-5.643031576003043,-4.051847791474403,-2.683073544566738,0.7273489633246115,1.2050530796300067,-0.9290112030250726,-0.7888732723876302,0.08682213447394528,-1.1489931838917855,1.1930294108502169,-1.7957368261678208,-1.7499489916291693,-1.3310354462420089,0.8042883905030301,1.2125491781234248,0.15800868727000283,-3.317658280724518,-1.5110011982183584,1.0746351099411917
TCGA-26-5135-01,4.171627965798964,4.2880191750117715,3.1180449033533653,2.7889884904370597,-0.8836161387712959,-2.4050875447440543,0.09042240669115757,4.491366730056466,-1.8574676627644704,2.206468233539545,-0.44100975830640027,0.35653471906619877,2.3572425587893724,-1.842172133071251,-1.5026253229886637,-0.2840183260574661,1.0616498044633913,3.4393520379974967,0.8690361380231855,-1.03641490312382
TCGA-16-1045-01,8.00638715320967,-3.372009692037085,-1.530548218000529,0.5428047180440473,3.8289072058947418,-0.45970725759614206,-2.4165165136375717,0.2443269528473306,0.6119566964887501,0.02094751927782918,2.7640729545919216,-2.9303004783351643,0.91902842092281,1.8999035250054204,1.9348309431450992,-0.23804257883344182,-2.0335743577700023,0.24927310986908952,-0.13732444883286782,-0.5764088009765056
TCGA-06-0141-01,13.309843609027082,0.6700871872622015,-2.097867865784709,-1.5018650711640842,3.8654027182239443,-0.4334153139558632,-1.9199221684774281,0.35258290293436806,0.10360522674194662,0.6485838951105866,1.3577868590196673,0.7795295605622472,-0.09208684630479345,0.43267321455019875,0.021855133099769622,0.5076095286570299,1.1171928290525142,0.6806930658779794,-1.2747783101035997,0.2253501683591286
TCGA-06-2557-01,-1.9367102833373253,-1.877229270279962,0.8573401229342607,-1.246441934745296,0.4996085407131968,-0.9792068949383134,-3.020284836398177,0.9120583288183184,-1.38800944938876,6.395321110579152,2.647047024678783,-1.577382956941571,1.0788753688061878,1.2316823139397122,-0.3521286550015663,0.5087676308495612,-0.16223230357124663,-0.3927278010301234,0.015657984620841094,0.32987251890518315
TCGA-06-0157-01,-3.804603659818764,-5.474507098406036,2.4846358587002926,1.3924778535541735,-0.6990231245188796,1.354006441123504,-1.7334364101118696,1.6746238713673052,-0.18306222328428615,1.5475216091167296,0.08852209639482615,2.9301096931808694,1.1376343763689298,1.6936018765256302,-0.17528005948351044,0.0125596839525911,1.2978094939527725,0.45685760493364963,-0.16348305820449646,0.07768505463653297
TCGA-28-1753-01,12.75816419489555,2.2191837612412786,7.920368472911552,2.0758057476910485,3.16180461684792,-1.5951029824914427,-3.6455268079399095,2.4540815835057304,-1.5041736959772836,2.240355194411162,-0.48781272380741164,-0.07084667909625672,0.9860988441092607,-0.5443236989194628,0.5336914726108212,0.7213035015314883,0.32245971169077464,0.9025384119433277,-1.4015381142656649,0.13360337162111818
TCGA-26-5139-01,2.713145782868014,-6.06819073075195,-0.9257225814427597,2.836521411313197,1.897004433514178,-0.2167719561111567,2.082005074479717,-0.2162788429766291,1.6174204812217738,-1.981781217601473,-1.1594021468648312,-0.57243538953964,-0.43646784933399513,0.7711190802314263,1.092835611663806,0.44315325957748686,0.17317272960849636,-0.03882572391428422,0.7325867433873171,-0.18409829945276343
TCGA-26-5136-01,-3.1559492484515843,0.5405701382967547,-2.5842321249501277,-0.7085510102949069,-1.5645559768875037,1.3120221551504392,-1.678187032548032,0.9811035873170006,-0.21393112779716672,1.7048424328249598,-0.4651626290418529,1.1890364439418382,1.4707148690545744,0.5095505448998996,-2.976897632399177,0.4789561535580296,1.1231813968214208,1.4854009739352654,0.9576515800323633,0.6177771291457527
TCGA-28-2509-01,4.583796478674615,-6.3345087199937264,-3.9959160049451965,1.3965661353260501,-5.018488857090626,-1.2346501195020745,0.2846439673595032,-1.642062898191934,-2.055423803026729,-1.8097685528494616,-1.5345209709323502,1.0059401699138177,-3.6221379841162027,0.13218100568229205,-0.12210930269713403,-2.2783476047323417,-0.37328014483706967,-0.5514688379872216,0.8571897903307776,0.5817641533608838
TCGA-06-0168-01,6.468023320878383,-1.1165198231590898,-4.942804199445571,2.048563519481386,-0.7596343688566704,-0.07196314807940438,-2.557655344939504,1.3344565845959908,1.2672348384405454,-1.1570627805723637,1.5344279518607224,0.4538872586457339,-1.15073033612578,0.5457124875137878,-1.4849113152159574,2.999405848089406,-0.17958647030231228,0.7220023635683205,0.4366133673144542,-0.34541289457278956
TCGA-76-4928-01,8.763279423404862,-0.9033494781249471,-1.8829086694884176,1.651529717101818,0.5788560903735289,-2.2695978664986227,2.5295778968527305,0.038914062342423665,-4.1393204845114235,-0.41070040450359974,-1.4870465820153127,-1.7354210801707413,-2.2990477730068157,-0.0344292606738942,0.5777795902539663,-0.9972836578985921,-0.7293686801605636,0.9522601259832698,0.5654066215365149,0.31208120451104904
TCGA-32-5222-01,-3.035319178416125,-2.2206662596769684,-2.477373884935648,-1.2175936369167113,1.5885524896056686,-0.2163919821126016,1.8920379372068006,2.0636921984966774,-1.851399302809393,-0.07614993839236546,-0.2580126045639261,0.8024103780331892,1.952565441130703,-1.1954771825808932,0.5028146678203516,0.12323141056406818,0.2994766385523952,-0.5001044254147556,1.0811514486713356,1.3672847374529276
TCGA-12-1597-01,-8.552938199513488,6.411778208213504,-0.4526936314235295,0.5991680007777272,-1.1970910926098406,-1.7226770183843916,2.050273255559338,0.048753679397711046,-0.2429143900803097,0.8825353739734311,-0.7823409612279156,1.079492248137495,2.0365574535350977,-3.149769211531944,1.2780135948506581,1.5170804086507865,2.0488667501860376,0.33485764990131617,-0.5052155482563572,0.7751989946454849
TCGA-06-2567-01,-1.049880072620853,-1.6488456134421252,-0.7118352970909037,2.4053391782777163,-2.520416776449141,1.2497152176827522,-4.479886519675365,-0.30878878096564255,0.5444389348018686,0.8085009262865808,0.16805481904405842,-0.7151117672234899,-0.25292634274035314,-1.4294835849338965,-3.8070241690376836,-0.4067413471523016,0.8209130352920878,-0.6297130928719045,1.4132781675252128,0.617648812803021
TCGA-27-2526-01,-12.299264639883548,-7.2142040192564565,-2.1746245749876603,-6.469446528203067,2.761107805292677,-1.929584148142905,-0.5004742165446447,-3.997492369501294,-4.658760724582863,-0.32418950893111387,-1.0558988266629312,0.7827437971260446,-1.0259039942887747,-1.89940178265876,0.568702528135715,-0.33187089227028505,1.4884500459897925,2.5864411987758396,0.22130913567390328,-0.6590323021694127
TCGA-28-2513-01,12.781833268269386,-5.490602509488642,-5.053729519678452,-0.9735914387030902,0.997580004776396,0.8443748278631934,1.2128357722443222,-0.5945718241565785,0.40448621366562015,-4.0513777870536245,1.6657437010936957,-2.5967682355774366,0.6004431359680613,0.21033258504921248,0.4190358997010054,2.126920276135986,-1.58148576727825,-1.3955442613563624,-2.8229892347320424,-1.2019257342187766
TCGA-32-2615-01,10.41323720387434,-3.4478269474680916,-3.251240193642213,3.712837200716231,0.49540722750084304,-1.1240598729321472,-0.8232265549538867,0.4626498013999646,3.105297313288008,-0.030471819708516784,-0.003978871184718358,1.8533197428175257,0.9477345008970884,2.0102149966722975,0.40920809935767116,0.22176557751642284,0.1011232208588531,0.7112843257671386,0.7744114263514481,0.6148665255011667
TCGA-27-1834-01,-6.50052438042548,3.9426564124504946,-1.1251334200220127,1.8460672054982283,0.2884892261649119,3.3729523607362917,-0.8926208551324721,-2.540789967377875,-3.1330714121675225,-0.1060093239690151,-0.4876651717623174,-2.5854033565479138,-1.1548949309067114,1.2293349666222557,-0.9516330320170753,-1.2103406302475037,1.2375058412506876,2.4521666919988228,2.9279062012949044,-0.7465099245624226
TCGA-14-0787-01,-2.058307765437277,-5.859908021523142,1.1910961549524695,-2.4827318082302283,-0.2344993847736166,-2.8011170440256508,0.6053275026291504,0.8089853195636328,0.5421426233800227,1.8104298399005174,-0.02152872330346011,0.07885022091011824,0.31595378306399735,0.9740783604662939,-1.7200825005694285,-1.5296809921010557,0.40476138807335266,3.208786109845482,0.4042841829078708,-1.8019484602561295
TCGA-06-5418-01,3.9182554667713716,-5.25433011868459,-2.723366807820469,-1.045433265808944,-0.7988225779629146,-2.017466160091912,3.7842145776746565,-1.60072915868877,1.4664876600431453,-2.2168081693130213,-0.9548878263276858,-2.1799979083690446,-0.5340099069634826,-1.4065988754376912,0.8489357605463089,0.18395580235648376,0.09915014036022968,-1.272626369032838,0.8736035792852289,-1.144787875885017
TCGA-12-5295-01,-7.023718822049649,-4.29049419166343,0.18551144864504954,-7.70810753653018,2.3190571852470616,-0.196526519118347,-0.614475169087736,0.17037452200425762,-3.3263195323125663,0.5146083341796097,1.5646473911777816,0.6139323023910216,1.3014329547496444,-0.19725752307551364,0.8551363779333055,-0.5137896815944343,-1.3704816610158421,-3.0550650164455986,-1.6023522580308789,-0.26636634549352817
TCGA-12-3650-01,-9.01582825224647,0.25969630835427376,2.8235951923433396,-2.0691909644658786,-0.045499291002207724,-2.469453114769811,0.1738250179578027,1.6944666486543205,-1.0142978026044283,0.5256216686636204,-0.45613331677540864,0.6330446683148863,2.5853403925908784,-3.356270811171921,0.003258811726056763,1.1927053048775424,-1.8080689163883674,-0.9606524241681754,-1.4618458203594393,0.930470000050034
TCGA-28-5220-01,-14.639034726316575,-0.009795063250299843,-2.5479244724712142,-5.391160181256383,-3.8865739165484174,4.674323653646722,0.403326867715526,1.2805307414261655,-1.8078631481268386,1.2190952002603535,-0.7903137735929288,0.9975872668198077,0.23251544815658753,2.666431940036372,2.3620056210104825,-0.25835006398137284,0.8264024328801405,0.17760999867314817,2.343483456133251,0.13054331708474629
TCGA-06-0190-01,19.30521042800179,-0.5967795341631397,0.5316355346227452,3.397574111783059,0.5063244621969282,-0.284648815774853,-1.2062035613845612,1.041192390011724,1.059105220660311,0.09785122430229247,-1.737824800225429,0.1275361319207235,-2.450067995170063,-0.8846898508073309,-0.6416143802557865,0.29299054953574377,1.0109946632450955,-1.1404311697645968,-0.636063682480869,0.3094800215546888
TCGA-02-2483-01,1.071390326459157,10.615062745935484,0.7167496532590502,-0.9930789069460702,-0.9787259642391236,0.7328809594686573,-0.47683967638236413,1.2529383689711306,0.4469329434145269,0.332101407252952,-0.03390067499201831,1.5837641849608142,-0.55981029194325,-1.1748875751048264,-1.566803710207849,-2.7521973103169697,0.2587795301345339,0.4235956511223993,-2.1408636579790885,0.4308265061915839
TCGA-06-5417-01,-16.06712049486357,7.059998165695798,3.7581771915860473,-5.548907653097486,-0.6512984576670785,6.572303089464477,4.171984360984965,-1.106023776504941,1.0733836665760101,-4.416489559632632,-2.7652143720137814,-2.965481032287051,1.7013622824732357,0.6032101656711759,1.2149396758075968,-3.9946044952977457,-0.8478192083050183,-1.47582540828966,-0.8454521271495461,0.8308698549234219
TCGA-14-1825-01,-7.439333797853114,11.280007359216166,1.4384772285080816,-0.9006086536969158,1.1308373061737258,-0.030591093698565587,1.6176622776986642,0.6024148296112913,-0.9805121081538665,-0.7629694450013118,0.11931741636509872,1.974337451956706,1.0328278586143047,0.20628967128936745,2.1699262391014065,1.9388604701721341,-0.7995064225363876,-1.0022657231292826,0.37213838373712144,-0.5786243885813026
TCGA-12-0618-01,-10.113844682553049,8.42711357283286,-1.3941900925457866,1.3528999663026742,-3.6733780094844697,-1.6009488315867728,1.0988766628454536,-2.8295529099268646,2.0816046945288704,-0.30141646097836383,-1.2817411561684104,2.865371882589544,-1.2205185125366935,1.7177600683669612,2.2640039110032544,2.2349014688812305,-1.9986246357053132,-2.4474250370599475,-1.8503721996908253,0.48445776860573614
TCGA-06-5413-01,10.802435701507283,2.860533948375526,2.709245566826774,-0.8853219253038553,4.683427616056162,2.5292203084657254,-1.7358889223881422,2.4926381430698608,0.30984006985145895,-0.05460869840399925,0.3009953528160863,1.96137530327847,-0.1932731679863852,-0.2967181959588834,-0.4071304889191579,-0.2422874911035943,-0.4579816300178465,0.9971635346198365,-2.2249820827574602,2.064557053289428
TCGA-32-2616-01,-5.783461157170748,-2.8380487209648106,-0.8452684700451982,1.4342343783801281,-4.929433036603169,-2.6643675226061343,-1.317200166124308,-0.9092269979056565,-3.445972707536644,-0.06302135810850698,-4.343225174057595,-1.1012915390910114,1.1003828699506553,0.08611868596389455,-2.4774836755972807,-1.679380977563868,-0.0025296183571765834,0.7974758583801513,-0.5761343226041516,-0.09515257636223656
TCGA-12-0821-01,-2.3602753241670973,-0.2816153908799026,-0.14317032419347278,-0.16759097575771206,-3.2509591166234952,1.9151205654594956,1.8626567654095274,-0.14195952987969057,1.739523527005989,-0.901780167766288,-0.8954960728453499,-0.1163192210420465,-0.8211436690777371,0.955118886886124,0.20955263035194877,2.173624254086196,-2.6389521582538964,-1.5670415532238424,-0.1464559428532387,0.7109722338468751
TCGA-06-0158-01,-4.637922650324827,-2.366798763482535,-0.8955136533576037,4.3468293580125,0.6182324224841601,-1.7417879305095674,0.4246468784761166,-0.024950910355677747,-1.2890148354761117,0.47153748163752157,1.5422562314617925,-1.1666346093777564,1.3639116371724775,1.9597009467939814,-0.0588614182882414,0.5093539664037797,0.14392293131339906,-0.2621471005526532,1.6125372716643807,-1.0561175633239837
TCGA-12-3653-01,-13.730433184409698,-10.466912203930681,5.254348386449102,-5.379527820629233,0.78796798647632,-2.1024475936973497,-3.6094777402369584,1.8929791714647075,-1.3035463737663913,1.4867214763079835,3.9232912235882216,0.5415204216995733,1.5155565757550011,0.4526375760006389,2.135350503687052,-1.9251618696027224,-1.7678314005951352,-2.557627667020774,-0.21136187466513862,-0.414484947429455
TCGA-27-2523-01,-7.015638427566144,-2.3956757917072316,4.760945559233604,-1.289220381348716,1.588671603836153,-5.478482932141865,3.5190251730370106,2.1023936547481896,-0.21423942436147275,1.2842409436535311,-0.8832789555112992,0.19520455141364254,1.0242295610504615,-1.4365239260253393,-2.974403032733354,-1.8142578645138316,-1.5664570958879849,3.5206063294018306,-0.956646048019718,0.5797255544100094
TCGA-27-2524-01,9.999078407271536,0.23212835706376914,-7.170237264286143,-1.805332474841366,-3.792100933761913,-2.9379705345440787,2.259724007814227,1.5298129547366153,0.42679279660006114,-1.2662466144503202,-1.2569616556722534,1.6328375845314447,-1.5292323235550551,-2.606737631856384,0.09675741691758961,1.6881907285104722,3.4975739963224406,2.3249221082192357,-1.4435498302495042,-1.0319747416641376
TCGA-76-4929-01,-6.409501775809414,3.7165668543119663,-4.386202435265239,1.697314034660824,-1.2449341574262263,1.181485766988171,0.19502956614030859,-4.265364457038388,2.2557126804115137,-1.0442671498465752,1.9107740240960658,0.12254789773587951,1.6606416486509377,0.13765241543063547,1.511896095146234,1.598771639910024,-0.6108845413906624,2.155849770435623,0.8467249710925624,-0.623416304260672
TCGA-14-0817-01,1.283269319247273,1.8086962624549079,-6.237302947849014,-3.983114835761168,1.4013452532247723,0.8766691944631283,0.4189968596089834,3.398424877905877,-2.108705196293165,1.5882594122197744,1.864591562222198,0.9077194542057075,1.1241317545687053,-0.3082717301181451,-2.6087851660940693,2.2957056298644254,0.30082316730421726,-0.8631315245776747,1.0994366832645357,-0.30759409286374345
TCGA-26-5134-01,-5.581395138448096,10.433123725784961,0.7355852478389844,3.896212558125121,-2.22116900486114,-0.7910900375771732,2.9314085926197584,1.6343221112884914,-2.867687232669664,2.378112535994203,0.9983468142164571,-0.18134971028181426,-0.4540359776236793,1.9211859473772364,-1.437653721640243,1.4654990146419549,0.18436413431383195,1.0300034956200634,0.6138433038112181,0.26029467918582905
TCGA-19-5960-01,-18.249062639381574,-0.5839804428580002,3.9110801929486865,0.05373393279964322,-0.4753126489077965,2.6084290033753343,-1.492623858203046,-1.4509774733271572,3.8384772120449573,1.984456128948347,-3.1164493470156294,-1.018292202577288,-2.5127280958931792,-0.5651996209076445,-0.010280459607200327,-0.0790764835275379,1.5813140291919123,-1.3382952491601405,-1.107166451163916,1.4290676208962332
TCGA-28-5215-01,10.832491813390018,8.558094612203654,3.686133404270328,6.004224371619996,4.04632225569094,2.2356631797747775,-0.5245189481997348,-0.8445999332697126,-1.43868769018513,1.2169817336599111,0.4658000852486536,0.08742848075377985,0.47723502921480465,0.485461529133238,0.014546127263979861,-1.0777101128150886,-1.2212795846605664,0.013142410364239231,-0.7823183538140775,-1.4313005572997428
TCGA-19-2619-01,-0.9109266207984335,-4.911380827365637,3.806257209746163,5.174467927557949,0.9206040860130345,-1.5648101956660925,-1.1276556970110068,2.197098535299068,1.9226274548285727,0.40160444218314284,-3.082702797306053,-0.9937955505785933,-0.9781260328849296,-1.172353123383706,-0.28469293226431336,-0.6929805673704706,0.030718842226181525,-1.0842881883646331,-0.01790552801945854,-0.6204749267882873
TCGA-14-1034-01,2.6155190179144396,-7.8903876412559155,-1.4368327667355947,0.9457686917724564,-2.249618531644002,1.5522412961420085,-2.0460968922836487,-0.6872294783862175,0.019564602439990683,-1.5139657870744427,-1.919801636423956,-0.17601620296539847,-0.22095128284473828,1.9412295227848715,-1.6472714040316305,-1.1969066959731596,-0.11792718177238515,-1.0933416960853841,0.04365789088810159,-0.41560838781676535
TCGA-15-1444-01,-9.199516473784596,6.073683183600348,-1.4335375016397278,0.4655481862673442,2.5394666901083855,3.3993130751775933,-3.1887929094738583,-1.3624293650472759,1.144994965234683,-1.3373837516145504,0.5152808070932495,-4.8123849714544376,1.8664149650982376,-0.695689250889511,0.015972671349914185,-3.0947152216702465,0.9266247971491292,-1.7350839508850335,0.21192775088417595,0.5443027257383852
TCGA-06-5856-01,-0.9004813747305446,1.8608892414550249,2.146753493079612,2.386520885798969,0.06897090759918698,0.46359076849964975,1.0618705593317443,2.65142749406334,-0.11954600672212368,1.22271184804376,-2.176007852387424,0.9380811544429783,1.2275609096558726,-0.6771458447793426,1.394444111480509,0.25049650989490263,-0.5051858598409961,0.6104489924134269,-0.926786427325774,1.0273558615560745
TCGA-32-4213-01,9.941696132484848,2.036968317781705,-0.9191873145381634,0.5398719804070016,1.3967073133197703,-1.346128599517014,-0.14241496351421692,0.04624209837139067,-2.24782003980449,-0.911968526281655,0.18176554815515972,0.6289875582006543,1.9122593725407608,-0.4386086673299836,1.0580116608069676,1.592255918525643,-0.7236697253249126,0.6186623418614773,-1.9587293606226095,0.689264211828024
TCGA-06-0646-01,3.036283181835642,2.8315006822635835,-5.860085523456176,3.474649657420834,-0.25395033996966576,0.5998819603317064,-0.6862625395955367,2.466082218305859,1.9455732579777167,2.6500542928023725,1.669478988102855,-0.5140559520253576,-0.5221047361007248,1.1042694726775961,-1.253880612506621,-1.3368502039331218,0.5130380434474766,0.19194790888025862,0.5618930349683089,0.36162982309914266
TCGA-19-2620-01,-3.9709520213525606,-3.0487085100238946,-1.8550361602746295,4.585473587350113,4.1329252931458145,-2.064541941273716,4.182132303235135,-4.123234604616729,2.016106461370609,-0.9663266874239115,-0.45065277183135605,-1.419061009984805,2.097977243486353,-1.016884140851108,0.526848614295111,1.324283112624969,1.4611369925761148,1.0925535328500837,1.0660384064136712,-0.8910491975558666
TCGA-06-0138-01,3.7384048540432233,0.0330290071752468,-5.843263113641933,-0.05200767408892289,2.064123506621168,2.3754530229518793,-0.7557680664068479,2.0793100029100304,1.0375783158938368,1.4043068333440365,0.4928770802095513,2.674851123501461,1.4251200349811457,0.31853395799489015,-0.2396351623710496,2.1757592917629043,0.7598154332572857,0.23238832889653455,-0.02619660299986922,1.5768716177630062
TCGA-41-4097-01,10.807893630194746,-2.0686035549421997,2.5786367530000187,4.579205617371548,2.1051802601296417,0.8679306880422021,-1.1618929976490988,-4.173973522730465,-0.8097117559311763,-0.7796874740037075,-0.7505772142397388,-0.25553428635586745,-0.0038853731314117267,0.5220079868123148,1.6135885825843728,-1.8088353445187197,1.0442154378298352,1.713060551694483,0.5684956197594274,0.3350173633914131
TCGA-28-5204-01,-5.537927619566949,-5.967191190643459,7.3293921148667485,-2.584715886724715,0.6288943010571681,0.39718468397809314,-0.2248543499475635,1.2906800984132645,-2.255023046016227,-0.4370670187130004,1.5824998245329194,1.0782510075252085,0.14094211473665694,-2.305375440952016,0.02080320011808542,-1.9856320339853093,-0.7303283842661891,1.234573174637775,-0.09859715243555893,-0.3491546908549006
TCGA-32-2634-01,-3.460359258556139,7.0083317148117095,-0.3732951030946605,3.4837353441255265,-1.233752871446358,0.29877074272329074,0.2151670894827471,-2.134257279452244,1.7224598217108094,-1.8494423665760966,0.23938487896327215,2.398739998773398,0.8164920963732893,1.7410579384673233,0.1390016524973997,2.0893235006886153,0.2700983209052055,-0.7532560036512567,-0.5581135966785978,0.5338516830687335
TCGA-76-4926-01,-11.037953762016496,-3.9119798185458072,-2.2384845313434933,0.9016844622782434,-0.5456672772322838,1.6568371986133477,0.20762520297029746,-1.9862984894656752,1.725655012870983,-0.3535322815083818,-2.926740009351768,0.08514821668559883,0.3641013509590363,0.9111099516435521,1.5607171374737787,2.3407282252982653,-0.2544855979929695,-1.148446654638779,0.8804834455428139,2.140562941657011
TCGA-32-1970-01,-12.747904207952034,-1.1786316765668625,5.6605460110131185,2.791273076223613,-0.05245840852040074,-0.46280381580377594,-2.8360868491968243,0.12233258314600379,-0.31237323751548596,0.5019735763025596,0.5908318754198435,-1.5205502803867461,-1.9068202507333878,-1.8501081088096731,0.5326299576162451,1.2396893765732795,-2.0632216601510116,-0.8333675090972131,2.0006710922597257,0.9216009633304859
TCGA-15-0742-01,-6.137482727384776,-5.280218403679325,4.2694015991986065,-0.18897153737791955,-0.3715369325911543,-3.1867085855650346,1.8852365609089439,1.0503869960973973,1.2174388854457376,0.5680315561898351,1.2933583473661598,1.354105116848732,0.9579712667425839,-0.578066986405918,-1.1190439932110459,0.06061509766209699,-0.04679522269311991,1.8814712117678378,0.6747512966155781,-1.4511483888621668
TCGA-06-0645-01,11.61807906420128,-1.2171175632248599,-5.454273622648115,1.2603718482732762,1.4336085465176842,-0.03661705068522975,-0.4985092641589359,1.7367906321169582,1.2913525797834708,0.445759461739678,2.1337911934655085,-1.871072831387085,0.7340433551365317,0.07649311763615903,-2.202028698650373,0.19436155958036472,0.15654541069377634,-0.27068817930269357,-0.6767557894853712,-0.5252580160240738
TCGA-27-2528-01,3.956477405874931,-4.835327924135218,10.332697458123144,2.1274936939408757,3.800107573507505,1.1556125842980167,2.146994356778944,-2.348426992125658,2.108004042758392,-0.2283480952263274,-0.27260144249595186,2.3868152325651417,-2.316273780805157,-0.9356156339821702,1.6519263036637604,-2.5610640815555805,0.5697995096977341,1.83885612440517,-1.184145041061072,-0.10528206316925151
TCGA-14-0789-01,9.876636412434916,-3.38918984036435,-6.887955010342851,3.4986032790207644,-1.7487619286523481,-1.1479187841096636,2.8754446010698773,-0.1296250526783034,1.066455471984947,-2.1851487297200727,0.5802604000850112,-4.4450315732159345,1.3964986781045456,1.6685614394678825,1.1157067049638374,-1.1462551053627485,2.101006852826893,0.26790943476105694,0.3178770714458871,0.11524960560481622
TCGA-08-0386-01,-4.527426951660068,-4.431996921169611,3.107988351898145,3.2560620034489904,-4.876577200949662,1.131493030182782,1.930253695539877,-2.4083034535132346,2.5386610974710138,-0.973449864477753,0.6878125043509066,-0.8642930201530804,3.5784388985008047,0.26630768466041027,-2.29298154181467,1.0157769226125775,-1.8107103580638007,-3.140887407495919,0.07846469237603758,-1.605631545473237
TCGA-76-4931-01,-6.657791219847966,-2.446200345222123,0.8305368126736598,2.187686072096288,-1.610159493404382,-2.863670927276876,1.1301911567960137,0.8465182955891889,1.3869402989757174,1.628457053809746,-3.469104314997787,0.7963424828157009,0.13660920592065814,0.824876753081204,0.06369214171916446,-0.040252630689923255,-0.19666539182734202,-1.0823174902049097,0.47833285211158766,-1.04115552274928
TCGA-27-1830-01,7.809335954775573,6.231291754642333,-1.3227490502015495,4.922878625657302,0.32763621148820554,1.5580250851882842,0.12660402650946084,0.324160073092383,0.8521732368631779,-0.9178356010771095,1.8073555998001807,-1.5131880459519893,-1.0880706906671198,-0.36351125351491276,-1.237162107297985,0.35368015900775085,0.17206356800004172,-0.4836403156217461,0.25201278609434363,-0.8480568072005875
TCGA-06-0184-01,1.8244398709886143,-2.0819185790389327,-0.8652668956097648,-0.767296099153886,1.65638319475748,-2.2070854409636707,-1.626559993534353,-1.6902357404351531,-2.541441269723984,2.015336689643969,-0.046613105276205886,-1.3665698876970735,0.7669861604442452,-2.5428155305241913,0.2635748845208744,0.0002192653999913852,0.6211198013321272,-0.18609452413027133,-0.32273099471948363,0.45433848498980534
TCGA-12-3652-01,-6.90293780334076,-6.422084808841257,-1.9624339173989735,-2.7981355101757157,-1.9428111205398286,-1.964193452598316,7.4228685299042985,0.7282367696632281,-1.781998271166059,-2.2400555826740014,2.8261646871696358,3.6417312263929325,-0.9764652396983863,-2.506187421181485,1.6372365025854612,-0.37096161221091123,0.11268009837537596,-2.049407000782314,1.4435554151003163,2.039153213648398
TCGA-06-0187-01,1.5268642241169583,-9.635695536778217,-2.2152725297964104,0.2196154561064292,-0.22614127559041458,-2.205774750055939,0.23787462539205848,-1.3518229175358183,2.693314028830514,-0.5732886460370313,-0.297615812554343,-0.05810294829410601,0.028216104646748102,2.2455233814239284,0.6015507913422914,-2.273809385588123,-1.122816478002349,-0.9203716132310762,-1.235411514393386,-0.38792714756688035
TCGA-14-1823-01,3.1213732272344132,-6.8229726010445235,-9.402912408965815,-6.95793260069971,0.41603179492763476,3.545692927933606,4.063130541971964,-1.6048526795551858,-1.476969646577322,-2.695043406112007,-0.021618580616664346,-0.7252245851760255,-1.0486300896298506,1.775220428703946,-1.978888008040241,0.22608393992290962,0.041110627262803186,0.6843571869335239,0.8118260774974165,-0.9446679655809007
TCGA-02-2486-01,5.3581397568517115,-3.0649461839181025,-11.027149768118935,-4.330488538896542,-1.3139561691129686,-0.8834310746140566,2.8547869788477653,-6.773162077183099,-2.2312646658644977,-0.7738311709564668,-0.27270771810403777,-2.9617046655442207,0.605548000576481,3.5190376714060894,0.386698731217948,1.4078436545368327,-1.0497578453802578,0.7399587993318556,1.0138934962050363,-1.3899293838020417
TCGA-19-1390-01,-8.273847315987359,12.240725415294422,3.060736379368478,3.063839426536308,-1.2578661414823598,-5.462925119693814,4.230570443279114,2.200841351632986,0.057480942640825324,1.6703422714491456,0.8859179726799137,-0.20796194003980217,-0.529185690567568,0.16786425950881442,0.20517136703326785,-1.2572086634387136,-0.46539226605118966,-0.3491713725024874,1.363049150768828,-0.8025154961457028
TCGA-32-1980-01,2.5836053800126395,2.3962227588038685,-2.772295380775689,0.2474818559843102,3.8241121346191838,-0.16399682766394336,-0.8140188379430798,-3.0288713573076316,2.4013647463310193,1.8199475201498,-0.5199543857212426,-0.9765354524821287,0.037704179848789994,-0.8630585402516321,-0.17554915809955365,-0.18948757994705348,1.0007578799322165,2.2400345965161508,-0.543958906159402,1.5979080721440844
TCGA-06-0747-01,-10.284989071341315,-5.933430557487001,0.06551124665278411,2.0873395447179153,1.7114238651777633,-3.2068252214267017,3.4391417235388473,-2.3821372741254123,0.5637807149256172,-2.813070814317489,3.2964924194007845,-1.3279944436716757,-2.8005073835899217,-0.6224844740858658,-0.8594171158868645,1.11639937499881,1.4997278863150905,1.9673262932554278,-0.4740858866496927,-3.403387647087438
TCGA-06-0156-01,9.91564204177264,6.253585705804595,-6.803370346428728,2.67939442150468,-1.9322923113701034,2.0631047477745503,0.1378938686746954,4.448929849315086,2.287959618130885,-0.9194710895897111,1.9485684866833413,2.1876186287805135,1.442155838231143,2.592562962352036,-1.070235898858309,1.04523524363272,-0.632381030825312,-1.8570151757028122,-0.15833156199256443,0.9160242130773812
TCGA-06-0649-01,7.631920272459793,2.63099717256181,0.11597991507690478,0.5890257305907821,-1.5056270412275552,4.471615134950109,-2.1308488116213864,0.27567879633139475,-0.18722054074413766,0.047010838055960985,0.6352356410735436,0.3460060383199034,1.6729050388520472,-0.7332549876508454,1.4771760965289655,-0.4138713172262351,0.6090741583901524,-0.08031694590694861,-0.39217139454921823,-0.8039959913605281
TCGA-28-5209-01,-0.6601664565996848,-5.65909653079189,6.170084231505542,1.8378733820758755,-1.3770731588592358,-0.2193311290483236,2.4117558681305233,1.521401790759656,-0.027885820603241268,-2.4600420848164464,-2.59695468965067,-2.775321844697067,-0.3529777160229362,2.5789271655808848,0.7707181642785174,-0.08928849317343239,0.36451759908830234,-0.5134423432867763,-1.5540199313292038,-0.828628832600994
TCGA-28-5208-01,-2.5442726574119012,-1.3898816512086718,2.8829307051855824,-2.2693350088449566,2.1818564412145722,1.1886157605426755,-0.20576618982200717,3.328920354042888,-1.8899330128056986,-0.42722158369232155,-0.8406091072801655,-0.6671464819769835,-2.022525100996643,1.803295067571978,0.2796844179807562,0.28847194639168017,-0.16808083280230787,0.6135162872344531,-0.8631033094561377,-0.019469118281496958
TCGA-06-0686-01,-1.073651323529184,10.664873560588415,-0.19947992436434647,1.6620722024676449,0.041759796340852286,-3.7923910001575067,0.21333397859676723,-0.6931440559637971,-0.1739848839384979,-0.6797767544709147,-0.3406722773441469,1.458394443559291,-0.6792316529461818,-0.6998845429365138,-0.08521242359342945,1.1101045326017795,-0.15636943457875402,0.08488229554963664,0.7898245765111133,-0.14014272947580508
TCGA-76-4927-01,7.206654838672067,-0.08980937185938966,2.000714997112569,1.6798548987660944,3.877097886818968,-2.5705500844559266,1.010771429541352,-0.6317233485241379,-0.09565150218090585,0.42022082638395136,-0.402781707265,-0.938277504919409,1.25404553939473,0.22941438659966398,-1.0127071039725852,0.4098496805410479,-1.4136075706904165,1.073574338611428,-0.3098038191934625,-0.5105413310910836
TCGA-28-5207-01,-6.439001130818357,1.3104588806536652,3.7591813251057764,0.33754426259267956,0.8190361669382541,3.0730873611354728,-3.705194703624466,0.988313983934926,2.999291469728126,1.8039268758441884,-1.3654590330624126,-0.3798486709549116,-1.4594394105851505,1.1035322671921428,2.3920092427874424,-1.2688721698514631,-0.024978037117734133,-0.13161248745647602,1.5567586266504472,2.777140935545408
TCGA-06-2558-01,1.175076286338955,7.136909902248619,-0.6180501938294312,1.2266598464739689,1.4113833365206259,-0.22706700459225723,0.5920065961419436,0.5431115122384688,0.33457125489482525,0.2604608164758733,-0.626832268654408,1.6668533281291464,2.0494678487675895,0.8410246466539593,0.9136399637093922,0.17658806217605222,-0.0704505348998186,-0.6591533291590179,-0.20303145688717306,1.5061268828973544
TCGA-06-0644-01,25.595026571297254,-0.13922897164307046,2.5026851388786855,-2.5130057560841834,-1.9619394938852186,-5.614144090311604,-3.2957165296814117,1.2111869259095227,-3.931234980543387,-2.1384825236096656,-1.8253450911905287,0.5623502967312834,-1.2355716529920693,-1.3882347551039578,3.7174394338769474,-1.1340593583988463,-0.231828102277462,-0.13531995431798788,-2.7838892736531804,0.38936395724211637
TCGA-06-2562-01,8.688522826771496,-3.919146961376275,-0.2630228177750437,1.9548982479173014,-0.5329227664076472,-1.2852266040193914,0.9519809720433464,-1.9436103408665164,1.1416122370621118,-0.7537662260101112,-2.471852741103121,0.24216664620621137,-0.8868029959217348,0.9477068894969669,-1.1708662598291282,-0.7477586278698755,0.48403221635690935,1.7822746681601362,-0.7043337742083348,1.1069562680462985
TCGA-06-2570-01,-3.3495691321766468,9.905486492070729,-0.019578399473875723,1.9986936144249974,0.7287736581285783,-0.9594717751404368,-2.804628357355334,0.9829183107942978,0.49565491711035986,-0.9635794833092682,-0.10327166417342859,-1.742742203526685,1.334671876837028,0.8897023807115716,1.7138731928997237,-0.7664432557251216,0.07560126423902712,-0.36507694223082576,4.6096150291836055e-06,-0.7903629157889155
TCGA-06-2559-01,-1.5500192326154711,3.637949676833294,-0.22468919856115407,5.081980324224685,-3.4750507768262,0.15554605095292975,2.956215762913104,3.956773442998024,-0.05746912844780763,-0.6061013748854515,-3.5009724120162518,-0.4183658988964175,-1.5039908893144551,-0.387635729351174,-1.172443949261974,-1.5495691326854104,0.45669337669433113,0.06090564135105189,0.3694250159959356,1.5034271971227664
TCGA-26-5132-01,0.6773517094740428,-3.2529668303073818,2.551517440381939,1.8193459546701014,-4.655043535009037,-1.692169816898434,1.5022623632986751,-1.1621642289210399,-1.2961031257064763,-1.3713164801272257,-0.6890376793217166,0.49284993581151254,2.431638151134988,-2.236905034137351,-1.2742477382055213,1.3663636114794773,0.8200539282254707,-0.8352366282605133,1.3036911763608356,0.07461008040196009
TCGA-12-5299-01,4.677818546583005,-4.035217987224451,-0.7284974051301705,1.282364186255154,1.2154594173622968,-2.1416072958136154,1.266935354584653,1.635315426238421,1.0472391455068608,-1.9822276698790684,-0.9601959697054254,0.07191106077445633,0.8978593447893414,-2.3392361100871475,0.42023534212375036,0.8083506161763494,1.479680920848615,1.4687750853509656,-0.5739319781493739,-0.532275023389607
TCGA-06-0743-01,-3.0997707653436235,-3.800090522790714,0.7689214935137351,1.8849440282999537,-0.31877462613013086,1.982289489512413,-0.15608015602906192,2.053972999390089,0.20321450388482698,0.055316052927772856,0.849670456437448,1.9483597844719658,0.7066036913649865,-0.10441965018214386,-2.4727404200649556,1.546875751603145,1.4077509750499726,2.268015883502013,1.6888854171908891,-1.5713126000071527
TCGA-41-2572-01,-2.43364571926252,-7.497310490339893,0.9475320359383032,-1.738503012474379,-0.0087054635240613,-1.1577336508889242,0.828135163729061,-0.16717835048272378,-1.6368989875442714,0.40702627270504993,1.971327342664731,2.137346938044171,1.0135352077966966,-1.3672950932128152,0.8910529930271357,1.7198969911577622,-1.8139108602589349,-1.3406016641483056,-1.0491749533853838,-2.4730062724569692
TCGA-06-0744-01,-6.881834041194224,-1.986085575699148,3.731977794695319,-1.879060993758682,0.9712515267447897,-0.5567781706309735,-0.7274323268225189,2.1378962549287577,1.3715776777204645,2.345794796208746,-0.4120227514113346,1.4471390003672036,-0.2976663442070034,-1.127987313353013,-1.3672179625796472,1.002149209185349,0.4324372280163425,1.226798154067387,-0.21368448254308678,-2.0998195371190422
TCGA-06-0130-01,25.537878059621573,2.4955213677593155,5.769945463797848,-6.657052897445993,-2.6391188299693695,2.302165885340046,-2.9655624483476424,-0.9639708476072893,-3.2450088762769607,1.1594788973236443,-1.7903415686675495,-0.9169705705748465,0.3166745390713189,0.9069481724218531,-0.8640845023757022,-0.394201746815368,-1.6955695166048568,-0.8407735257123611,2.7480384999849012,-2.2222276545613715
TCGA-06-0749-01,-13.682619869366617,1.6313065436779535,-8.295312072286992,-2.5741530403544455,-0.858686890811615,-1.4128781106510004,-2.609200331046628,-1.3853399600119523,0.564501750705268,3.03447919065414,1.7536629592463302,-1.7901671971739483,0.08939708259498982,-1.8192192320013616,0.9687333651898358,1.2350445733416338,2.37995029397988,0.8378616709382437,2.168725796336314,-0.3586998839078021
TCGA-06-1804-01,-10.996663865794806,-3.0870208714430745,6.244877826923039,2.8217512871086825,-4.093385448809981,2.565843883436474,-2.4792544906430876,-3.287906890515071,0.9045750295254162,1.5265879664578714,0.9664334837774042,-0.4097449679913627,0.010516444105553172,-3.206549696017244,-0.920872839901145,1.5314549330384564,0.7232285426713103,-0.6153970173234773,2.016151742490966,1.037945994479559
TCGA-19-2629-01,-9.099554756384773,9.676171509448306,-2.1169819893194317,-4.3190957329236905,0.14191893150082183,3.5086207216912575,-2.263474859973975,-5.038144246655198,-0.5641032588091858,-2.6842011954850196,0.07987656703039409,-4.272664295267701,0.2550749267860016,-0.5797388399371772,0.13933558929228687,0.28605665802294755,-2.7791433936187846,-0.1700851456012347,-0.12382228118907745,-3.0059816886748574
TCGA-06-5414-01,0.5306722190097057,-7.081331774672535,-0.87963207322348,-0.19066613123453138,2.050585078478292,-2.004408412614373,-0.1567673089709988,1.653121251532201,-1.1407327715459032,-0.17362696929620522,1.614320849745031,-1.79531895886828,0.8781089703174831,1.4627286974492273,-0.49457893876734743,-0.731749654384058,-0.9076071888364633,-0.6112279514826002,-0.619990581481295,-0.17028725211703805
TCGA-06-5408-01,-0.7767654561576743,-0.3388884060545124,-0.5958723241237729,3.5603970925967907,-0.2848541288835372,0.7102418819325991,2.0021095680852437,4.411914477161443,2.0222884048667407,0.2012808389391912,-0.4423547347517994,-0.32427999630844656,-3.4930778509225227,0.7861655944991581,-1.4901389744528177,0.9786185821005935,-0.530160872625989,-0.5400297772895867,0.9429361410812837,-0.12578143762436872
TCGA-06-2569-01,12.862725998112095,5.963487174557398,18.052081189659848,-10.327559759897136,-4.226296502110075,0.025012476714150744,0.6771600570864157,-2.5895396973797644,6.1051967055863425,-4.442041793688244,1.7618934267382482,-1.1541156771542502,-2.516064639151336,2.624769729504301,-0.07677612303484492,0.33852983578717705,3.1806262061580046,1.1399395099692213,1.8760862804738936,0.49907093645899825
TCGA-26-5133-01,-6.447937360594062,9.290090129850915,5.353858964339723,-3.8657934182639053,1.493248893421684,2.43346891080969,-0.948206642482306,-1.533607335921457,-0.6081165347440206,-6.352783310991086,-2.5694456754639874,-2.303582785991448,-1.594914946786893,-1.4009966270595677,-1.3386176296337955,-2.898271883321149,-2.169601026145871,0.480901133198199,-2.179427247997467,-1.495884287900548
TCGA-32-2632-01,-2.2863845658599673,-4.653165460644575,0.20808991749076047,-0.6630784266784641,-0.8168923330899552,-0.29034416089916043,-6.512906925862376,-2.8478482068545676,-1.238992396836642,3.1549497332642664,2.0529398191960033,-0.5152349785171259,-5.62623163198142,-3.6194098355091717,2.2308227166295462,-1.5498005214154216,-1.6552579169315746,-1.7117185955441276,0.21839874151464692,-1.3604442488897979
TCGA-76-4925-01,-2.951155606531626,-5.8047125835053865,1.6906812970807101,3.134366529457232,-0.006822216459479884,-2.188672693707593,4.9831387142610675,-0.07946053035976214,2.162168475839009,-0.6337276229075491,-4.161448914832588,2.1712298512051422,-2.039323414079032,-0.15218451419449686,-1.0678584377266571,0.9469661445696004,0.22118665931529594,1.2483220314778845,0.03060350277551769,1.353793453795261
TCGA-19-4065-01,12.334819029991412,-0.4411974077452958,-3.2770534888679914,-2.501537410561175,-0.7316874415268549,-0.6231700003654359,-0.4640249312990954,1.992602635827046,-1.8117598272778381,0.8044987836374962,-1.2523124115058175,0.9233286108176678,-0.6037876590043691,-0.036931439231239,1.5979006080721578,-0.9989243956988217,1.193978089451479,-0.49130551753562546,-0.7711518908019381,1.682863766102099
TCGA-06-0745-01,2.81591684112283,-0.21408673330203695,-1.6008769440685635,-1.1015894960492683,-0.6046817187617929,-1.728132628013157,1.0404424435191075,0.7196132313005711,1.56025952038472,1.226628027489521,-0.34670699198338534,1.4713203487363133,-0.6113899314959335,-2.1328199719940946,-1.1512373077455662,-0.03593410058136532,-0.8597444240729933,2.158598515304931,-1.699380552357727,0.285502928164939
TCGA-27-2519-01,-0.6367538373189828,-0.828627428314502,-5.252261193637274,-1.2965807819417625,-2.3913184895302835,1.7269953998367056,-3.1933631274242886,-1.858200733061435,-0.26749943641131024,0.356224411985119,0.5330973587881661,2.3378146289365014,0.4727936104031239,1.2146675587701616,-1.2168987816986276,0.0874252785653643,-2.10810450830913,0.21408431102117217,-1.646210299964139,0.7689213274739491
TCGA-14-0790-01,-17.50174617938876,-6.703328689512938,9.004254604552829,-0.6664272303025541,-3.5515306820541523,3.236323239975226,-0.760113184017719,0.042463269826724714,-3.540141985169822,1.3049165148378354,0.1317421487309335,2.035561317773771,-0.8908363629532192,-1.0406927521356528,2.427010775771561,0.8824916171110123,0.7365694772008362,-2.2700847279736402,-0.3484427853493977,-0.8628612665791043
TCGA-14-1829-01,4.224525012619162,2.9828482815672985,-6.525382904412734,-4.095860154125549,3.5458731977777838,4.331427207093854,6.929135506786129,0.7997872389820436,-2.515117229230641,-1.968482808142838,-0.960460180456909,1.8873489482826435,0.4355095948833471,-1.4501796655066252,0.2204971628959468,0.1060428692530006,2.096105130510939,1.04163471837729,0.9628934822140213,2.6270993770324393
TCGA-28-2514-01,-5.654805000270429,-0.3205555426704948,3.3105248978998825,2.951145880482049,0.917495346470888,-1.4401516265340024,0.5685355681170169,1.9632906196863193,0.7633640216545743,-0.15127415493295404,-0.2588432053363355,-0.4288059695604087,0.2714193519678099,1.0514919208733868,2.5732743912719593,-1.4458865236537402,-0.20773715397718243,-0.25266881199076097,0.046310263265283105,1.281052345128932
TCGA-06-0878-01,6.601982642022766,-6.265505118089248,-4.603922925987651,0.5189483144693136,-0.8280791011060585,-1.2254596206328288,0.8567712079918339,0.7976187269222557,3.8437074196903285,0.7463567810194064,-0.3219355733282943,-2.1118467657409323,-0.4855760399491076,1.4075136528337409,-0.8168518036970308,-0.666779083373246,0.25817535695480776,-0.8963625753595824,-0.6409263853058363,1.0556740723590785
TCGA-06-5859-01,-13.571160928845188,-2.7714567962264374,-4.036463025061147,-2.277475662875675,-4.316693386229274,5.236846122999878,-0.3691484358408305,0.39210020162307896,-0.8271226701065132,0.9227625080686276,2.169902049100752,-0.6743043670309364,1.474038951598395,2.243330154835429,1.0781954529301245,-1.309266702541942,3.6827650358826145,-2.309532529073735,-2.430342499950902,1.2808881675592738
TCGA-19-2624-01,-8.228758895928426,3.5793701561646962,5.816907982220496,2.957102184786461,0.738744470139404,-0.14507981412950113,0.6063853376776496,1.7290816702555436,2.7519850888519124,-0.32047193733658924,0.3116526514740439,3.0224397335677615,-2.2325147189951813,-2.8881871207098513,-0.35808171900432206,0.9484871613831132,-2.6680355255593318,-0.6424928535273132,-0.7537006047796115,-0.03818122430855618
TCGA-02-0055-01,29.01743484111132,1.846428588518773,-1.0632520051425391,-2.506594515754861,-2.2481870966787754,3.254221265316422,-0.7122758945360116,1.010136062128931,-0.8873543536594041,-0.8410413574961879,-0.34452578811695805,2.4796709251576394,-1.016501858985001,-0.1964130304710792,-1.868191135095906,-0.8677757757208392,1.2066866806159082,-3.3380946182419415,0.151255496278573,-1.9582276869400304
TCGA-06-5416-01,0.1498954512142351,12.537185416844023,-1.1338179398723545,-0.9123834023808396,-0.7933869475944376,-0.002556550788255124,3.669272598158854,0.06395795186896619,-0.04837789551110445,-1.4738152177148913,0.26126971834584495,2.3124692491165324,-1.6959400234671662,-1.2804348179271499,-1.597286417370431,-3.337205617885869,-2.4960523615324917,-0.13247347291622213,-1.6639227659412792,-0.7073782673430284
TCGA-27-1837-01,-6.976584071869126,-0.529900873607201,2.567763313027744,1.340913964788007,3.2400857432563437,-2.91891433413027,-0.15605237618637063,3.0288389868549452,-1.8961065672738135,1.1235098966385417,0.8436155980058466,-0.005353236850747217,1.6853094969421156,0.20498128462268259,0.17597622984095898,0.5277005468520651,-3.8458466770422755,1.7923834360404607,0.9470062260276656,-0.7222200165050184
TCGA-06-0132-01,7.056550974185113,2.151130389020986,-4.0852854397188265,-1.0386263731846004,5.7089872863430555,2.391365216044758,-1.8108775684417788,-0.906613526486934,1.9355475711358578,2.3474320509898496,1.0905655464164123,-1.3843812534560025,1.9160579166233929,-0.26931981738182903,-0.5057462782862744,0.3150494412377704,0.9448991066563148,0.507713194030305,-0.5073684936810001,1.8793024727580532
TCGA-06-5858-01,2.126283240606929,-0.059455075799117525,2.7811700551621126,3.6643783758746444,-2.190084142480303,0.2509619469515195,-3.0420528080564866,-2.893598186021332,-2.241657485129845,-1.4057092711334047,-4.275797015193417,-0.99540636698705,0.8917957236777897,-2.037089620592506,-2.710472520655483,-1.0931292808547468,-3.068709717123307,-1.5209683221089483,2.5059887775550242,0.9667692056647191
TCGA-27-2521-01,-7.149294237386514,10.846918530448953,1.0507148029226454,-0.9924408318771784,1.4635561815227451,1.8013107743932488,1.5432916596534505,-1.661191725600845,0.12083084111304536,-1.850496129201891,-0.7658978606930068,0.03715509417308491,0.6044154758636988,-0.0011898456853330769,0.24154921874896587,-0.7376423916393472,-1.9681340891880208,-0.4397379380168943,0.34447755149037596,-2.0778430396790606
TCGA-14-0871-01,10.16775823186226,6.209410098682293,15.281078250344034,-10.951105187759007,-10.526248842687501,-2.4294665707718823,1.0403233127235787,-0.8290131325643221,3.5848048641606387,0.05898720091302034,1.9429029868162884,-0.34655036170952613,-4.126401202727184,4.713712176194684,-0.08643428224697222,5.399078609148946,1.4122451837547716,1.3674461729428993,0.9205624790538149,0.8152466713123925
TCGA-32-2638-01,6.030260072646251,-8.043244665580866,2.0882776679045207,2.564187908320585,1.438674068600275,0.21525597415672285,2.269922237054936,0.1703126622228898,-0.23610826325955908,0.32253816304100064,1.9167982763685947,-0.9340011794239416,2.5458727507143375,2.9740408346226266,0.04217090799960558,-0.5939356069570643,-0.1351277992205165,-0.5166945672786695,-0.6298218892643914,0.02089569466929853
TCGA-28-2510-01,0.7810909481314608,4.361680857059837,4.093129906071138,2.8846919035608662,3.791955244324842,-0.5530153912075789,-2.057112144752842,-1.0560978387202937,3.7444782078702192,1.705311793763815,1.4145043630302265,-0.2958900812519236,1.5071346595296262,-0.45312127088601883,0.9386874999333562,-0.41306963819754294,0.024383855781838482,-0.5135040457217261,-1.5960539897992698,0.24748961309049508
TCGA-26-1442-01,-16.392430951688418,5.36983354593958,0.5636076555952614,-0.9100351420596752,1.006678585470658,4.692563534040613,-0.8625981347680018,-2.9330095753710497,2.108014774408355,-3.6414731985658197,2.2560861374819576,-5.085920089392048,1.748161880946772,-2.108023643416934,1.5398501280895496,-4.347809226568141,0.053748155235936006,1.2194189461618643,-0.0888868032300405,-0.9934997084760192
TCGA-06-5410-01,15.66962065086606,1.6037511202450736,-9.172449903614801,-3.0263908084529034,3.0023758016813646,-3.4266219170138417,-3.444913488426025,0.5443763041091582,0.29831748565715904,0.47508697404209843,1.051225669761705,-2.746363564456322,-0.45909380859557836,-0.2521418295536761,-0.34254293163042326,0.813403559003477,3.3066267882622147,-1.0630230664303362,-2.384891675317172,0.8007350512275607
TCGA-41-5651-01,-10.491944558235373,9.376498167871759,1.0586057299928429,0.7136243760408205,-3.3197776466340225,0.5799670101372122,1.1526506721485663,-0.35327191257971996,0.5328927287789929,-2.655628338121798,0.9865075648442908,3.012158753194816,-0.37873540171034814,0.6103990990047891,0.4471647311309356,2.0692848009599167,-0.8013071473934075,-1.3394510409358718,-1.8577358812468059,1.2142811536950473
TCGA-06-2564-01,-3.718987634030312,-3.719266333091482,2.496152724290902,1.7324601815112177,1.5053513703587245,-2.3406170022288886,-3.126268995335772,-0.3474451549576936,-1.758090430339439,0.720329750767743,-2.7249478276914427,-0.6161437121688088,1.2132719707165858,0.48501764146339116,0.9271221283924219,-0.8530270518998121,-1.160149403326993,-1.024053490746036,1.3775326249113624,0.42185354093668903
TCGA-06-0882-01,-1.7999071767726789,-3.6262156487620807,-2.9449514877730008,1.5016596857987692,3.7868691162781443,-0.36151796161884436,-2.955739029766459,-0.72763949087782,1.0243678296625285,2.689105616978964,-0.9655641422613621,-0.37997214248610145,1.1760976899280458,0.8456337861101438,-0.9974931011608793,-0.9214182936063314,0.7599932549610571,1.0184521034929204,-0.3374861876624165,0.7847763485594489
TCGA-12-0619-01,11.758617173903225,-0.5414742307044675,-1.7577607069492247,1.5938806589051868,-3.3506834514691057,1.3745171582291482,-3.4037722824657757,0.21712200964624837,1.1750016968577788,-0.6204916972537714,2.356462124938437,0.38564243316838154,-3.1006347134344705,0.4814843141073814,-1.2373022363848043,0.7103971978276828,-1.3458665115921413,-3.38755359285156,-1.7229234566745133,0.22345122700135883
TCGA-14-0781-01,11.169390090902148,-4.31915024086309,-3.2639825217512763,1.6743984427387488,1.5244753537074023,-0.1759033602848985,0.11760877496465783,-1.9039761932552672,0.5571619633860886,-1.9395792360905393,-1.9829227663918803,-0.14711819299639298,-1.0518612306136566,1.0284902474063977,-0.35124691094307914,-1.4486355489306548,1.0377879586043535,-1.2830908863251629,-0.07357013228076731,-1.1919372097973748
TCGA-41-2571-01,-3.408414670495808,8.875390464607339,-1.6322819664496142,0.18021990734988808,-1.9843865873653135,-4.478124487062744,3.279809152108289,-4.070318486118264,2.223767326445666,2.2409061604640086,0.1839324809080832,2.60767444971474,1.411054581578856,-2.3620435081954616,0.019086763714094634,1.0723709954476817,-0.9481628533072107,1.2231269307436605,-1.663378925858008,-2.6463393692950454
TCGA-06-0129-01,-16.791684095862582,8.874328538288687,-3.3569751590667187,-0.26355749483020263,-2.1138800759406964,2.002563215368099,-3.061996192494794,1.5588123222625274,-0.3200116276843506,1.8257587747077848,1.4334569095268883,-2.9063818464875117,0.017077056696437765,3.1315434555459705,-0.8132237864119642,-0.8436713844346606,-1.0439186823751474,-0.7250133521070591,-0.16846789101126147,0.6123197318109994
TCGA-19-2625-01,-0.60771626855741,-5.752351266289396,-3.467489840336485,-0.13909255555463826,-2.9675880483937767,1.3051432881452538,1.4603145605884418,-4.671890996793627,4.177429481539304,-1.2422749470403058,-0.6883948666764416,0.7308140092057342,-0.9714982711915764,-0.9131213749259394,0.1961577813534014,1.9409980009882744,-0.3595365623064933,0.9535252387645171,0.256907934888754,-3.3150172165197596
TCGA-06-2565-01,-5.762524388816861,-4.865785441106804,5.2746423555599,2.922972533119235,-0.5262074110358479,0.08686832390492963,0.9106310752971734,1.2635964924732495,-1.3628785966832904,-0.6698500230192991,-0.7689654243713179,0.08848173228287194,1.5233534140530065,4.045908426521657,-0.33892669209445275,-0.20413038163163844,-1.6046455455686073,-0.5735559181965516,1.295150630063091,0.5038299738218058
TCGA-02-2485-01,-7.437825729123159,-3.5714311661671734,3.846941223911156,2.2694980369231343,-2.4966038024368564,3.4547107142024194,-0.5096560154651558,4.557471455723461,-0.5463186927359984,-0.7082732881673398,-0.5162884909877499,0.8263404197131833,-0.09165344863745534,-0.15144472199570386,-1.621125160257974,0.4273138739157579,2.55324734983153,-2.592564037027891,1.4261878719475563,0.6883894668138179
TCGA-06-0210-01,6.175830797428063,-2.1881228978844716,-6.322140582549817,2.6479232596939735,-4.1593090985957355,-2.6112040711477533,2.5651223714555385,-0.7360881275112663,-0.5624210721321055,-0.9391042096044774,-0.8917506836679183,-2.1402820959194475,-1.5495033097607287,0.17087261781718802,1.1303552330625248,-0.14484624835205362,0.27888113085576555,-0.44024486501806664,1.059234370942634,0.7407291205379585
TCGA-02-0047-01,2.1892970731248806,5.792262852788571,-1.0086418269323063,4.600463990066245,0.2741142748068812,-1.6281372344294498,0.012419308801933301,-1.2236467526909227,-0.12053664381904228,0.6652583514024818,-0.40016881235216023,-3.2241987793804294,1.8264914822813074,3.0800909413994533,2.3394529576748466,-2.8465303077042314,0.39045227195058924,0.17336416424367193,-1.7609591484397364,-0.06138945792765171
TCGA-06-0750-01,10.87782836681267,-0.5068907301807178,-0.08034577146061482,0.24498785582531932,1.1771342840960362,-0.6468151214599906,-0.5726295844027696,-0.5224750894176972,1.6452112857733472,1.0450416493827805,-0.0681369183005886,0.23680462061401317,-0.05188164865347448,-1.7240305700707994,0.9344625446554841,0.12460966822096478,-0.4197968913500839,1.1311389918050498,0.43934128122602945,-1.3774563694409943
TCGA-32-1982-01,0.8827400826746582,-3.030575514391738,-0.9287384296215015,-1.0819191064350682,1.1738310651818262,0.4299378268102444,-0.7419885103442254,1.224974175699905,1.704508469153656,0.24580582638892884,2.5812175631689254,0.6779102618033614,0.7315398923037459,-0.0959674064229037,0.09752442734214739,0.3624206192665137,1.0528833738375614,-1.5262980258182333,-0.036126121539399314,0.9666497727982823
