cell_line,arc1,arc2,arc3,arc4,arc5,arc6
ACH-000570,22.113539829357325,14.37633333636761,14.080477548792983,15.47494562182445,15.835465471513874,16.141673649442893
ACH-000075,25.565263904170106,13.02291397643941,10.98500226228936,22.766991793183937,18.11847280995339,15.72032454356001
ACH-000376,21.673045999568725,8.473034766885217,9.351185882740516,17.953796095281348,15.416342464170757,19.40878750335111
ACH-000269,23.82205723227977,8.89287052952523,9.977439436185412,18.503665584833918,20.159828172483557,24.877085590313413
ACH-001611,20.821884134106465,14.817946469809188,23.330687429642833,26.47458189982917,16.492334359737864,11.113714611704413
ACH-000098,23.31954041422671,12.879183389285652,4.6880189939861765,18.06033329997002,18.794987770947753,22.625873817623333
ACH-000887,23.615023477792853,17.819677048328256,3.847540024334312,22.114111775497264,25.35623263960244,27.062531544770977
ACH-000368,23.13879140009847,14.4872999856247,20.540830748356168,29.117261868269974,15.929788806954674,8.9737618225234
ACH-000760,21.02323173074022,22.468736267306852,15.712303846616166,12.517975779013113,17.427268155558753,22.2188296099728
ACH-001610,18.555087651516335,20.271131718016,22.772177371671347,27.974374730942277,21.206539351345565,8.07311700919539
ACH-002680,25.21417389538491,23.197132098693434,25.17155408095925,30.505393003909067,22.409319869484982,3.0330919593836168
ACH-000231,19.562746315716243,14.310471659102708,18.195640404867653,25.891463797958657,12.545116051060182,10.873013097882277
ACH-003438,27.14514047749956,16.72578041052572,14.397258848787294,22.89546901721294,16.28496714198852,15.97185391940483
ACH-000738,21.11442442418456,13.534801892439033,12.62649977019793,11.244249810381463,17.857139307179402,24.93183843303603
ACH-002681,24.33957695484717,17.51743643317475,17.793451226966337,30.294401208718533,20.644540801899694,9.38046383185647
ACH-000819,18.608788741189482,12.70494171083564,8.793114642108783,18.67412521309575,18.689902728588166,17.53781624360102
ACH-000571,19.208507409886913,10.733826798940024,13.517712661007128,21.78976706853722,13.553456531083127,12.918648168337223
ACH-000102,22.948231879407164,14.471872386458326,17.24177082786622,23.547959489138403,10.158890399004699,14.007422115554212
ACH-000634,17.216312452032884,9.354542915777056,16.364553569264412,20.96705160886432,13.355781967419952,15.303586310864873
ACH-000137,22.688910044922448,16.905276120322,10.774928035934884,21.004347483930548,18.086548697827165,15.025579410801909
ACH-000445,21.996555014721604,9.416780582054681,16.996601765872086,26.215976812993855,14.020545870378054,13.668205267822634
ACH-001609,24.019882736119413,16.67932832493131,20.25437489955608,29.09977297943327,20.068071482389474,5.4879116356177
ACH-001329,22.29850039278346,16.250394236107013,20.253944240375613,22.932419790837415,12.419987522450784,9.44518949867919
ACH-000027,18.98256770511749,19.456650296053436,20.4129846294893,15.251885648796305,7.592957504962549,21.864884882479537
ACH-000370,22.107405649647184,17.835471915664247,20.38078319572817,11.04126071228135,10.398244268700289,25.10052442749202
ACH-000289,4.39625888431457e-15,24.309672935901116,23.30080187556603,26.06506334721598,22.099285250920474,24.611420297777865
ACH-000543,24.495891488308835,18.639536672118123,22.875785697258376,31.77657294323677,19.150880042901132,5.908313880976234
ACH-001623,22.265427829843276,7.426077973987361,16.092832874184555,20.274020826646137,12.127600750960429,16.257494212679944
ACH-001624,25.743008172858772,18.95824692006701,15.359579336125421,11.06313927591424,24.485451435170194,28.495220293513675
ACH-000244,21.430453510875296,22.22733322276444,27.60136919373101,30.323325782247636,20.325265935057377,8.50571519393125
ACH-000215,18.203014660896404,15.358396239452318,18.20135082003688,22.58120761179302,13.904847993997413,9.242499724553655
ACH-001608,24.449414541818967,14.391334971928268,6.730112967956931,18.745776882402136,18.777856783939644,19.894313267398896
ACH-000464,21.00515192696894,12.472227047793623,15.74904139431367,19.717394431111014,15.075954523550351,12.319080346456069
ACH-000622,26.952392362992775,25.570402305796875,22.76913568448264,2.7746113519349227,21.14916662018787,32.04830304347296
ACH-000558,15.07327374884878,10.327959661634058,16.44569361392702,20.963170096399196,15.472991960912973,17.587419778879017
ACH-000631,9.615204309344275,19.54329329303312,15.445231579502758,20.184496228418965,19.25344428429335,19.30913204065748
ACH-000479,22.275499056557614,17.70085215837278,23.274874722386805,20.99328555896578,1.050331793193599,21.797365092999712
ACH-000863,21.190193801974182,9.192101377275902,11.506892719197536,18.619978513358294,11.887686326928204,19.97613459932444
ACH-000283,24.309672935901116,2.2644195468014703e-15,15.886530503465318,23.679701816492734,17.114779384922137,21.342588576009128
ACH-000623,19.484140595019877,15.391275685803604,22.359973478376315,23.210569138183825,11.471101768985356,12.16618559121638
ACH-000609,21.923387221644482,10.350020374150224,15.732266406111806,25.000215320886916,13.903961680380565,12.522050800853036
ACH-000504,16.386688450851086,20.109450225036476,20.875653955688897,28.841619982873084,15.732547414834317,12.96122492552743
ACH-001605,19.746420099871454,15.104896991714321,19.389754383014566,24.188862256022226,9.70618932067412,11.868735477162812
ACH-000152,16.75078563940246,15.187391697355865,18.51039051510433,26.297648144080913,16.276264084484573,9.512776519313578
ACH-000328,19.456425785810087,10.510281918587568,13.496374462827513,19.80702166680987,10.249019268123027,16.237328023015273
ACH-000595,12.039298671336798,21.36754662873464,13.185962747424004,21.95995692786629,22.135110573823347,24.73512587511405
ACH-000469,22.458122245627518,20.951952594207928,22.803665312047535,29.44696489755506,20.655024439259837,2.4888204473185005
ACH-002409,27.980223466342757,22.413313129854487,19.657368064102783,22.286550278609162,22.434233560879363,13.8996601272345
ACH-001622,22.768198646737368,11.605901840285682,15.821164723701017,24.973680003760535,18.78250471996766,11.06326702977325
ACH-000455,19.469798255001994,19.457607877864298,8.444818210829865,17.401550717917587,20.934692378749922,21.041620619814193
ACH-000036,24.903352430230264,9.571827727466482,18.42794677618603,27.54442997898182,17.17963200546344,12.900138550004465
ACH-000673,21.96265593384181,12.020930375428577,19.927788297984925,20.898127247106093,16.894334494553124,15.30453553444784
ACH-000200,25.659744090660997,11.013991668842397,12.799355806314383,17.200777515746523,13.27359087320504,22.01225597627076
ACH-000323,21.043838155281513,16.702230117818097,23.08958053295059,30.212552975735264,20.962785748991926,9.168993811928772
