,arc1,arc2,arc3,arc4
CDH1,6.8144441726147935,1.108147432757459,8.035907546989366,1.3375357255689684
AGR2,9.702100937482113,-1.8636009785579395,4.753401206544517,3.9771044876320656
EPCAM,8.88925978388356,1.599506805948037,9.089729555797037,3.3768817017472252
KRT19,11.899377052021912,2.3639359771544974,10.416958323061003,2.488444648150862
RAB25,8.353684608603755,-0.5226052151085714,7.65787693282049,3.828908979225164
TACSTD2,5.930703346744019,0.30734884671374196,10.11063030070431,4.501539185352832
S100P,6.384912028888826,-1.091530364367669,8.718414848320826,10.359799832843652
CEACAM6,4.331996538041496,-2.083231051282473,3.1110357060176144,2.1859441250580347
FXYD3,8.966712566019226,-1.707499246921027,8.738448598483917,6.250364138439774
SPINT2,9.876880518239291,2.7490361641992838,10.297474659996897,3.596562908572105
TMEM30B,4.514691578986396,-0.31738805580257967,5.0942066221794695,1.080815522313872
SCNN1A,5.544363353762724,0.06081976569315373,7.038816098928361,5.0013170623141
ST14,6.052579389892724,0.3519544245283681,6.95326048778564,1.8200531000435256
ESRP1,7.039913439485223,0.07892837407427589,7.127299807375544,3.642143588131758
S100A14,9.185177524576922,-1.9817146113072388,8.398741109295242,7.774675535403761
CLDN7,7.711065611849962,0.3627029923418412,8.579624570380789,2.7656991122504864
ERBB3,7.7382239110496105,1.2750574547863156,5.841228559304414,2.2961547726803735
RBM47,5.452405748080327,0.917946465866915,4.690201989540099,2.145828876255165
SPINT1,7.737263450762632,0.4529128354129668,7.980914750896368,3.5303022861271516
ELF3,7.29300550021423,1.011395384904997,8.98748963427126,2.5582112297676876
CLDN4,8.645597081551578,0.932697444171847,8.99337095120983,3.3879177067328246
PRSS8,7.11644412233337,-1.0440427591239896,6.903928552540466,4.523667249744496
SH3YL1,5.781476760639647,3.2112046370398115,5.800729243864484,4.657708067358261
EHF,5.288334418028643,0.7401769820695945,5.18383192283955,3.4479269214643007
LCN2,1.246508123569864,1.1324421758883676,9.405329775205608,5.494724752146896
JUP,7.919876550683285,2.430197554497585,7.361733252243156,3.127517058652776
VAMP8,8.09008445389966,2.245545175971131,8.09896068921788,4.399665150604976
KRT8,11.576076423590191,5.161507036369137,11.075787485752906,4.588788094684656
KRT7,8.282930831225803,3.7495071170373926,11.669386894295625,8.092261163538062
DSP,5.712413508898797,2.9935863120636874,6.543598338577405,2.1892517583707156
CDS1,4.527396402806196,0.705958697526381,4.6385880380615765,2.3676164741206494
ITGB4,4.394464125623173,2.3783277206611246,7.149731773173952,4.01252737112275
TMPRSS4,2.302847397776108,-0.9202395032311033,4.028392969529965,0.6265058412672335
LSR,6.881916673663311,3.1445106451870735,8.233962822053527,3.317097463351383
SORL1,3.812343940669937,0.2417717971230675,3.03736710753489,0.9003257591074558
GRHL2,5.453987760710673,-0.10421414111720084,4.970454397799587,1.009542031849239
PPL,3.851543728873465,1.07232124711773,5.108497162393302,2.3433806496038176
C1orf116,1.81750412412367,0.08801774875248558,4.120592110208232,2.4855680625000165
TSPAN1,6.377194450818896,-0.044700239815229637,6.20338063396588,5.479935004732693
MAP7,5.043973323855228,0.5423600703715983,4.592008390604574,2.430290642826945
SLPI,3.9708999390327975,1.234184819880297,10.064524372435102,9.311272677078744
TOX3,3.448491066371032,-0.6915470673445987,0.22136248303940875,1.0795748900044964
ARHGAP8,5.613484406173928,0.46423923859202443,4.651467261761896,1.9637962681321812
F11R,7.143658399867339,2.6483386786147105,7.737160388572428,2.7077477958638987
LAD1,5.503408537656347,-0.3906086590729396,6.164927558400405,4.288852273726017
GPX2,2.8500754138044275,-0.45323926605556597,2.5685372003138665,2.7529471802797936
CTSH,4.420493440200901,2.917817633170553,7.081517353455759,2.000085034407307
FA2H,3.141754197716468,-0.5757032236317161,2.3330732757489177,1.6138962328642363
KLF5,3.2266388253586875,3.256673626186402,5.829319589304937,4.52593865009498
AREG,3.635928227856154,2.273831775514833,4.848133540453311,3.8034245806223153
KRT18,10.824664773804027,5.205319743475523,10.32600143929287,7.071550943623271
SCEL,0.24404408595424032,-0.41984465922657777,2.1241947567931865,1.7145320159564812
CDH3,3.9349066379164253,2.3139526178484533,7.947137109423913,1.6699484838960745
MPZL2,4.11397429379876,-0.12104452674187627,6.659522272341262,2.39871979004673
OVOL2,3.636584233221513,0.1376870009392599,3.2545375001287318,1.8214721621811707
LLGL2,7.400980317795378,2.110431069859197,6.083775461119332,2.2655145042745977
ESRP2,6.7298368325592115,0.5357919376835287,5.459848731183252,1.6992409499498056
MYO5C,4.923486862701006,0.04151187097335196,3.5889098499473606,0.5997990946690921
DDR1,7.836111874971694,4.771896197367594,8.17085355762954,3.3908538581618384
VGLL1,1.7947664403172907,-0.4630945432384208,6.666435092434009,1.589680348009451
IRF6,4.744080908512866,0.1953200052948043,5.498621180727209,2.1205128804950015
SFN,4.904711925815066,2.6859869061463146,7.64420092579604,6.738995859897314
TSPAN13,8.715615654293238,2.4499053531323103,6.532446836205634,4.8083276579809455
KCNK1,4.6773461247602865,1.4554166810635412,5.3420513740584985,2.93204461470898
MYO1D,4.480044802640837,1.0320399339630328,4.450394700828538,1.334650842367627
PKP3,6.2052419022548175,3.276008924442551,5.862084991433054,3.629423576498773
ITGB6,2.7196286330101023,-0.5897100717032759,6.321941856333133,1.1050611224583333
LY75,0.6438192469790325,0.6022200670180435,2.3983092321275103,-0.3847631614304081
MAPK13,4.454982981473183,0.8972218684170121,4.405542891096874,0.4573614282451879
TTC39A,6.915064585185114,-0.24829357737538293,2.8834097304393667,0.5945867910396592
ELMO3,3.594866209462883,0.48770660907379737,4.274376987153607,1.7336309665980327
CEACAM1,1.6595978554161273,0.19467723049991092,3.3085874793811825,0.7479142722625833
DTX4,2.562418350485321,0.5848397549534816,4.506587185063715,1.8120601462633104
ERBB2,8.243827490918799,3.1831835018915173,7.300462561091157,4.559602672829735
RAB11FIP1,4.910934562838004,2.984691008401603,3.938752179403385,0.8917956542169425
ATP2C2,4.789724016988147,-0.4500087409764286,3.34640889951453,1.5835302546066985
MST1R,4.496833300951635,0.9575145671684764,5.556065932821978,3.039290061646077
AP1M2,7.036594457940572,1.5896768402926607,6.743893205004244,3.204193711443245
TGFA,1.7781350730915566,1.7031916286065802,4.809507481357478,1.2129976791981851
MYO6,5.500007826472116,3.200679570903234,4.946350929942904,2.77254576688951
PTK6,3.706237757801347,-0.08866137930145168,2.8510354328102694,2.787640251790751
OAS1,1.921793267416796,0.47528232241437807,4.987166914059606,2.211702711518484
FBP1,6.1919206613383615,-0.6284904058431806,2.5358097222402374,1.12504039216627
AQP3,2.4528241287021006,0.015246288206808511,6.0447054048389735,2.520976590763895
CBLC,3.1016976814112303,-0.1769354860906076,4.0456189158722164,2.102679330832442
EPHA1,4.340692660275251,0.5763894842119419,4.27416619417544,1.771035063230114
SH2D3A,4.120281912655511,1.0931271254328903,5.310491043508931,2.0593606879008473
EPS8L1,6.7720545365738,1.684209709799945,5.211096903355083,4.09846622965329
GRB7,6.163918768428177,-0.16430097731266802,6.423758502792826,3.1280298380288016
C4orf19,3.981777194667222,-0.2038131722398444,2.445859121550279,0.5830141185744251
KLK6,1.1760092146591823,0.37208183595984057,8.176477073566751,0.8766479688758588
TJP2,5.0436823266679776,4.169105393334246,5.82380825281675,2.972498986806384
PLS1,4.084051166280129,2.674091473245665,4.545232325027742,1.4878894065612682
DENND2D,5.764366143656972,-0.40304111508117124,3.133966467381961,2.3157933779580047
EPS8L2,7.227333744328484,3.461901524662357,6.846063889081997,1.9305000738237332
IL20RA,1.5032602640611787,-0.1525585677476886,2.1248427772891776,0.878761641998651
HES1,5.386001032240393,3.9408954005573067,5.180455709735213,4.950803621965272
IL1RN,1.2592904816224801,-0.2518643506456726,2.98112575445604,2.267373848128166
EXPH5,1.7044197252346291,0.28204483184098517,2.0730994059800745,0.8668495844970855
ARHGDIB,5.564144287491942,1.4090759003215072,7.484870286162963,3.1463087527519464
CAMK2N1,5.915905450729632,1.7289666400730592,5.992620897497235,5.057159622275624
HPGD,1.4163059679254721,0.3545739883357253,2.3489565750769414,1.6919030659676206
SYNGR2,8.273926230485943,5.8869579062467885,6.872294179043512,5.090536071029545
PERP,5.469314192990324,4.634428620161518,8.0188400466431,6.364024273556027
MANSC1,4.759868616547745,1.6936826808809569,4.7651897220581985,2.371937001546015
DSC2,2.8920790366072664,1.5051369568090491,5.050234985154162,0.6108617062004496
POF1B,2.4938263000514955,-0.26408870022049213,1.5963875596082422,1.609726374247078
SERINC5,3.489207760734339,2.2808836770274263,3.683860714224398,2.2346396987386776
BIK,3.890825415513267,0.14490465187855905,2.986454758984602,2.306512486060708
ANXA9,5.35473107411482,-0.4954130574246771,2.32944913833435,0.7566638071452259
MALL,1.5143653299651165,1.7354272141160987,6.461743634138658,2.1298860138689384
EPN3,6.578799646052479,-0.6133103058886222,4.310762444161808,1.0398812887776034
STAP2,4.8676520209047895,2.4096428721596577,4.865562017135967,1.329231769173401
FOXA1,7.972182077289023,-1.2223818699294924,3.5308444294199752,2.398970117094759
PYCARD,4.415595125194315,1.0743041092932315,4.135274320026625,0.5981556500715901
ZNF165,2.4617239092466803,0.8538117902207762,3.133926846850555,2.1453388446410204
SLC37A1,4.790139104362041,0.505368076019372,3.648168943002222,0.8411971434719394
ANK3,5.304506141936189,0.7475518218143966,4.594234550634655,1.4775159846277153
TSPAN15,7.089795228816734,1.643942921450404,5.811717703584702,1.6806137456253438
HNMT,3.0769647814942376,1.757706466496733,3.4231315707051553,0.9783930388768376
ABCC3,4.104499045233342,3.7193586495207436,5.633724549112778,4.204006487221111
SDC1,6.558077210062171,4.589650537858806,6.679928902753496,5.746666360416666
CKMT1A,6.339441514068004,0.15759609105333183,4.780934413904741,3.560446214832493
TOB1,7.86545505087622,4.023878059762543,5.632587731509102,4.361886355840248
B3GNT3,1.9723975757882672,-0.5673349565123433,5.1834119696527,2.7431312471634435
TMC6,5.933539083155867,2.331399407674816,5.587240922578467,2.111322339017809
CD9,8.626695619123378,6.237279365225328,9.061421493108917,6.455447272489124
ADAP1,3.6769776846699513,1.2595993405027843,3.9886358182979476,1.878261020525155
ATP1B1,6.034050624988433,5.288946434512695,7.730059407593609,3.895132903538381
SHANK2,4.488667491907361,0.6060381619156829,2.5087592082440393,-0.08189140119044769
CYB561,7.690711197790133,3.8991389545418653,6.69521410375064,3.5330242653181116
ERMP1,5.624256564502067,3.1116506907367416,5.780332250162257,3.2772208858121266
RAB20,4.2673595688769606,1.7760177428320016,4.530044498466136,2.1795229629579076
MYH14,4.827617669322354,0.6566753785538517,5.061219658162454,2.503638304718225
CAPN1,6.518141962382854,6.440696516985192,7.836391890021843,4.503512236023765
ALDH3B2,6.703743103243152,-0.9255464056971574,2.7189897133885754,2.638647933639037
TRIM31,0.34431438023957245,-0.30598941080509623,1.9240030461671513,0.5344360682471632
ARAP2,1.9240938847626234,1.0350944074897617,2.5948178055897837,0.35611698734416875
SSH3,6.079932178222058,3.569146979877054,5.203308952291705,3.209138982628221
ICA1,5.964137636188829,1.1255348749559242,4.060159779026755,2.694013795813322
ARHGEF5,3.774682736608603,1.1291830448078601,3.8087633985816933,0.774031701268258
ALOX5,0.42179183985655694,0.0038662881994707687,2.5141444537572113,0.6535507013440839
RHOD,5.880831143529564,2.291733955408658,5.235358668207053,2.250236333085255
TMPRSS2,3.18720800908904,-0.4986683581563329,3.4677056949292564,0.4259463965309134
MTUS1,3.802449129773924,0.642284051891596,3.572637128685674,1.7908313396224953
CYP4F3,0.6553937853674184,0.04003263739383833,1.708669653922401,1.0953477223975732
PPFIBP2,4.95113120103478,1.1224242552754964,1.9512594903096059,2.6276087672932142
RABGAP1L,3.26886857547031,2.6410539586249233,3.849966246819883,2.0247575593833727
PLXNB2,6.845479721346807,4.393277123224711,6.66235736029356,4.506830263252562
MGST2,5.685486509851636,2.2707175805951407,5.722931184342062,5.140358772035086
EVPL,4.376137576205114,0.4865472873945529,3.8971972214528066,1.504680066542453
CD46,7.705547006766785,6.0912193855967605,7.759737761789777,6.254283610936696
KRT15,4.827726672809458,1.9780302161336252,5.821813467728126,2.311191094491374
CNKSR1,4.432517317744348,1.3498075144868968,4.271261992077979,1.5116984651624343
BLNK,3.2983651135904726,-0.6768066710793648,1.3627387675441998,1.6652990501548914
COMT,8.158170995491483,6.17921970357123,7.69481172975329,6.723194419803505
ANXA4,5.613173233221941,6.300313784036145,5.902764824889098,4.409955749339909
TNFSF13,3.4956381832726184,1.1961783837138706,4.456259965511413,2.701035799244628
OCLN,4.372939519732109,2.2105084934509796,4.722755763964775,1.8062402139372962
XBP1,9.986983786137298,5.033936106417556,6.571280865852444,6.684238816908717
VIM,1.1849338280672366,12.79189736290069,5.306486712943677,4.0694089412098515
ZEB1,-0.043931340397829866,4.651087061327531,0.39480925607740003,1.388716675653336
EMP3,1.0269036973580468,8.359299527571325,3.7007269575782287,3.1220751653631806
SACS,0.7803114684775148,4.757196632149399,1.6182658622582178,1.145068385780882
AXL,-0.4943375190147856,6.750119030534179,3.9229031142524935,0.7464559640828825
LOXL2,0.15005079800884236,8.534557286657904,4.8473172485094995,0.6297997276905072
SPARC,2.190542657155601,8.96917377945388,3.9207363556285344,-0.6475319216234459
FHL1,-0.24107574072096138,6.275126945200251,2.533292264767092,2.0167521475473373
FERMT2,3.3003601954998616,5.91330153619247,4.603695684168913,3.7118209695605158
TUBA1A,5.084164240120912,9.11041482958576,4.488936262621156,0.68947754987542
TMEM158,0.019724116391584223,4.94879041234969,1.5897714068895157,3.195401376242791
CALD1,1.129838088073107,8.8947085897962,5.919654746507142,2.596488942901482
LGALS1,7.0126745576590475,12.79078450226995,9.930890451334342,7.392551598552234
PMP22,1.9925865235574165,7.404140160092027,2.4230523045132046,1.4181427394806307
MSN,0.15122114898064076,9.487207893505285,6.9504956068262835,3.068380423499448
GLYR1,6.02756882584939,5.291205278190732,4.851212137213191,3.6410313478374396
MAP1B,0.20931658370174833,5.3551533456425915,2.3034778057411747,1.1689156222856982
AP1S2,4.076362801902663,6.0019918953171345,3.109184697731143,1.7821955437603165
GJA1,0.7039510468200404,5.299175031216559,-0.011732687860315671,1.698956634679965
DENND5A,3.7415015362122555,5.96284916955749,3.5821965689077926,2.5448385522115213
TPM2,1.7062987744342055,9.611530139736404,4.677356411036728,3.1284703329844463
TUBB6,4.193810159987717,9.132754796141612,6.805960147328233,4.217885505019165
SRPX,-0.2440487784958596,5.196691870597683,2.1327018279374643,3.535424193714343
ANK2,0.0748717223536961,2.3174098609041693,0.4648094834260458,0.7282834239549811
CHN1,2.1462913272637225,5.5464946875565335,2.2121504534676055,2.0405865170921222
SH2B3,0.8094962841849682,3.935905275082684,2.1060243200791713,0.7574710687062443
ETV1,0.36383528482154115,3.468483971622072,1.9445535192299155,1.0472133370942065
SOBP,0.13301771046976085,1.036005732119495,0.2949477218970047,0.29769800622933884
AKAP12,-0.06167490511791307,3.8147246982407133,2.684238078409935,-0.12149604968589633
TGFB1I1,0.10252571820439504,5.797749677818561,2.1013554254671507,0.666813465856452
SERPINE1,-0.2762531965021493,6.952624968882098,4.29975693040826,4.360847345206196
SOAT1,2.555358856581259,5.650426227359453,4.391562901142614,2.0600417600731555
COL5A2,1.11228325390114,5.217575621065501,1.0556955034260045,1.9888313432124636
LHFPL6,0.2283414318457877,5.381742660966991,2.372327690621556,1.3222842071921035
CEP170,3.634862076921438,6.682066336884111,4.178819880381158,2.3699713810572467
POPDC3,0.2052456457932723,3.619576429179425,3.8655922545036137,3.36273326166482
TRPC1,0.5840976128399875,4.055401479444713,1.5965683445355934,1.4131619356254455
MYL9,1.782953531544301,7.331638904870552,4.298542673800509,-0.7512817929991913
FSTL1,0.8205921828882303,9.52415375648842,4.837464564566017,0.19232719512960506
MXRA7,2.3741721559065976,8.03979562568161,4.009586228456087,2.002246444330023
GFPT2,0.13168503913280616,4.508864508894064,1.9999611708280973,0.9671253627045201
RECK,0.35181394073734285,3.425151156642273,1.8089448922060223,1.2359686945515196
TMEFF1,0.023599980492967076,2.0671943514575504,0.587549926277245,-0.0906753812897011
