,ACH-000828,ACH-000117,ACH-000017,ACH-000276,ACH-000554,ACH-000818,ACH-000856,ACH-000223,ACH-000019,ACH-000330,ACH-000643,ACH-000573,ACH-000711,ACH-000248,ACH-000783,ACH-000857,ACH-002499,ACH-000759,ACH-000196,ACH-000910,ACH-000258,ACH-000691,ACH-000147,ACH-000930,ACH-000374,ACH-000148,ACH-001705,ACH-001392,ACH-000668,ACH-000876,ACH-000699,ACH-000044,ACH-002921,ACH-001396,ACH-000352,ACH-001419,ACH-001390,ACH-001389,ACH-001388,ACH-001395,ACH-001683,ACH-000536,ACH-000568,ACH-000111,ACH-001819,ACH-002401,ACH-000212,ACH-000621,ACH-000849,ACH-000028,ACH-000277,ACH-001394,ACH-000721,ACH-000902,ACH-000097,ACH-000927,ACH-002399,ACH-001391,ACH-000768,ACH-000288,ACH-001662,ACH-000934,ACH-001393
ACTR3B,2.7135616555607127,2.775088478910934,3.0152067316977917,3.8692594631947537,3.194807274009524,3.717988916032107,3.975749397192794,3.4631385131429373,3.416079019562472,3.942861648718869,3.124306626773606,4.175524601089875,3.4215222444921607,2.930233962043262,3.209339505203063,2.637770201937084,3.1077029321770016,3.165255946279058,3.284207616824873,3.2651262991050456,4.065106962230768,4.5999604354652925,3.2400532466085905,4.899180465241316,1.9716778160543504,3.0553345017510996,3.930226391145997,2.089057410696049,2.7382857772544975,2.466684539596976,5.779144132016992,3.3178481605092665,2.327586774361758,1.2827778275513584,2.1410599702439925,3.598484313273425,3.2253119532193373,4.474591791394583,1.246322952045016,2.4905085193780176,1.9320347065690189,2.879545022282316,2.073199843857779,3.2211919088575556,2.550467298665762,1.9250955527904627,3.391109175121705,2.5142788330177352,3.2605722103523576,3.506322657655851,2.899336135879365,2.7893160995000157,3.698651888513453,4.185739709402783,3.294154600390758,3.8630265692789623,1.7083241034265426,3.5683969899161374,3.15562781584529,3.6910092500339866,3.908515117045925,3.1677368584128103,2.704801155600127
ANLN,5.556009360209917,5.40191029607167,6.677085350559835,6.263158382111841,5.227606317393514,5.015136243797379,6.48264502682898,7.306052572843196,5.174514281040765,5.558359483532602,6.416138824433753,6.6014187055781575,7.167508468259016,6.9479583126952065,6.034477655530931,5.9403077235664155,5.452644850246802,5.687547851686726,6.417547069919645,5.531334669648103,5.357266956220151,5.768073140324411,6.553790544230466,6.556640929815816,7.75863630612309,7.870099584594793,6.836340758965357,3.3057677417081743,7.353111529774809,5.1261427705926215,6.95820468671248,4.7743706601242755,5.073468940545412,3.777293457736079,6.0658415424430405,6.359088887504864,4.456122743838222,7.172877499304591,1.0600404642526695,3.9950050483832182,5.900499749329945,7.308921451883099,4.904011953492926,6.257714062333355,5.053372040922078,5.547992650222346,5.821700012063371,7.346212309167008,7.147398289096433,5.453425391283527,6.473762563495303,5.843521625361151,5.194457451826207,4.160597545880555,6.080246197844043,6.220935465598439,8.217022247238985,5.432120931132097,7.972411209129157,7.626081339007997,2.6294125780747444,5.861995052595949,3.3499681618975945
BAG1,5.298936857837996,6.11884350587492,6.649990453556448,5.5537813304123045,5.816182401169951,5.263267322167969,5.285886735057946,6.332011477260244,7.284662185483165,6.041413845250685,5.105615226776391,6.150120952598153,4.1757082196530835,6.683499964948255,6.944741339184569,5.892595028969815,5.6571054688471225,6.825340439545006,6.942608336111664,6.2312711100582545,5.334089109227276,6.200123729806214,5.425694274118385,5.317181040365085,4.760226270054624,3.033807081728022,4.911571751726427,4.391623388251696,6.312879325858304,5.722851238191558,4.679772831335128,6.161639823810179,6.571614623499623,5.099800143399415,5.016919688407885,5.8530275394485765,4.638456187605184,4.736545348034233,3.537656385194121,5.229080275480307,6.481612171821221,5.359120522355064,4.938459883520982,5.749652252773653,6.042243776356439,4.431883664175808,4.900775052072908,4.5842590154002405,7.217715411350674,6.022458810922669,4.486740112230904,4.1198209521218745,5.7160937309452455,6.498509380423517,6.533608509593343,6.089209989829408,5.4524372935870975,4.473364819371683,6.266100629114732,6.002394238504181,4.87308970124963,6.201357448821202,5.712001412931905
BCL2,2.707447485818037,0.5835932144248247,0.2077367073648789,0.9606659056649924,0.0504654772493316,1.439426332552552,2.992813740831298,0.1818722069385325,4.956581764759608,0.1881514858199864,0.3400312367443471,1.5779774010454928,0.302082701616695,0.0507287495045738,1.9038288355081792,0.159977870324834,1.4779829289746038,0.2482955815172252,4.041540884122263,0.7139509029989476,2.493142609825205,2.1736455590482064,0.3691448252144871,1.3820197620419787,1.4949378047679112,0.1111688961885202,0.6499133936798249,0.2331505760310459,0.6379709328524957,0.7189476824399859,0.6901604942620653,4.59706629052067,4.433627167084783,0.8630432261890771,3.944539893554437,1.3142150636656222,0.6004162995198523,2.0731415615295137,0.0813341730180327,3.8795391410646474,0.1304050796686197,0.5978514991948091,0.3588080802295143,1.9043492152652588,2.159816452790223,0.7479184027594189,2.8724111545971005,1.0016293250008548,1.4314143622180415,1.5602845270055006,2.0823279031566675,0.0444318912432396,1.6418280668940026,0.3599540264448407,4.137987073428877,3.3627377829356315,0.1678306123385408,3.6677104999455215,1.472768484807585,1.7521105822193583,0.8054625143490471,1.4814797838174705,0.4814766838552358
BIRC5,5.125609777311636,6.60806405199435,5.9758456757387615,6.925584109389362,4.949488243101609,5.400626729102387,6.855865149888289,6.491705613298456,5.97818189838178,6.780165717315186,4.982048956031338,5.354452160579561,6.878602741519047,5.693185841895027,6.507640850222968,5.942828814408404,6.382662065673009,5.168818511035423,6.3230547603416465,6.262098604831186,6.2375923975618965,5.937066561851051,6.48438951728169,6.927280190866622,6.572140848751824,6.0442192366331176,4.889015935100172,2.7616065457746095,6.007529669107188,5.190911111630688,7.1273340627995205,5.754387815689341,5.667841045429965,4.265669424866526,7.181142315780217,6.126016770574653,4.596708585708541,7.227644821090996,0.0366932189441554,2.371885000276599,4.45762712179055,6.098072098764364,4.519598514277713,6.011417365499184,5.991757646504715,3.5268700863568268,6.796675617612072,7.824984190271694,6.907731922352586,5.760471133874951,5.862002494058977,5.899274739838686,6.426100345201836,6.116420902921222,6.79689620822429,5.901129970185858,5.337746766638768,6.059833298828048,6.808462280657498,6.609376748763307,3.684201589808107,7.080551077327601,2.9461113600195032
BLVRA,6.9106846991694555,6.828060300266282,5.398155379890056,4.577942366274054,6.387803664533329,6.2270363424893365,5.181325220786017,5.436534993760199,5.940037513053939,4.590751706100331,4.260816060381343,5.624761832176777,6.079100725158906,6.720073211391771,6.917932935631184,4.566833415857858,4.865008184667828,5.6486236246009485,3.440431352221212,4.7921890189791805,5.208201186948203,4.381110294099054,6.994851222201222,4.02478950704328,5.3153923313243165,6.106333661300621,5.520208500094188,4.630708331091705,6.613586165487409,6.600873327541837,6.339969331983723,6.028173506019886,7.897361451961422,7.48760693334264,6.528879140148637,4.6676991476059895,4.858025767727201,5.80442017671336,3.805725818201272,8.188707520109775,7.575070247451549,4.16657084690328,5.23636250208581,5.662951724680594,6.77719612648893,6.4254374842406845,5.022722894261084,6.28918709863779,5.633919388764568,5.9496726594644995,6.773508489383994,4.597709935768445,5.646012848776881,6.276744165617344,7.110582487613055,6.120312537794927,6.552057311223619,6.093771426955753,5.59521122493889,5.495800675025257,2.961432561388455,6.323134044447895,5.983463371993801
CCNB1,7.102805080592096,7.651941437579245,6.767151567937371,7.309367209662295,6.367470666882454,6.748488068599704,8.253024878891921,8.041692002004178,7.558543164945347,6.475470804146126,6.951727656349584,7.288441621825206,8.379079399285779,7.260910127307605,7.437660535776199,7.571638891709784,7.402645442963031,6.689816313149856,7.66965752313527,8.022462140005088,7.761019265240484,7.31553905998273,7.795922760405086,8.446094910358646,7.986189052628162,7.254140484200726,7.476373586157242,5.318222828068696,7.562280590251707,6.906806435943119,7.710441409781887,7.134138779389252,6.8902156289497904,4.978007957270344,7.342225820732077,7.704823560340643,6.492396409144252,7.76768127918082,1.482022174655147,5.116269095119884,7.183704847489777,8.253729323306606,7.199888242224715,7.760027953133246,7.450633918369583,6.109130679482114,8.242916846591399,7.328271005925175,7.882838655767251,7.659218161158682,7.424367874040895,8.130766169210837,7.851442982733346,7.274065933537111,7.064354760971709,7.251065755994177,7.369274530322028,7.3586951513290115,8.525759607234423,8.963731312304411,3.825541427101827,7.395885394830687,6.0609963267945925
CCNE1,3.5195167439990644,4.258639521137091,4.621799875075787,3.74057142858516,2.8463428706814717,3.685043089476681,4.684392372756302,4.335583296670125,2.6648992048709332,3.7661816924446936,3.5398412150875487,4.403281358333847,4.58402444404312,4.125171666414248,4.290571850852079,3.4763168750134428,3.104995787305875,4.114183761055666,6.942502776063585,2.9934859749576423,5.2926713346679835,4.028100553816278,2.789975416945501,8.187381768161597,3.7931779969906434,2.591181519867425,2.644008530327603,1.5581598565465102,4.1712388584799855,3.518547727889217,4.008917094736053,2.32075903837241,1.5398685045340184,2.6410026041018613,3.8753967348544154,4.311532178331072,4.04176864995163,4.22329897333279,0.8827126882823739,1.2638096460911117,3.1334895479136726,4.358881486305911,3.6004957516855405,5.553646187651597,3.6521193210307703,2.214326892874327,4.538153228061524,7.360302816706584,4.538084922312424,3.7817478774214073,1.9406892216258291,3.3070073133388216,3.9903831132347216,4.585551480954237,4.727163521649534,3.206824487102657,2.7030785450261776,3.1931282998459434,3.751592259695934,3.9350825233186617,4.035060796905114,3.675319143130304,2.0336872878705967
CDC20,5.771555495222716,5.754585573276065,6.865943551909418,7.87767064118137,5.369613048996386,4.958114185491865,7.213386167868156,7.677529383596349,5.773199881075239,6.189978701622112,5.7037181215875705,7.164142648848307,7.463589763065911,6.334021154832852,5.731677453783605,6.476188861665098,7.330343270417228,4.616487091433995,7.506430569453624,7.110812136337923,6.692789834972647,6.941388059807964,6.208772798956664,8.209706789795472,7.3045110418099535,6.914564523493939,6.6896346320037186,3.5977576017729227,7.820274713333283,5.390712390806018,7.486440865664721,5.328276392287819,5.646911465811901,4.4642173543443935,7.390401144764371,6.395402176919016,6.964595013901523,7.591754206337617,0.1870177053464759,3.3564100643292685,6.040966929986076,7.542265789526419,5.487897901210089,7.540546543528349,6.359109977482072,4.18947668909787,7.590355002480019,7.243069229534974,8.178794301871793,6.618460388301871,5.715736905409348,7.269416591971261,6.689033523623053,6.548065113719709,5.135079235832671,6.9321674981327925,6.054188609968146,6.424194848437243,8.096219678241741,7.940660096020696,4.8853547222235445,7.266777172514869,3.416496588239955
CDC6,4.707983014541369,7.172637521753105,8.654507146787576,6.895920579081019,10.567109978487714,5.30632786831682,6.412181971144911,6.72137265947682,5.593831801150637,6.929412287901253,5.658565685178366,6.34355350582051,6.46889931992775,9.348478094923747,6.111878479964575,5.533392033580457,5.234804021773299,5.616540022177246,6.116177586810981,5.769102592440504,6.754967649661664,4.922036059538016,6.598378605458911,6.040493574639898,5.676961278808801,4.455741473246932,6.278744936509408,1.4369560093102225,5.671754757275156,4.5621630356430325,6.1331175463439855,5.523737577806971,6.09875851287361,4.784127032226518,5.7337285250086305,7.103340269096048,3.4820350862376728,5.279512154091248,0.6234492530795083,2.229141817996111,6.232002568908853,6.419387198312857,7.591058515218421,5.351469324267079,4.693654216793569,4.053676136597219,5.173691126005685,6.505968713787298,6.024357359713192,5.460519787138006,5.674327878637457,3.954577876031556,5.706099503036175,5.6442572032578,6.121027837933973,5.965133193762482,5.316395585010466,5.20679558028674,6.84173415906004,5.440623369561231,2.5448785251774257,5.937123074043084,3.2073978161482866
NUF2,5.1669082198424485,4.938784484790553,4.451567207457571,5.672012276027922,4.882144132953794,4.419228746161076,5.837347881249353,5.751410160064371,4.005795192522732,5.429883724974755,4.235543265323396,5.300050489459433,5.510110604630274,4.925970944030995,5.090980422664645,4.234072065664086,5.721186704993559,4.251878121089373,6.456919471234417,5.838740035162307,6.631377891071771,4.985322814868753,5.277300420365284,6.009600230881685,5.075921918050407,5.463658419160763,5.564460483981075,3.2899347717750507,5.751892138404309,3.6063237754002393,6.163907250182838,4.891846876691681,4.243326339260603,3.340150622084036,5.832733080905874,5.456162179873219,4.876040471571722,6.338392322841437,0.1720944651875812,4.199020531281572,4.964116719979939,5.826388320184424,4.292627166477812,6.34502905458649,5.824854391887554,3.2757118285816733,5.45349453278476,5.629808302357969,5.382355995408599,4.552327881881244,4.597417947121988,6.106061410432741,5.60983768314038,4.8283573948373455,6.398328135923478,5.708788693489349,5.49425558654498,5.0210932394746965,6.115663784666689,6.216773014552252,4.430218356071491,4.798092000728636,2.826064372355048
CDH3,4.51758435912643,4.662336544199237,0.2748174577608485,7.366733105224253,6.386631632886232,4.875426225256411,4.058515653428026,7.593816865105117,4.580477169650197,5.684296984435862,6.404271328023938,0.2757997158173167,7.530094158354318,0.1185856485270171,3.4833643607133493,7.635224744901752,7.833231664638467,5.0095621629519815,5.26768560285999,2.5169606598988223,5.8050808860944265,6.304050999908809,4.839445686984461,4.443825425954758,7.745949896967122,0.4171930778755999,7.48017624361424,5.50701442271417,8.426977538351313,3.860207990505824,3.5804952593786803,1.842463994389616,1.4596624313793125,2.703539290205859,4.649833858513883,4.101103751919726,6.292938155390261,2.4556783566702487,3.776188230579444,4.013837401070291,5.56695211222889,8.325840603555779,4.268157386305154,4.273687451299951,0.202482919573653,9.572215141753489,1.3334695328407935,0.9517213162533966,5.221687647266119,5.655941381109879,3.8502993728480814,6.302368407385473,0.2035482385814186,5.017547827455607,5.728521905786396,3.015283461446546,8.9223614032479,0.1366560194161933,0.3662074935699728,6.196071913977403,1.296298812329305,6.293565449705308,5.356841038247936
CENPF,6.715961990255145,6.194727310876595,6.131945422619266,6.510264131571651,5.25720301501846,6.013915543223657,7.1926676198763015,6.517982692516327,4.529414936253325,6.49860192316327,4.570262542798635,6.362343638643241,5.558515614224248,6.599970846285604,5.860600340981947,5.619040256445983,5.569943685971102,5.948701290704584,6.967687386345098,7.257557561537726,7.330889995347866,6.998714527207096,6.499601963324145,7.486963702210991,6.772255182165757,5.665426882280511,6.046781333641596,3.3381105962662234,6.870118083965933,5.720943287170495,6.7536312763762085,5.771597750099137,5.605171315111473,3.9563819657736223,5.707295624489911,5.860585443545672,5.514295878229456,6.169387898321142,0.5487374630626846,3.124586208737554,6.437395879270423,7.123655851253804,5.070531014196646,7.3520699172744575,6.210067355144342,3.516431249022861,5.160561244105989,7.316227217498759,7.090070064692737,4.597245109673453,5.728592648271922,6.126698278790362,6.19592235684128,7.015716105156025,6.888816294899181,6.413230181138973,5.69927121695856,5.564149489985732,7.1134713097870605,6.549769268852565,4.4777550289759285,6.253977924244058,3.4079006264572778
CEP55,4.4582310592786625,4.927943847662593,3.8892788337055366,5.845798629228099,4.636827598531185,3.76555596231052,5.649980397504802,5.58299849810856,4.87526893614607,4.424680275481532,3.8540455320345743,4.8386391995778215,5.298009396723407,4.2685691346415835,4.776261938737434,5.392434207650365,5.64396583043154,4.246187637547819,5.606267506945665,4.825541427101827,4.491744088586241,4.828321848281836,5.472159553501561,5.025077533365562,5.736369457629505,5.693673729114834,5.2421870901849195,3.731813196730344,6.276185834852003,3.8928087155219218,6.022503198056632,4.429689603368501,4.270992324393473,3.354013417535254,6.059526172167208,4.79279810142334,4.534503658946058,6.171435033217534,0.1960366513758068,2.6038719901892,5.044888048553039,5.504235834327022,3.572780552904665,5.031743652564554,4.560733293701657,3.6051742789149026,5.458883946352394,5.197991165735134,5.674793942505231,4.704329745574464,4.643688827442778,5.7724821774688895,5.772125831658679,4.4088341181407165,5.551340668769007,4.953316463558796,5.3415303869973,5.92026471283978,6.317445175793307,6.761710784363344,2.8379028862205704,5.292560911657056,2.2509130787672222
CXXC5,6.114637713117611,6.958796285589354,7.142781008693944,4.970881256660122,5.620539492777086,7.035491949881164,5.2584435468257125,5.918009290669371,6.285696276727243,6.455401202768662,4.336347664924449,5.077631824637277,4.963834752658401,6.526632254377693,5.345705065476415,3.3005220584575476,3.713596846087776,6.202529387021823,3.00797764636146,5.108913304772903,6.529635132929115,0.9464741086833934,6.315763652727774,4.961271408528915,4.35620016439965,5.679972642992378,3.97642779482254,6.92548916479092,4.947301463222329,5.741957688917117,2.488576705216956,7.24164000717884,7.076420137548253,6.252370241037666,6.1593728651142,6.061132456498756,2.3786919488637253,1.3674213913419546,2.3484279008061595,5.807040586396604,5.867303453759922,5.2010103881229695,6.087303711698083,3.40493581123946,5.682643520280294,3.3455085049457445,3.242981992269396,6.441262689446234,5.384816552958455,6.49310609374179,6.006946507360197,3.960178057578883,0.5746518318517487,5.284980446357465,6.233000287342087,5.795496832699812,2.7947755854530456,3.2101456931032724,3.9733633053488977,1.141210418255575,2.6570134056966506,5.894715922416513,5.852293540415635
EGFR,0.1946115731331287,0.1918809686024399,4.364649467352947,4.590404409254797,4.032153752772876,1.1099154639758655,3.711583007473961,4.9180474666731016,0.2619676194343406,0.1279026456882242,4.248011035475601,4.645638259752749,5.214699903175154,4.938718629569062,0.0838873196403752,4.4765825879822545,5.2576367568332225,2.0025441122280023,2.709310489188232,0.1672461562953459,0.202801344380895,1.904287550431214,1.9183289835071993,2.4040256880734323,6.288515448594536,4.853900861193496,6.1192441106443365,0.2383344181708742,6.323715928510158,0.2685721287445497,4.649155562648648,0.1493582303024073,0.0,0.0053108720712079,2.57135644514291,3.3197436443366257,5.484544194638567,4.527014018246884,3.8356815841217102,0.0203748965450858,0.8546492016041422,7.7265383441863005,1.1366376469363733,5.044603950649768,0.1307279559807598,6.299266640994712,5.380805625665986,3.5331770828116755,9.119835992564145,1.100055911751678,0.0940049498333247,6.251897051884082,2.571645262047308,2.799648935758194,2.189770802666043,1.5498465706524982,5.355883143530979,4.793713843932534,5.689570339348306,5.453148792137598,2.0650069787053513,3.0701849316155276,1.6984985428340478
ERBB2,11.40731025831819,11.393856978544296,10.798066720363062,7.114356612854375,11.638834093552903,8.13648364518811,6.273094358271646,5.580531438155187,5.398114325909374,7.24580937380886,5.40356427614107,3.871557840445523,8.432587832060696,11.649076503186066,6.0496373016547365,5.002103898260166,5.298984497841127,7.454776342678837,5.367937128508342,8.057206553112303,3.444150211718181,6.459110255315946,6.285341180473159,11.061587209436256,5.127798338365821,4.829418310169937,6.18472462050188,5.290988307190784,5.321635919557831,5.718252015513709,4.143319943217801,4.5246216340139025,8.078273585066828,5.586236318820405,5.314957492109641,6.606332659692456,3.010061892510616,3.757033917289305,2.214799356302844,4.478881229406896,8.138481724549615,6.036578060066004,10.902081118458272,6.72474575708746,5.343397161950245,8.795422801948785,4.591308404185142,4.495087516816948,4.546999379348131,5.668215588640808,11.642241271184114,4.6546360285279675,3.5059925243950385,7.689893171363159,6.766449400825998,10.471726012618872,9.479386196863452,4.229080275480307,4.596684735567345,4.085560624872626,5.625092187438277,9.647796574688082,11.65032926561396
ESR1,3.8654041813328335,2.7850985271561717,0.3554414525591511,0.0429244451738409,1.9203237927826244,5.112195518209169,0.4612571773663594,2.316950877470037,5.619894219974931,5.72525854173444,1.3645164042160458,0.1536613835945101,1.7466223428743124,0.40718957187911,4.641887010453142,0.8716489109542748,0.1555717987685428,3.5099998018419956,1.661594561039856,0.0134293856378989,0.1339303997061549,0.0094804702627708,5.6355280456605055,0.0700773972440779,2.6724321311086547,0.07579273778504,1.306798848143964,0.1426931269455296,1.5590757088326497,3.4377031426007787,0.0382956981815445,6.793986893244193,6.22381251917094,0.1790804068223413,6.360439780758942,1.9141894505672103,0.1815262304974726,0.0227299949943947,0.0388322713887603,6.3516583613819035,4.139665944900556,2.0501777730004913,4.635481611400645,1.189520968092523,1.4365563139564648,2.944536145462221,0.7555046298981606,0.167274421156459,1.2817813232055288,4.865082442322472,4.042556792577562,0.6379032530319156,0.0242515857871365,0.0403664435082234,5.042784398089239,4.431128160169013,2.795658907818106,0.0127002441514858,0.140744632641421,0.015102158539339,0.1103258223460214,4.342142244119469,0.0946076764429841
EXO1,4.8353480936250275,4.363150046426004,4.151818236300272,5.590781641569657,4.991159000912046,4.391760847345111,4.867427017661167,5.176298833917947,4.407121575072706,4.370359603203117,2.775187533047094,5.125547788567308,3.7645372447319274,4.840105663041648,5.0808537610453905,3.797894931787596,4.3968239514355,3.0386661938091764,4.918844160189247,5.844034076288052,5.067298824417976,5.006639131123592,4.7304117149190335,5.438282869798484,5.4857391625971275,2.6381850768469755,2.601905656450746,1.3905961542839669,5.170357745046283,3.820781449036739,5.109172478556168,3.223717546275001,3.817459538146651,3.4209902944199735,5.12716688701355,3.681550464067717,3.977719535003551,4.049273534510473,0.0544192504382901,2.0949386635335694,4.17484580789979,5.983114459490776,2.5945413838287132,4.378032957519584,4.233105774915325,2.4841458668111764,4.336176253066738,5.378081525050644,4.842707358400801,4.750767271699517,5.031642211949605,3.4011525834484075,3.770374499072555,4.981642625433289,4.626783706911873,4.47017891258311,3.2475629970713538,4.39488450869585,4.783697607265535,4.790370654292158,1.5801937342867949,4.987061594154986,2.205467586233636
FGFR4,5.998339945988865,6.755782229917709,4.506627329013488,4.128087145553065,7.4637777422182845,7.25192734063894,5.265365629714831,3.968763545546411,3.685424407695201,2.918865144969255,1.7776448478040507,4.3332018736796245,5.011871291760376,4.900296861055535,9.42127169687591,0.7161621215764519,3.710393192170516,2.159135071803466,3.8909330217055422,10.484994034255404,1.2876555016189724,3.5600301231263045,4.361698187720369,6.3351687968957755,4.358487693514926,1.501082408243486,2.462010425047239,4.878377130365575,1.941560838557033,7.036250554237239,4.212312525615135,9.309435425741672,2.361125459065221,5.337903724005795,5.722430503133172,1.395079256021144,2.800291122394046,2.6156681818809187,0.0298867775479069,6.6827839558922895,6.902977995832404,3.098414504416134,7.253630060015148,3.467344700280562,5.411090617382256,2.853576546254797,2.261994088165598,4.983682254409701,3.360111396439055,4.318309609762769,7.759175811898294,2.3125228717398447,2.4314116876953524,6.777787904273548,7.400204882701279,6.44883324065434,1.4926941026617164,0.3636589031613057,1.3394224743466348,2.1225302642900843,2.3388465356548,7.702906835510453,2.9975688148960895
FOXA1,7.443871828397763,6.800110406833044,6.4727915502581554,2.6914403643595244,6.5644879214094125,7.72644297740515,2.7062144621633424,4.101658479466052,6.481883367844556,7.458340988088958,1.75445569770023,1.6268689607388949,1.3398500028846247,6.3569765712424955,7.597680143715891,3.080190331821491,0.9980756046158282,6.886013548374818,1.4913554410171894,7.823035987264654,3.1544859978649207,2.0917979848301047,7.127468202199418,0.3091971465762582,3.8396573152446383,1.0044510543335332,3.4724877714627436,6.466240457279997,5.089536285483613,6.251567620608247,0.2114496096381651,7.151361627828833,7.562936887994376,6.434761649910092,6.3611928507091395,4.827925698827859,1.4363484286019186,0.2450660152568734,0.1274048074096716,7.25933840501785,7.966442003652197,5.170501964073833,6.770736562616907,1.638514110648858,7.338353098387148,4.541260821493496,0.1434822373830709,0.1182507388854581,4.480051804598486,6.883730773607541,7.44483268635797,1.3938774376717902,2.294403133635591,8.077130818194266,6.884451397465634,7.448364134379534,5.3929939568017655,0.8676869615567205,0.0874098848839864,0.1070731703749834,0.0976175381762827,6.918052238602539,7.704207994954311
FOXC1,0.0463974618369106,1.5122218288537652,0.1251855557450391,4.846573547034467,2.6907344311882375,0.2750440086348884,5.274798378168331,1.353611236778225,2.044656403704397,1.2035206755333148,3.0813498544599307,1.5874322031164636,3.668255307217964,0.0534492004075804,0.0707671271210338,3.54399071966485,4.941594640674749,2.729389621948504,5.314377502537862,0.1712196399282192,1.264037932030067,4.257802675737812,1.0485919321515054,4.340733160587732,3.768851251609949,4.865844599935519,3.1059194007466826,0.753350373663506,4.6448887897972915,0.3188200697235349,3.19499160562782,0.677625502277863,1.7178376121011416,1.3379222723845647,0.2880360239956935,2.650877121695336,3.2536580435009848,3.061370112494659,1.5693258141919848,1.5185149965024294,0.412280762302349,2.5544513286597725,1.3580135931809365,6.982503089059552,1.156590775139226,3.588348856655623,4.298848902929769,3.1188331260346223,4.34085419653068,0.9445084092771856,0.5446772712038679,2.846152284131682,2.055955680705946,0.0099146783470355,0.444547278959667,0.1713772244956342,4.390791481310002,3.715728669931993,2.717357281446469,4.365895463147418,2.1631670031000243,1.6153503762706285,1.528146198777285
GPR160,7.091033332787946,5.308768588933385,5.930768083195158,3.5807243763087193,6.687088690689267,5.764131148957936,5.349467898934956,4.394095650314145,4.519598514277713,6.001840515871148,5.444299323546172,0.9314251262669074,3.5349082398513954,5.587094910429634,5.671531159759134,4.257153975130232,1.8684892305726115,7.234031816468515,4.380847175150208,7.582623740652578,3.851219331456993,1.866029634606215,5.878006757305562,0.452748287972334,2.8188403376800673,2.0193211777232247,4.922930429637512,5.47844768159529,3.822505824562748,5.990305955393745,0.9364212240427346,7.702117262642766,4.773263190725798,6.647941882133445,6.567811608600001,4.208064590828594,1.399526595712982,1.5318580170467628,0.152335307859945,5.5516021461042575,7.261333352591791,3.885632929963779,5.586656672263223,3.3456915838405723,7.738700293316442,1.9359122870313616,2.260341869695649,0.5857250039621706,4.277315300489888,5.4860385547322,7.771601711430352,1.4766668282182296,2.265853921067487,6.812780575735222,6.934752370963028,6.154937569379657,4.1472741319332425,1.790884613718502,1.9961537017939457,0.7310841615226285,1.6570957481707542,5.861471573386258,6.481654145968805
GRB7,8.80526343113277,8.760310779384803,8.05241045968815,4.8375800002120295,9.785045350023957,5.015078244840974,4.567253374550151,4.972844266853886,2.8717313031278757,4.443056253813165,4.171623175761781,0.0862158139416054,7.378763032573781,8.637371148917095,3.4963600815563556,3.8807736709414806,3.624849544489374,4.777014599323117,5.020831079532332,5.561002242253644,5.400824800642558,4.148665709007665,4.415650514414731,7.609784505919762,4.574131791042778,0.1686253494876725,6.51995384665516,3.07389562156159,4.487370579231378,4.303532364106012,1.8406928382640388,4.8947741180919015,4.917560646939059,3.859989419916688,3.304916925217057,6.10914321933149,2.380114343702162,0.8710124798530127,2.1534454279323585,2.2049326041082677,5.998982992460022,4.059363930991626,8.75699990389701,3.3072755039669444,4.772629969165942,8.640465481763766,1.524645452147105,0.1243440177959576,4.149332539113743,3.8908941214159265,9.501090770274512,5.61011830822664,0.2056277294319593,4.879534240031608,4.70924651593434,8.12347479824414,8.090689382295809,0.1997144277350721,1.540815872501163,0.7985159188676482,3.16512406861164,7.207131488620778,9.058489677877915
KIF2C,4.592696220762787,4.566577728962331,5.336169110464009,6.428659987601029,4.255425197399219,4.240276162293379,5.94408302307622,5.679111285439676,4.558573776240628,4.9708674555663155,4.488547142755345,5.665642901397701,6.224167646956399,5.023863001745373,4.506024271260742,4.916175653480363,5.782806928611909,3.3481502524136304,5.880124694671127,5.539735773739552,5.517568612463989,5.115387046161999,4.911130691061634,6.045875399918368,5.685099172006606,5.829560383124781,5.13296337393479,2.5861258055842344,6.327376590863136,4.31914100304885,6.471385833577361,3.9115381975019017,4.5988772997537914,3.076853213497788,5.344125437876865,4.944914653610286,4.273985770711049,6.575729828820115,0.1461220953779504,2.1185989369884894,4.73670227829294,5.832198873648293,4.1244439430293065,6.442439293623863,5.0064640993334,3.412590507997833,5.7406496771835265,5.983447410518563,6.424908655233431,5.173902953489612,5.06095959118156,4.8676839966812935,5.314308613285389,5.4044467595285655,4.923372652507459,4.842149169295424,4.728611693733051,4.572659303762603,6.415199229852606,6.077104107208954,3.2493376279714683,5.130523201477186,2.7483324151959327
NDC80,3.231546074575983,4.100809491650164,3.501120634275387,4.917885211680108,4.3341105678447525,2.7846170489374993,5.84341107286177,6.194307727224323,4.184851545680416,3.273250301951017,5.147925329236446,4.2873614734435925,5.501136561489753,4.116838811739649,4.54714748795075,4.949604965057068,5.577598013763878,2.3598697140289926,5.8755368088953475,3.708518344550079,4.462189774116763,4.206322832600472,4.53909055295374,4.991630681831982,6.2445902717071435,4.8086682071182665,5.468143403894443,2.052641949674391,5.805689709622781,3.4432432799451065,5.808987335055088,3.5035395552247746,3.9181190439574114,3.0586385980196273,4.119538785107876,5.572237883744279,4.855790416274821,6.2589315488410895,0.2306862905977898,1.8540555087992263,4.327888522766635,5.839730370173916,3.838366908290736,6.2479047338683635,3.807756759708491,2.839824580379827,6.307851070945494,6.550358936827071,6.747078524577042,4.133423786660109,4.561515550305748,5.081676228388288,5.184014426777526,3.950095094173686,5.105376367552719,5.090590944448039,4.503056095384332,4.758079271227885,6.018253600668459,6.0780354942904875,3.059223739922544,4.523756393155101,2.216299644848638
KRT14,0.4413060533033912,0.4469422072454876,0.8663003163748854,1.0941482215715217,0.1458769734586504,0.5691760756327391,0.158307293898396,6.090883062967466,0.0737215372384243,0.1054246454477013,1.503954183803101,0.5030097765167519,0.3768849001510349,0.5566579722321414,0.7421675076629556,4.179136792753002,0.724665113300012,0.1036439999434375,2.0565315071746015,0.0492306605799007,0.0180558408753815,6.406608095718886,0.0491232958790215,5.618050670053344,2.07050267804877,10.442311141784776,0.2713886221404851,0.0,5.769086719578154,0.8260110691028578,9.63299338014554,0.0491358454122828,3.663412937955597,0.0731388187737053,1.5031248074485044,0.1145482667084707,1.261374351822658,0.0747205230089644,1.7253659852066536,0.0208214809083977,0.1480112653242065,1.186741409294318,0.4200910548903285,1.8391977401050563,2.461455217991515,4.748482701520504,0.2394542573047405,0.0,6.075215990748764,0.0915292391124343,0.0485947219734467,1.376768238602361,0.708140433218904,0.3121307430870528,0.7539955340823226,0.0546706899016688,1.8522346045707896,0.1019646649425341,0.1217475072770599,1.1277125102298189,1.4174771966235655,0.3397189076014284,0.0854681676052981
KRT17,0.874628592480775,4.116165107955498,1.708425641821561,2.430403039194808,4.6111310583995175,2.21088754922081,1.64412392912887,8.653368191097277,2.0216325170701523,2.2080177548958924,9.812870402912235,2.4752094267850304,0.496929622215724,0.9795629786330192,1.5189127584165805,8.503940990020691,11.078110769388855,0.8868739613895568,6.402722176845605,0.3196549259064463,0.566360237681688,2.301900733053199,0.4917125389259837,4.271059577155451,8.70181932902442,10.031935488141048,0.4440786325661506,0.1807360246644766,9.25269617808252,5.4201556129308255,2.9084978240850785,0.8724560726278062,1.385348200650388,0.1847385828181366,1.3755065803174762,3.3444720391307405,9.109222113383725,0.3249396051135715,9.530341955762152,0.2270287926620055,0.49617802653171,3.3860342199175655,1.5662403964487948,7.0449732670158856,2.5439387698340283,10.336071342534476,0.947166409699455,0.5028468851721926,9.665414090660544,0.5628124280432572,0.8429925046521447,9.16776184266357,0.4982008191857403,1.1431713480427208,1.5163631678134064,0.8227586956911475,8.999405329305281,0.6816498568215413,1.849342793943321,1.205204812786776,1.3169045509389268,2.3179349647427743,0.1018920736044004
KRT5,1.0952830796719528,1.2505735697546712,1.2527002459170942,10.37827317738627,0.5165658890661182,1.270211963158235,0.6623431530871113,7.355536101941406,0.5790449494860677,0.8295995522076262,4.897230743025254,0.8748543971961465,6.998105219036643,1.7900713684172982,1.457946189834329,5.677302450452364,9.19427915958114,0.3347639014602364,10.919846557799463,0.392239377736073,10.360594727615972,0.8931905528512946,0.5478160090527375,1.3910967987503786,2.178185582552943,0.7632602854083046,1.547469571671091,0.0321445819135478,11.020403578899751,4.601114092038103,8.990010334592506,0.6044461858458855,0.0,0.1783054345149027,1.137267427062079,0.2081089274439159,7.43724438734714,0.0,9.411091465026924,0.0308996258871444,0.0,9.697094408290742,0.9030637292125244,8.936985321696588,0.1832743424936262,9.403525506047504,1.367415799684932,1.4045053454929406,10.317943916132288,0.7184892024178832,0.1887882922363092,7.399008696020149,0.8610890902030066,1.1230238257504817,1.5091181416145911,0.5218186293764582,6.167691103000515,1.3205424424284595,0.7332771055487867,1.1067637129838055,6.908212460300535,0.7435054893595604,0.0221362529897465
MAPT,1.8277946408331032,1.0040986398367768,0.0734706543761955,0.8188947243533704,1.94926971421194,5.868731206913666,0.7453242569974408,0.1902722387127776,3.908284527189607,3.7371567385960858,0.3008722671009696,3.092652290701032,0.1620798139948648,0.1880071208322677,4.88508622529017,0.0493714774904753,1.440936256559895,2.5794577484755337,3.3269183924976877,1.006815039116339,0.0566542741770232,3.9745935531991834,4.324277773335891,0.8995963874037963,0.5086852215233014,1.2312480659589409,0.6737065650028716,0.5474567390591909,0.0838451218233438,2.864762612137838,0.3169670914044872,5.162004544001797,6.315817984429889,0.9354823781382424,5.838982011813966,1.7681250274685771,0.5690798069228575,0.5483833549726237,0.2202717505578966,3.682640711428612,1.849122570919432,0.2284887180253061,2.324868194887364,2.0373962798643417,1.443023090620804,1.785316186301403,0.3196109981496377,0.5894432785993058,0.4426908860234939,3.4739427298465735,0.040931696660435,0.1037057621952339,2.1019424846433985,1.6581612018108156,3.485220713155906,3.921664828292332,0.1433137384507576,1.9223691344728304,0.3454406605097558,0.1066002498227747,3.3098295605638386,1.2142305162026916,4.574216579930736
MDM2,4.856373235818737,5.4107447367972865,4.581839294510085,4.832895076243724,4.221637385141035,5.616222408584339,5.605070542171939,4.421701312664405,5.9146290989155945,5.01478375262707,3.4088436265929256,4.909849892253265,4.349110462011955,5.286921796922077,5.214723213117083,3.8736360489381223,5.361364825533009,4.841132811241226,5.170822399195175,5.012823401996805,5.215981391022945,4.010806687666701,5.409947539309891,5.18739958484488,6.820000210363306,3.757929981317244,7.61083291717661,6.199892167332735,3.94940419744591,5.176857300639121,3.559920030618075,5.538342604361663,5.8317227308157165,7.084085530773261,6.301335226048967,7.6139662229150735,4.487055380170907,4.0246033671406565,6.105623607083681,5.904472055321605,5.07222158883649,4.906380753283289,6.8500367770531865,4.926293622413215,5.6628662986320055,4.639978790484316,6.333214398945722,4.168930802372912,4.555484886027566,5.557030157819628,4.995258373404689,4.440301111382986,3.7888840414505607,4.6628264314115295,6.776511991928145,4.513288602524751,4.399458236767289,3.8606847568819047,4.319914130238149,3.553004086602438,5.247365512241373,5.397573672846539,4.227787275837239
MELK,3.7122105701654817,5.42229019594783,4.873695101162064,5.386800602063423,4.80142253958818,4.21816118709516,6.073948733659099,5.821085149863121,4.369668879497431,5.192426966541442,3.999070966002515,6.023306369211818,5.258741266530782,5.0442891922671755,5.741682700372974,5.0537760397588345,5.893413179910382,3.9997384878235818,5.2350951680741975,6.2177696870662125,4.818564283477907,6.088419370353226,4.985395685385309,5.336897473853008,5.9417284329526066,4.6460877549118855,4.455070718385334,3.2240665216415096,7.452249478494612,4.21727725401977,5.591009130839571,4.675742552797876,4.079958315420081,3.664790006133715,5.366724364081358,4.73804901190782,4.031483421014341,5.25789693934237,0.147151674009183,2.634504984888658,5.265425643704045,5.887074358082536,3.987057045111446,5.9470489290405535,5.05492659916061,4.090836497311354,4.828271065968902,5.768568110020472,7.045901603580771,4.934563678546595,4.1424787906422464,4.054214663073315,5.4529709503933965,5.442907013443892,5.357467551704849,4.640227580388134,5.484557083669773,5.540002463421128,6.183679046216936,6.4645898575335545,1.9930547664431584,5.900975458745984,2.791976560513773
MIA,0.7097052958021146,1.0063482974004565,0.4622429199965161,6.966937979278457,0.7260098238956979,0.3596752145965463,0.8177607674213436,2.7563252059494636,0.1284187899146645,0.1312167454496377,0.6411029797026876,0.262362193812371,0.0467732155089708,0.1553088456191377,0.3881013467981686,5.069126417126549,6.725959234509188,1.4668880996082203,0.0861899926192015,0.2503831672360558,0.1091626140838686,1.3035937335599606,0.1733846005393677,9.218616511397784,5.520994184157684,0.242375680891147,0.1368279219980378,0.3182404741026309,2.8456747040920596,0.5794302322172681,4.632303118989574,0.8391735478839614,0.4419837679134004,0.7996004494199,0.8143691267239286,0.3881763089460664,0.9926720062198076,0.2220947832591444,0.0,0.0,0.3073061095104634,0.4241137376416408,0.3928350513273509,0.8827197302332597,0.0,0.2511179580488958,0.0590201790095149,0.1568250249964569,1.6252798423106052,0.2372039174398564,0.6112101587975656,0.379940293485183,0.3084319421694356,0.2267119724566478,1.2969918030362588,0.8226918115104099,0.4459766640953098,0.5266037119052936,0.2646541236917572,0.3886535501018144,9.103531734405774,4.056228012831245,0.2070319741651789
MKI67,4.97788435478791,5.999186000233538,4.974630260895077,5.542722361858322,4.186682784634687,4.315203917089468,6.501303786625425,6.717703837438534,5.073970149274293,5.3314974236440325,4.604842295077732,4.803929610770113,5.494828389983257,5.500626803395691,5.435275210492877,4.725435791905312,4.476718665918673,4.904749009228336,5.5657494793688445,5.883022012688902,6.680450952843376,4.998962690111448,4.698196248545589,5.40449103983746,5.755154643177265,4.794873297116622,4.638931087926818,1.6153927543971334,6.098150021092011,5.208248016926407,6.8436698529179845,4.238488814467018,4.23258401565135,2.8987655838107083,6.168904735519959,4.7605775834439745,3.360836200842184,4.65422929587252,0.0655144096273852,0.9635281315475632,4.416981572936506,5.163901213814542,3.782073015433853,5.936871106786332,4.415204301249894,2.7591132129331695,4.501267158015488,4.79814904197736,5.644816704855926,5.29484127140614,4.679626472844927,4.423578170981798,5.106524206343769,5.750381401124529,4.777261891564585,3.852158683663038,4.152921617387785,4.417460993636769,6.300782673316443,5.344611934490512,3.022476122067359,5.123177822111987,1.8208896657383795
MLPH,8.924910461054484,7.686101279627827,8.353654106118192,3.867392420835571,8.650922488822836,8.267231459189519,0.1504309980359845,2.7647983596671697,8.316516869859166,7.019979842170948,4.365594562729151,5.3069767014558735,5.360409930727455,7.549237899385282,6.935648323067421,5.1495723599436545,2.5459560172113127,8.774029281035949,0.3519380908624696,7.590467288157517,4.186302458719212,3.2178371411811137,7.784935784562166,0.3441956171488586,5.310525535730853,5.180044398514746,6.6599102911735955,7.77514933478427,6.2173935919502155,8.272219194093738,0.5294141865902163,8.724851465644488,8.59826470034166,8.508975264465626,7.497476647549984,6.284908288709229,6.276319853943231,4.480930728296067,5.562721716282609,6.9383210824270005,7.196941399649228,6.336256604910861,8.604230740967765,3.4216690012542124,7.251539217838094,5.707027757366719,6.111918113555462,5.142956592808344,5.73767053911055,8.501252028535646,9.256413930621807,5.149430098159683,0.3299605472533009,6.565478367950128,9.276366385438166,7.680781456701158,5.651815184403275,0.4735988685391781,6.092069979658522,5.647084212628954,3.015984546637991,8.576344511031255,7.815063017192867
MMP11,0.2185046893114996,0.4258008704512835,1.0802619764051902,3.194577220320932,2.0148729990401497,3.5131117041074016,5.568260168801403,1.0564170539494795,0.3992706431804119,2.036992061700007,0.8011156022850724,2.560184238525184,1.4322164952483254,0.5677352634509923,1.927430014365888,0.3602620059284062,2.752386802038603,2.525119225926728,1.9348146340449517,0.331717826412357,2.233443283327111,2.0475139597580676,1.6568121043057686,1.7880759334996847,3.0467232836241886,3.967104035337675,1.3475409385688908,2.5623425697342443,0.8284951040803785,0.4702661310143418,0.9909425203111636,3.5320176657058937,2.35367333516137,0.0,0.3154097221670713,0.764652735540157,2.06826150180957,2.3386668641650026,0.0272871300898367,0.6670510079474605,1.417920007811965,0.0290754210279647,2.0799071303079013,0.8801212653419107,1.41931235712476,2.378850062005714,0.7915607179180711,2.1757577128322887,0.0896622073942851,0.86565677042154,0.1836707103224734,1.1710851028969342,2.088687763232999,3.0667711871282086,1.3759291086083285,1.5974596634040583,1.4584974991358957,1.835333943838613,0.7027913909152379,2.6774473534986285,3.330490996202846,1.2391963801356345,0.3546642894243521
MYBL2,4.547400471644144,5.14000557634612,6.8123185190298035,7.670635006826483,5.107101969310021,5.82433762763558,6.5279507890665665,6.746742715777736,5.649756273021811,5.65651639195558,4.664750192037993,5.255342103507023,6.639414514861679,6.233797965594975,6.366600234136277,4.956804763507264,5.3413880574448935,5.101595452985791,6.154619661559954,7.314125496911513,4.4778003528662635,6.525583448496814,6.095675512541244,5.251821327214761,6.688306267128313,5.396245132845679,4.551866651421926,3.2031353641631224,7.402005835174163,5.512030889212053,6.444809500770267,4.517124485805644,5.153022988758161,5.3053212350691705,7.322730370891524,6.793492766156821,4.657742887873447,3.775851231035541,0.0632433719061233,2.818701294758397,5.701967610655402,7.439057915889076,5.035456758549357,6.5180582532387685,7.407879558176509,1.8923249615975892,6.052072395847885,6.6337639451135875,6.203927411950504,6.0829111792342685,5.900304107556669,4.4517650003882325,5.957749802625468,7.278291473302018,6.7807431575517585,5.029373371927916,3.8874862784568,4.506519431932633,5.123297861637861,7.351151262012452,4.171246866134329,5.520733384492396,2.6273243410558984
MYC,6.056288716807729,6.252419443801026,6.393040306657172,5.118613055844693,5.588483785907255,4.674630131154097,4.230056953086302,5.379354105329034,5.1276250262981415,6.771198920420079,4.59060201943572,6.347761313164307,6.432947718727268,6.463545625279559,5.964821397275842,4.988252949646431,6.950923267298767,3.1394514857962847,8.371502233977845,5.272228527002532,4.453873106067973,8.110989567136613,4.803883127450583,6.730870877319009,7.406043397512704,6.039838071717867,7.032266179242945,4.591547778171022,5.581854355073456,4.986460996356509,6.09900057491758,5.2854281131562395,6.288659399929384,6.160777024565417,5.517115034816677,6.291428588233641,7.6643761702855775,7.0348539737321,4.336161967825918,3.376318169953916,5.086486570240831,5.3278669714020355,5.503625416016986,6.420689554847469,6.879632257529117,7.328719800503824,7.268715089929369,4.73579292798531,5.919418746748688,5.277133008387226,3.4360312124530124,7.687361685115671,8.023305260167707,6.608098067095148,6.186787752778464,5.686531341699666,6.325812726772195,9.083601652047882,5.698846325176804,6.102559457053793,3.892313302874871,4.203686672290466,4.639683658457121
NAT1,3.341856268786724,2.8595720568172474,3.4362777940674003,1.8338575608478789,2.1149666349894014,6.643543090978404,1.2635873329618714,3.5827245885774706,2.552647581795302,1.5703949235963164,1.9841080679573972,2.5098528958823794,2.5544758873030067,2.9008223795330563,4.8879346261176755,2.6689292215096656,1.631155515178374,4.694857911622643,0.2861939301887203,3.270522962285253,2.614879424422429,1.1336884574591672,3.9075444691602454,1.479230561206336,2.397466202466782,1.80180844695931,2.5000014665791697,4.775572093688322,1.873860434531189,3.211161752389639,0.2844110799179478,3.74553853454927,7.844065470549738,1.890333840913061,3.994063737240615,3.668436863932489,1.0021120015712108,3.0155939076065263,0.5323648405516553,5.992809209889097,2.7231609737664484,2.8084839043170526,3.971672298679841,3.334684109931683,3.6925611053998817,1.5093614120499417,2.836097833780995,3.0118158443871628,2.930833829348555,2.3677400799731227,5.948168628314543,2.543302851278926,0.3036545159696663,1.520477566491423,5.870697610799177,3.2661193742022454,2.7179626034448225,1.710393192170516,3.183416640910652,2.292678695901548,0.9398291109381168,2.6473605645196345,2.497001693470963
ORC6,4.529246252236685,4.985263604863736,5.134561855310052,5.741291695046488,6.21881215982585,4.325076944684711,6.264695929307978,6.201884742839857,4.181985076522002,4.378497751119336,3.835661374770761,5.7702608399519875,4.661698302061774,5.3770404342094436,5.292487291620764,3.51263144189279,4.919697612915336,4.053919366995045,5.628204919004101,5.8328469857762535,3.734438666137167,4.412137926267522,4.783027029782045,5.0083031161497935,6.106310626678316,3.900915098219942,4.762800583806733,4.563945173129688,5.510870166017243,4.64805696675341,5.640577549365567,4.194827756463539,3.0705833916714727,5.05647948410697,5.705872874082709,5.61267096536724,4.788727466739813,5.60256674335814,1.140961843522346,3.92462250656328,3.500266678187149,6.049526220817719,4.708650766687079,4.918844160189247,4.648482700041817,2.7512366084366837,4.567295972225942,4.894434610220727,5.133062046174635,4.223862705574835,5.056800263143443,5.449884871783118,4.813309192436985,2.9825811216493703,5.151367716892472,5.773062700634144,5.094341649635845,5.066334643061145,5.119480685047827,5.421620532782011,3.736821317448161,5.518314815325142,2.962365782538661
PGR,0.1099676006648199,0.1253482493772273,0.0,0.8645066969301904,0.0111320567770685,0.8014508912567795,0.0067159588851053,0.0,2.738086853727305,4.526388122886987,0.0123383959918625,0.0413242980280288,0.0,0.0,3.2567766894808106,0.0031459706952257,0.0365792908201676,0.0195382455489932,0.0345693013555209,0.0413481310997453,0.0,0.0023323941776931,6.732825436282443,0.0,0.0240870134473207,0.0,0.0,0.0551664945674027,0.0441156960691003,0.7711401695667754,0.0100178372922159,2.1548456465472645,6.255336437840089,0.0028594713026297,4.20924279477014,0.0,0.0014347678869733,0.0,0.0,0.1569013744656796,1.7835907548561982,0.0021206450528252,3.6271398709655505,0.2299459373828033,0.0405656398647958,0.0,0.0461264114461869,0.2274096244745552,0.0042554389573383,0.3073375888207361,0.0278320579362725,0.00335900873481,0.0,0.0033086309573619,4.8096973987517835,6.138812421479392,0.0,0.0861152440806299,0.0065048522210706,0.0626343026934388,0.0,1.6461396107271566,0.0381172644480081
PHGDH,4.720666999207402,5.597555010376593,5.396666426181111,7.243773791360322,5.015011320070738,4.8304074563712955,8.377809178844961,6.3510204827433325,7.197364150143813,5.732312620820648,6.216974731488291,8.161791969684653,7.310049225351383,6.617061874149208,6.02187277272958,6.468444840308736,8.734452215050263,4.380854099947909,8.269103296544358,7.261286333690922,0.8358683051328801,7.388998845297901,6.941223712992384,6.8125110606416,6.202695889617699,9.030087735100135,8.713898542137322,8.178361093759136,8.866815272861679,6.194597312087919,9.055515634272316,1.1569466646143558,5.598392005469714,7.812588070091863,7.711474257241229,8.62918902455776,7.079858076204606,8.38697041338913,1.9639364521444855,8.83890135743951,7.913715207333586,8.954248665305311,5.982580665330704,8.16393642560689,7.876836145897976,6.1761911047507985,7.566914069583617,6.790863245828597,8.733950820502416,6.210663551993895,7.142985174246396,7.003905764334687,8.236851334153128,7.205871428889872,5.328183025821833,7.29433585741245,5.955631310735279,7.716606856021662,2.316250029731751,5.116614278765721,5.617824467479769,7.473454118414551,8.713737049821164
PTTG1,6.715646312572708,6.970899657913163,6.5897365260699186,6.73514304094813,6.066009517039139,6.048598034879995,7.555164280140051,8.948799391276642,7.235238804143341,5.748249214248127,6.943429095160012,7.394531290663482,8.407093525456386,6.979705275352336,7.489567018892329,7.134333902631947,7.561417791423034,5.872752437471285,7.84414709243305,7.489864012589671,8.612971674855986,7.36261015369037,7.913392096681091,7.80135269277206,7.902857439716274,7.989190109483354,7.334827459833757,5.525176243762433,7.491388153016053,6.92520429349968,8.19259365283741,7.823672944352277,6.963520363459542,6.164422260598494,7.626782247042195,7.859186882554931,7.597732279404133,8.557892521324074,4.322021867017459,6.120067802996532,7.692482994312749,7.356522397551244,6.561926370690704,6.883193124793445,6.434734966442525,6.92879667234214,8.504517112079425,8.33269003408737,8.501785445945506,7.029441842457496,6.470655620621978,8.548733302304086,7.313753753585059,7.148954435485688,7.821397716301033,7.158175425930204,7.488394500842185,8.214498839291641,8.510012465448515,8.788049432631812,5.681182178962897,6.913308315438674,5.566732972838828
RRM2,6.396418117760098,8.452270073448295,7.642651036193911,6.829912968043399,6.7951695101213225,6.331748204387661,8.227389714945733,7.615997389975669,7.438176393173979,7.417093001817085,5.640557305539803,8.100036772762039,8.30772905535496,7.671385378160054,7.564423899931568,6.668417007279642,6.316761218812349,6.623938538423252,6.718293120473873,8.117409342481594,7.572010447702491,6.431211753085771,7.252816789235961,7.264423833339781,7.277677956071775,7.673266668715564,5.611423236053424,3.4460669464722176,8.012054610646576,6.187411462511499,7.256642729341403,6.314957492109641,6.705950263581756,6.404955901044535,8.028104975266965,6.992813740831298,6.0947343386357495,7.097231533713868,0.5755717988104381,1.3570001562032412,6.14456443911543,8.094526395678452,5.257478361894645,7.073638171509807,6.820561927963839,5.436938025398515,6.952333566369686,8.216183218666039,8.271771143455338,8.057103637141173,7.851992592747128,5.429786667436629,6.402700009698741,6.55731205268921,7.596055545712118,6.7865571576885495,6.911715546707199,5.826075561718956,7.857041693937445,7.694859304206259,1.964361663246735,8.624126489659805,4.863076142850665
SFRP1,0.0580601476480123,0.3506115266355753,0.0797638023319927,3.587376993341117,0.3150154782447322,0.0717626693000912,2.049135845412283,5.770979649192225,0.1304551631784763,0.0586891581070761,2.5850370380394048,2.029650767922222,6.703529877413794,0.081256445094112,0.0497394884715893,3.9909094919150663,8.330119142952348,0.0634049185475112,6.202096390319279,0.2564624106750159,0.0404407946611377,6.270160746536303,0.1015640227520757,7.865120807279884,5.5224983605777815,0.5473797409906623,4.114875044027184,1.252833437513004,0.1252609526361882,0.2151256387313448,2.7251390901060275,0.0745739387753086,0.0,0.0727232310216204,0.0699921885998957,5.727117221497287,6.721509375424886,0.0,2.8271198593212494,0.0,0.0110747914076693,3.5668516774736623,0.4654427236083707,4.12116463755694,0.0,0.0158957256835733,12.107638835469189,5.034809964976045,6.108961380846698,0.0393096818355534,0.1200254057329005,4.100010482527183,0.0644221086672446,1.388294256204634,0.6519118264624895,0.1531204607505126,2.917592152010755,0.032746912985881,0.8300605715351436,4.388168868024629,4.294826570953815,3.977096712496954,3.319558687694514
SLC39A6,5.880105098394379,5.199519234381123,4.68552532800263,6.984520996167024,4.087674986687217,7.646954654455377,6.098627993005936,4.194930164371891,10.60815315506808,5.987705139246177,3.670239843173272,5.087687714421466,4.004159779135509,5.50716352126672,6.3908293056705565,5.747497504342887,6.56494970648143,5.5482084882125,6.2719149081959396,5.644046612952469,5.2694259430278745,5.302969689100976,5.570602579090071,6.86195536414487,5.778623869783396,6.658354316774077,4.614085522622311,2.9766257534582983,5.5186295531074645,4.152167190673098,6.526901377119675,8.312873881702105,10.423599179319064,4.161629747357946,6.139620927503223,3.940599024294411,5.188266397622121,5.2255680053791265,3.594333562417339,6.88099156353912,6.103138809666641,3.8161183866018447,5.285564975275647,5.923317976378316,6.076851931135063,5.8363054085710795,5.2911651726263615,4.83308236068071,4.69356501424978,9.081952054782478,6.213353114720467,4.8459817379798915,5.713940458464369,6.191296147553815,9.904167946862549,6.910864551198705,5.467204474021189,6.1020869865268,5.1484298050521025,6.122140513000143,0.9677345052762414,6.282834527523959,4.955117479522541
TMEM45B,7.063621580112309,4.4817832895330305,3.5877130201375027,0.9346825576452976,6.4371411639578024,2.328210318183024,4.019701914442548,5.412581701624044,1.9255893311610008,3.90554345147192,4.335504693794624,0.1766431940952054,0.5900174939822506,4.209944578143868,4.347502670739528,4.867560454788761,0.2310243654395259,6.364111886955215,1.6130318092330276,6.620183161889373,6.051961502350902,0.0906827353063642,5.56615452846825,0.2198357626750163,0.5873198610013655,0.0815264293658772,2.8189016758856384,5.539431811434833,2.238098970227153,4.924185418384315,0.0726560125145654,0.0300521026121155,3.952734259342929,7.056030707265679,3.936948821007341,2.5089812839658348,0.3211188045622087,0.0236726620178431,0.1963288012057568,3.6641869892822014,6.1594758025236445,0.7516890844927034,5.8753008868845,0.1175580798652314,0.702951814301058,4.050292722258169,0.0,0.0421778372870642,3.7982786727921543,4.21495629182441,5.343869695044584,0.5970763049790934,0.062299964937674,2.932866224575904,3.0122897612574113,4.264724074238009,4.4646878687050755,0.0966113504929216,2.8993999463179954,0.0692484608379062,0.0299630837778594,4.2202835154505625,7.865863153947607
TYMS,5.207689860786322,6.240405926111043,6.576157790256426,6.662547330016758,6.789885717407145,4.510658162030044,8.151275363332914,7.243488199657574,5.914734326743287,5.724909431564965,6.632141683268878,6.530084791948232,7.290166335372023,6.690696443977697,6.638614022433719,7.054815924844965,7.970663874095777,5.315627814520016,7.064969052107145,6.076328204406071,6.7603939530256545,6.199546716941442,5.90025821243475,7.1316615020513945,8.557666641105179,6.249232941323407,5.543220557287174,1.1181071823785678,6.622769326862764,5.728385852794487,7.419656864088409,5.801388910061794,6.621333955028553,4.871424772547687,6.622192420446415,5.700678297977373,6.557270691129256,8.024923557215942,1.4493553549369926,2.4670029156629902,6.73897044828018,7.393012840255944,5.681356493555215,7.206682291236086,5.6766172058615085,4.4276262845614305,8.084776504688726,8.563364084219398,8.009425557993687,6.212633535017366,6.3780589760431265,5.683154640237991,7.179122855757664,6.255172123819575,6.811214117513239,7.142178551922424,6.350499015091678,6.644433152406245,8.011752792768556,7.523569796769625,3.437265031138774,7.056095756038124,2.9968352258182245
UBE2C,6.67626740826589,6.719826868229451,7.756129288311898,8.484351651026936,6.715811022590113,7.338522469072716,7.595891493782196,8.425883061049342,7.34576892414502,7.950841637549149,6.747373971676592,7.821123426943073,9.152454710280702,7.477207792502319,7.509957061349317,7.085445902194271,8.538957129962983,7.309931032395418,8.07944744927614,8.45308539736368,7.887007318491742,7.827495143867525,8.008697526569437,9.764727314018046,7.769031163184623,7.475684799976852,8.250393173089506,6.775248121320633,7.8190933409711745,6.819719269526839,7.463606110051513,7.173557219004688,7.006522445622979,7.0657338561323515,7.424922088210688,9.98524424721962,7.937002982988892,7.220484742180909,0.5179146215104389,6.386388489447206,6.585144328949876,8.816762883624488,7.582051633934928,7.289225838140168,8.52865726543027,5.043939380170779,7.8194638212833665,8.85537308243599,7.697982270370825,7.247690208559279,8.578934940350376,6.869044728133092,7.981612945118347,8.171422022453736,7.7360365601687215,7.809652386972584,5.80316761188384,6.688054439056145,8.744093804120462,8.643444963085484,6.934917456585025,7.620879611355415,3.699029627175281
UBE2T,6.947560966187362,6.873702482520106,6.424401468839725,6.357817647173909,7.088247623593808,6.659410849256953,6.766383141001298,6.815011766014656,7.21251097622045,6.427986573108041,4.827498954651993,6.10235368891062,6.416118551873783,6.452863905441792,6.1490194926303205,5.77955127712526,6.15941928877674,6.176432486703171,7.349391818295938,7.907737930064909,8.209887083734188,6.885732974017804,6.880661039394121,6.86969870662664,7.574457292652404,5.576830476498591,6.2806761336542785,4.349712037610518,6.762083003567673,5.665591741898296,7.4564037020684895,6.672934438621214,7.508135456459669,5.8306609743997635,7.023332986014714,7.363004575737014,6.938532807558124,6.676210981355121,2.03331374904352,6.566443779644237,7.008495852894304,6.989990473058127,7.816151674531745,6.783770932771435,7.18946878199153,6.293635336582736,6.618357602542754,7.561891249357419,6.61092590842699,6.706475296978223,6.382639588145363,6.270192523486628,6.210821327574816,7.617775990885085,8.16672548596044,6.441363958290108,7.883125904601299,6.302010077848138,6.980288124728203,6.24689257811348,4.864176237701529,7.096103691138316,5.061560209107974
