sample,score_Classical,score_Mesenchymal,score_Proneural
TCGA-27-1832-01,0.15032031628183404,0.9265420822446565,-1.5163363316017617
TCGA-27-1831-01,-0.4697206464831152,-0.23347549931040132,-0.725819659956706
TCGA-28-5216-01,-0.6291568706126768,-0.1175687160318526,0.9259640282343901
TCGA-16-0846-01,-0.3474103546021232,0.22282998392649514,1.432540697189193
TCGA-28-5218-01,0.920962110242488,0.956852321916965,-1.4788471298712365
TCGA-06-0178-01,-1.4051117140652245,-0.6198266739493912,1.0536406526502584
TCGA-06-0238-01,-1.4248213969509673,-1.021260634098414,1.449580457804344
TCGA-06-0125-01,0.857896292904665,0.04086670834573987,-0.23736543441211455
TCGA-06-0219-01,-0.9994193415074843,-0.3108629002280126,0.0055639449126116585
TCGA-06-0174-01,-0.3064550579074818,-0.6398567544834358,1.5173678008139213
TCGA-28-1747-01,0.4528171860555799,-0.006952051284752776,0.18397148635122593
TCGA-12-0616-01,-0.9526442958068925,-0.6273937430896545,0.6699827902967918
TCGA-06-5415-01,0.6989318316020017,-0.33508381730088016,0.3893669177031544
TCGA-28-2499-01,0.934010994427865,-0.2388191535148986,-1.2229852322239114
TCGA-06-5411-01,-1.5627676497610856,-1.118075675149718,0.5521646331747873
TCGA-06-0211-01,0.604697641021731,0.3596667052938601,0.03189228425386028
TCGA-19-1787-01,0.10429981542655255,0.3828682500031874,-0.6672033129220835
TCGA-27-1835-01,0.08821611160333734,-1.09421442364649,-1.1724512829993448
TCGA-28-5213-01,-0.9540227176930541,0.8288576061090379,-0.866784847797753
TCGA-06-2561-01,-0.20577975498563825,0.673438147257387,-0.28440914508150744
TCGA-14-2554-01,0.16176387406885936,0.6648813187557719,-0.688887394982837
TCGA-06-2563-01,0.6237347197751605,-0.3318133463492404,-0.8360749520970298
TCGA-41-3915-01,-0.3722085258967713,0.591847205823065,0.5822458079420746
TCGA-76-4932-01,0.7285593543822733,0.23444097096799785,-0.34370317519270405
TCGA-06-5412-01,-0.3592327974803999,0.737276321177137,-0.9133884477958879
TCGA-26-5135-01,-0.17215300374100598,0.2881012663496321,0.912902073783326
TCGA-16-1045-01,0.11913777344193817,0.5510724113495042,-0.3465124687054593
TCGA-06-0141-01,-0.8055729948614195,0.2765565013098081,-0.37329325975411837
TCGA-06-2557-01,0.2962617712700236,-0.41663808669409247,0.13224549148917164
TCGA-06-0157-01,0.35795504999937194,-0.35528836875749237,-0.12562893828474264
TCGA-28-1753-01,0.35093851973436185,-0.2806837271399797,0.5482861145770778
TCGA-26-5139-01,0.7462407468861647,0.7037872756753203,-0.45359721831115135
TCGA-26-5136-01,0.06240989307826846,-0.07077454375716306,-0.09446329412996961
TCGA-28-2509-01,-0.4594131904682147,0.7238348942182329,-0.8712340734576438
TCGA-06-0168-01,0.24475925962260817,1.047379582457086,-0.3427513373472167
TCGA-76-4928-01,-0.1813457221418686,0.6114933934705488,0.11600522774557247
TCGA-32-5222-01,-0.18980294844464768,-0.6343320732968135,-0.15983176097854626
TCGA-12-1597-01,-0.4390079968343075,-1.4694966868262618,1.098233588520775
TCGA-06-2567-01,0.12933840031621718,0.5936315676299054,-0.20211355384998128
TCGA-27-2526-01,-0.04454434054137608,0.24188498212482035,-0.43056867646409563
TCGA-28-2513-01,0.4122588183454428,1.346547392948313,-0.5853262096674291
TCGA-32-2615-01,0.5490221382009145,1.1927539081115666,-0.4624566972739084
TCGA-27-1834-01,-0.27831396429018584,-0.07798334849588082,0.3311916031709608
TCGA-14-0787-01,0.5464030798698565,0.6827373896759703,-0.054670746582390094
TCGA-06-5418-01,0.033040339239520135,0.8285503073979752,-0.42895994009937805
TCGA-12-5295-01,-0.6112059038284497,-0.2279780539105371,-0.47583043171794853
TCGA-12-3650-01,-0.07594855961304958,-0.9963501280716712,0.4328141904347571
TCGA-28-5220-01,-0.615627594552327,-0.8687744310485275,-0.274314603457018
TCGA-06-0190-01,0.2816149538089077,1.1312471368432973,-0.06494219294754495
TCGA-02-2483-01,-0.7679023110101894,-0.9750794013474856,1.287257934579391
TCGA-06-5417-01,-0.5285018971336873,-2.311551696463592,-0.17189862209568108
TCGA-14-1825-01,-0.7459455191743902,-1.7501602828163016,0.9905171331268344
TCGA-12-0618-01,-0.5151326464033191,-1.4611463854363882,1.1178648596105127
TCGA-06-5413-01,0.0735286799024164,-0.3469356193652811,0.4751648162576239
TCGA-32-2616-01,-0.04427063409282255,0.5481722354803429,-0.24669951502174667
TCGA-12-0821-01,0.01955780232411283,-0.1851843817563541,-0.7137516209118612
TCGA-06-0158-01,0.4122754475539993,0.4670804094354741,0.2778348369094282
TCGA-12-3653-01,0.8786141476147196,-0.7847144717146352,-0.8172477644852442
TCGA-27-2523-01,-0.29082779780581375,-0.4109543504989648,0.506604915008666
TCGA-27-2524-01,0.6107034688656192,1.1076265287531597,0.06542599244813214
TCGA-76-4929-01,-0.519206062985556,0.029980408813220085,0.4998053955757309
TCGA-14-0817-01,-0.13022061315711564,0.23487933266361072,0.4797287279682661
TCGA-26-5134-01,-0.6796503444434149,-1.1878185476170813,1.3737434932106305
TCGA-19-5960-01,0.5067001282318822,-1.0551645537759726,-0.11746676107505037
TCGA-28-5215-01,-0.4417776638258255,-0.07998467065847682,1.043635767737771
TCGA-19-2619-01,0.9925444077359383,0.5311668153584098,0.151055374354609
TCGA-14-1034-01,0.11169328104865577,0.6181735401514545,-1.2209386932830835
TCGA-15-1444-01,-0.21331092522809228,-0.8736182576580933,0.5382872439713312
TCGA-06-5856-01,0.07441496349118441,-0.05539312795948447,0.18540689082922004
TCGA-32-4213-01,-0.12805018435560342,0.6416279742130987,0.004304937523973447
TCGA-06-0646-01,0.047185299779869884,0.653562048208833,0.18308842041630072
TCGA-19-2620-01,0.16875607040431317,0.46403290145792925,0.4112107666874895
TCGA-06-0138-01,-0.5182004985638748,-0.2251063589662748,0.11522382403919292
TCGA-41-4097-01,-0.13412434796988912,0.5902273086695023,-0.3312463353641526
TCGA-28-5204-01,0.8253781127736426,0.08663227852161182,0.22491123684964506
TCGA-32-2634-01,-0.36144433680544147,-0.6156148956281645,0.8460504042757636
TCGA-76-4926-01,0.21509682386189627,-0.10335251724226549,-0.5753324049217405
TCGA-32-1970-01,1.0102282248824157,-0.38068105997852925,0.0776549308373265
TCGA-15-0742-01,0.6477740304282277,0.04674395547498541,0.26865666797980564
TCGA-06-0645-01,0.27313761286791516,1.315078170367472,0.019973389108505473
TCGA-27-2528-01,1.3113276600758357,-0.2245203972063393,-0.2567595752330633
TCGA-14-0789-01,0.42062204732600905,1.4165007958471219,-0.30340730780634373
TCGA-08-0386-01,0.3409709698711921,-0.2864469952650017,0.10087433707843856
TCGA-76-4931-01,0.7904305863431251,-0.0715333928830493,0.34587184652693986
TCGA-27-1830-01,0.15898921589216802,0.5371742176548192,0.8505799886125588
TCGA-06-0184-01,-0.09805571302832479,0.7808245855067806,-0.27526431608835755
TCGA-12-3652-01,-0.19003993974481956,-0.33714108291042166,-0.12175716235215495
TCGA-06-0187-01,1.091243767749832,1.0155854816535925,-0.9072320110752754
TCGA-14-1823-01,-0.6972913064982708,0.7085153499542887,-1.4121854579882618
TCGA-02-2486-01,-0.6533684191612826,1.209007710546263,-1.2726589829790649
TCGA-19-1390-01,-1.0803130529980032,-1.5408431177365305,1.559466670628554
TCGA-32-1980-01,-0.6935062903080712,0.0750772659283784,-0.08509397023775635
TCGA-06-0747-01,1.136992084277069,0.6535897172930767,-0.3329336843427418
TCGA-06-0156-01,-0.26245224854662524,0.17542648115338547,0.8177092961625673
TCGA-06-0649-01,-0.350279369589236,0.28736986549508226,-0.30126820557701994
TCGA-28-5209-01,1.1951280748817994,0.3605615249048601,-0.24001283051693947
TCGA-28-5208-01,0.4206272874664078,-0.096262838318516,0.06798421003866885
TCGA-06-0686-01,-0.7841780578773864,-0.5182532526512621,1.3103148188010474
TCGA-76-4927-01,0.4067190466378882,0.3789893246780136,0.2126112282012442
TCGA-28-5207-01,0.28432765745901273,-1.1896155867268419,-0.06184569648291482
TCGA-06-2558-01,-0.5898197510589867,-0.7710821605044548,0.9636614656087065
TCGA-06-0644-01,0.050361623659311426,0.9375317874846644,-1.201988172388032
TCGA-06-2562-01,0.4229902709324559,0.8589160459692788,-0.28355598217915706
TCGA-06-2570-01,-0.3620959198191863,-0.8065618829597462,1.2807454473727293
TCGA-06-2559-01,-0.031023207096475696,-0.43178006554992265,0.6041312024164852
TCGA-26-5132-01,0.5577024586620751,0.4095551848199103,-0.2444055393701773
TCGA-12-5299-01,0.6232247614691653,0.5968898154629745,0.01731851012509707
TCGA-06-0743-01,0.45702688383766654,-0.05662310459994576,0.17413156644155262
TCGA-41-2572-01,0.6141960170894963,0.16341160912282163,-0.8459624060861323
TCGA-06-0744-01,0.7884735544332447,-0.5323439180614493,-0.07580790140425754
TCGA-06-0130-01,-0.2583170092459835,0.6993620161318217,-1.5080553592593278
TCGA-06-0749-01,-0.4772403010411108,-0.2962120900520513,-0.011772694770816864
TCGA-06-1804-01,0.0035386939383024174,-0.7694454380379016,-0.23332954909265435
TCGA-19-2629-01,-0.36084125169316206,-0.11616909584352743,0.7747215104480482
TCGA-06-5414-01,0.5061775873348899,1.0636121616704333,-0.3672626737130693
TCGA-06-5408-01,0.4708876250810768,0.7929425004296552,0.4550915698055636
TCGA-06-2569-01,0.8257295047052952,-1.9904473105712712,-1.6111136253770058
TCGA-26-5133-01,-0.40522136614232923,-0.5390609029836391,0.8060819706756984
TCGA-32-2632-01,0.46036159742247484,0.6109181698189557,-1.3193783360007558
TCGA-76-4925-01,0.34317098683760683,0.18197530733722772,-0.19949579646185087
TCGA-19-4065-01,-0.1232020318478763,0.508979015724618,-0.37457029474496145
TCGA-06-0745-01,0.00032077245027841073,-0.20560579848493551,0.3648318725833739
TCGA-27-2519-01,-0.37408209826472316,0.5924804244808961,-0.28092955221181665
TCGA-14-0790-01,0.3734978177504505,-1.1675497086231892,-0.2186714109550719
TCGA-14-1829-01,-1.2369996330888287,-0.6184877008444117,-0.08643174543870502
TCGA-28-2514-01,0.03227310097816976,-0.4727426428199156,0.13973684103373557
TCGA-06-0878-01,0.4005655727684449,1.0519693656506972,-0.7011599300994034
TCGA-06-5859-01,-0.08813674280796784,-0.01885917619637551,0.3922131517241148
TCGA-19-2624-01,-0.042467624036568945,-1.5063757749023672,0.5726759697947025
TCGA-02-0055-01,-0.21550968233586493,1.132991035405134,-0.8704429612992343
TCGA-06-5416-01,-1.2272592867594,-0.5696953260615099,0.8911212283803757
TCGA-27-1837-01,-0.2070611938760425,0.13266628058992214,0.27440560908807793
TCGA-06-0132-01,-0.8396121090222494,-0.13281447583983633,-0.11970697008330068
TCGA-06-5858-01,0.04404877662163158,-0.0775878526351211,-0.5207661866684022
TCGA-27-2521-01,-0.2540361736368056,-0.8928884070552241,1.1312827660628058
TCGA-14-0871-01,0.9702001858019018,-1.222454271591662,-1.538377349408024
TCGA-32-2638-01,0.9488440579134173,0.7894216754435531,-0.21379102528555202
TCGA-28-2510-01,-0.8721352375657492,-1.0731905046044645,0.31157908505154835
TCGA-26-1442-01,-0.791378612549565,-1.2556937989287704,0.6762047809267955
TCGA-06-5410-01,-0.8611203244568424,1.2647153802653839,-0.6348760975714064
TCGA-41-5651-01,-0.10734952622123625,-1.7181991141052886,1.319550038867564
TCGA-06-2564-01,0.6135196295073085,0.4589209945096731,-0.2906259008129884
TCGA-06-0882-01,0.08892431711560447,0.44039054439186515,-0.11350255961053572
TCGA-12-0619-01,0.21636704602241535,0.6197576055780282,-0.09765151278966377
TCGA-14-0781-01,-0.15497434003424404,1.1418807020230026,-0.5749058252979156
TCGA-41-2571-01,-0.8018404189425976,-0.7486042132036715,1.0792444510339376
TCGA-06-0129-01,-0.07135282668501673,-0.9684594579611195,1.2206704220472255
TCGA-19-2625-01,-0.23531441925535582,0.8956865012780251,-1.1140632387280847
TCGA-06-2565-01,0.5360358930526933,-0.4202604058045825,0.022700483860797368
TCGA-02-2485-01,0.600852177136811,-0.7790281556622539,0.3719680150091585
TCGA-06-0210-01,0.0363999130349309,1.0605888973338626,-0.30471979859868276
TCGA-02-0047-01,-0.43077635903991285,0.06233237046921612,0.6155652652297668
TCGA-06-0750-01,0.0011756542386152625,1.1522090997101702,-0.14251618507265412
TCGA-32-1982-01,0.24148059915210127,-0.07485351716449498,-0.668824121410716
