,archetype_1,archetype_2,archetype_3
TCGA-FV-A495-01,0.3145609545258646,0.3140662078626351,0.37137283761150025
TCGA-CC-A3MB-01,0.5156233601257935,0.22687135613229759,0.2575052837419091
TCGA-BC-A3KF-01,0.6757083366606691,0.113090169150881,0.2112014941884498
TCGA-DD-A4NV-01,0.632662692572512,0.0,0.36733730742748794
TCGA-CC-A1HT-01,0.0,0.21926872937484906,0.7807312706251509
TCGA-BD-A3EP-01,0.31770822060161846,0.008044001355868014,0.6742477780425136
TCGA-CC-A3MA-01,0.002981669244141495,0.17966279622238784,0.8173555345334708
TCGA-ZP-A9CV-01,0.649405533923612,0.0,0.35059446607638806
TCGA-DD-AACY-01,0.6258524553011597,0.13339448897423295,0.24075305572460726
TCGA-XR-A8TG-01,0.538752164796107,0.0,0.46124783520389306
TCGA-CC-A9FW-01,0.3147528265079716,0.4691774386062799,0.2160697348857485
TCGA-BC-A10Y-01,0.639027337505278,0.11850905223802788,0.24246361025669416
TCGA-KR-A7K7-01,0.2538193925423828,0.6696712138221056,0.07650939363551167
TCGA-ED-A459-01,0.38397614109772993,0.1967038192948382,0.41932003960743186
TCGA-PD-A5DF-01,0.43578391748983825,0.04917270436944853,0.5150433781407132
TCGA-ED-A5KG-01,0.0,0.0710679542298544,0.9289320457701455
TCGA-DD-AAVX-01,0.7540029402860063,0.09492096676519358,0.1510760929488
TCGA-ED-A7PY-01,0.4188210664513378,0.4402386781463222,0.14094025540233987
TCGA-RC-A7SF-01,0.6206630608888649,0.2134981820108121,0.16583875710032298
TCGA-DD-AAW0-01,0.4481447194742677,0.0,0.5518552805257324
TCGA-ED-A66X-01,0.10121734185698102,0.1790185203616089,0.71976413778141
TCGA-DD-AAC8-01,0.48556595050559653,0.40838529093509945,0.10604875855930403
TCGA-FV-A3I1-01,0.4121296491519679,0.08791256320912838,0.49995778763890375
TCGA-RC-A7S9-01,0.315178161249662,0.43857584354535256,0.2462459952049853
TCGA-ZP-A9D2-01,0.10059773403349195,0.06940792367063445,0.8299943422958737
TCGA-G3-A5SL-01,0.8873896313150347,0.03750281119244169,0.07510755749252367
TCGA-CC-A3M9-01,0.0,0.27335343149427155,0.7266465685057285
TCGA-BC-A216-01,0.28609101695344397,0.1808821995660141,0.5330267834805419
TCGA-ED-A7XP-01,0.4591292200465928,0.014420318974594693,0.5264504609788125
TCGA-DD-A11A-01,0.7351861331920858,0.07262759475475479,0.19218627205315936
TCGA-DD-A73B-01,0.7757705143535364,0.11167789796489079,0.11255158768157283
TCGA-DD-AACA-01,0.7146101130352602,0.20280159706504675,0.08258828989969293
TCGA-DD-A1EH-01,0.29765587609520233,0.15216546892697042,0.5501786549778273
TCGA-DD-AA3A-01,0.0,0.3141654125182862,0.6858345874817138
TCGA-RG-A7D4-01,0.2642441348706077,0.4745425568083674,0.2612133083210248
TCGA-DD-A73F-01,0.5561155334071225,0.017502864922566634,0.4263816016703109
TCGA-WX-AA46-01,0.8010166982679979,0.0,0.19898330173200202
TCGA-K7-AAU7-01,0.0,0.09336095901897584,0.9066390409810242
TCGA-DD-A3A2-01,0.894429426945318,0.0,0.10557057305468205
TCGA-EP-A26S-01,0.8622561662365926,0.031341081925010235,0.10640275183839716
TCGA-FV-A2QQ-01,0.5391312589979258,0.1685698635419879,0.2922988774600863
TCGA-3K-AAZ8-01,0.7750812272786676,0.2162502176315136,0.008668555089818872
TCGA-DD-A3A5-01,0.7492094295243305,0.15028753421660065,0.10050303625906888
TCGA-DD-AADP-01,0.5473471180452267,0.07186722306293122,0.3807856588918421
TCGA-CC-5259-01,0.31115577237247494,0.660210204974554,0.02863402265297113
TCGA-DD-AAD2-01,0.3561445662685786,0.03339415146209148,0.6104612822693299
TCGA-ES-A2HT-01,0.5695542182479627,0.23407901298768619,0.1963667687643511
TCGA-CC-A8HU-01,0.2925369057701581,0.4986096326005633,0.20885346162927862
TCGA-ES-A2HS-01,0.6794962756743672,0.3205037243256327,0.0
TCGA-2Y-A9H0-01,0.3830578622212505,0.2951253324958718,0.32181680528287765
TCGA-2V-A95S-01,0.09846807315658758,0.420031893499344,0.4815000333440685
TCGA-2Y-A9GU-01,0.5529907212510397,0.12208877751955895,0.3249205012294014
TCGA-RC-A7SB-01,0.6192827488327135,0.07908218406875316,0.3016350670985333
TCGA-FV-A4ZP-01,0.0,1.0,0.0
TCGA-DD-AAD3-01,0.5366938516910872,0.0,0.4633061483089128
TCGA-DD-AAW2-01,0.8965028516018098,0.10349714839819026,0.0
TCGA-DD-A39V-01,0.4546810395029349,0.5159977673864639,0.029321193110601256
TCGA-DD-AADD-01,0.5432593647892972,0.44223922919578373,0.014501406014919045
TCGA-DD-AADW-01,0.17569842360116905,0.1408494164492979,0.6834521599495331
TCGA-DD-AACS-01,0.6767580307858235,0.17723115743667162,0.1460108117775048
TCGA-2Y-A9H4-01,0.675492478737847,0.19405158281996382,0.1304559384421892
TCGA-DD-AADV-01,0.5837551069926522,0.0,0.4162448930073478
TCGA-G3-A7M7-01,0.616051465142725,0.1996219425650276,0.1843265922922472
TCGA-DD-A4NK-01,0.8542899314517394,0.0,0.14571006854826063
TCGA-ED-A97K-01,0.009897061052768757,0.0,0.9901029389472312
TCGA-T1-A6J8-01,0.570886632391052,0.0727762685757809,0.3563370990331672
TCGA-DD-AACV-01,0.8210525135659172,0.1453687057563088,0.033578780677774
TCGA-DD-A4NF-01,0.8734049286179817,0.03290154519573755,0.09369352618628073
TCGA-DD-A3A8-01,0.8476108317075596,0.1523891682924404,0.0
TCGA-G3-A25S-01,0.46224213259885943,0.5377578674011405,0.0
TCGA-DD-A1EL-01,0.35177959399212344,0.4134960155780953,0.23472439042978127
TCGA-DD-AACH-01,0.20411369515588393,0.24948259310544985,0.5464037117386662
TCGA-WQ-A9G7-01,0.0,0.5129554280348937,0.48704457196510625
TCGA-DD-A4NO-01,0.6501430533350983,0.0,0.3498569466649018
TCGA-G3-A7M9-01,0.0,0.30192938358798627,0.6980706164120138
TCGA-CC-5261-01,0.009620986109506385,0.03292241205801604,0.9574566018324775
TCGA-ZS-A9CG-01,0.8420243165699287,0.031993511807376494,0.1259821716226949
TCGA-CC-A123-01,0.25476483545660233,0.7452351645433978,0.0
TCGA-5R-AA1D-01,0.2054764985931431,0.0,0.7945235014068568
TCGA-BC-A69H-01,0.0,0.7946079771317798,0.20539202286822017
TCGA-DD-AAVZ-01,0.46791436909566086,0.13952869630042844,0.39255693460391067
TCGA-DD-AAD0-01,0.7516281752199397,0.2483718247800602,0.0
TCGA-EP-A2KA-01,0.21637107497091787,0.4236477911263323,0.35998113390274983
TCGA-2Y-A9HA-01,0.5673675365605507,0.19434850865251896,0.23828395478693018
TCGA-DD-AACD-01,0.45534028387058806,0.4267102210768102,0.11794949505260169
TCGA-DD-AAE7-01,0.6105927469049107,0.0,0.3894072530950893
TCGA-BC-A8YO-01,0.3981263642856273,0.12195240794112835,0.4799212277732443
TCGA-DD-AAE2-01,0.6907343579017998,0.0,0.3092656420982002
TCGA-DD-AAEG-01,0.4163437832601536,0.16525305858326308,0.41840315815658335
TCGA-XR-A8TF-01,0.7668786986878372,0.2331213013121628,0.0
TCGA-CC-A5UC-01,0.21319706947576156,0.33634812593013264,0.45045480459410564
TCGA-KR-A7K0-01,0.6628284916325065,0.049620215646055676,0.28755129272143787
TCGA-CC-5263-01,0.024809491162472077,0.24170771599026042,0.7334827928472675
TCGA-K7-A5RG-01,0.3230755015567293,0.003001685379623045,0.6739228130636477
TCGA-G3-AAV4-01,0.7500819376220998,0.24991806237790015,0.0
TCGA-ED-A627-01,0.2473449654530452,0.0,0.7526550345469548
TCGA-2Y-A9GZ-01,0.8327359736397608,0.0,0.1672640263602391
TCGA-DD-AACX-01,0.6888931949339676,0.31110680506603255,0.0
TCGA-DD-AAVR-01,0.3472841063461146,0.1061165122169132,0.5465993814369722
TCGA-G3-A25T-01,0.0,0.3600468032673135,0.6399531967326866
TCGA-MR-A8JO-01,0.12015720283772019,0.02490923831507354,0.8549335588472063
TCGA-DD-AAEK-01,0.6064518408111855,0.0,0.3935481591888146
TCGA-DD-A1EE-01,0.7528348618514246,0.11706389286668384,0.13010124528189157
TCGA-DD-AACL-01,0.027141495193668076,0.5270638523239614,0.44579465248237043
TCGA-KR-A7K8-01,0.500458683552541,0.16651308048671742,0.3330282359607416
TCGA-FV-A3I0-01,0.0,0.23329229761163275,0.7667077023883672
TCGA-DD-AADA-01,0.399214180669531,0.16294468632859477,0.4378411330018742
TCGA-G3-A5SM-01,0.5060513246384296,0.0,0.49394867536157044
TCGA-G3-A3CH-01,0.5995455515975111,0.0,0.40045444840248884
TCGA-G3-AAUZ-01,0.5976376932188547,0.250654137474165,0.15170816930698033
TCGA-DD-AAVV-01,0.2666713976118089,0.1433668161889922,0.589961786199199
TCGA-DD-A4NP-01,0.8436694741024104,0.1032514906944582,0.053079035203131286
TCGA-ED-A66Y-01,0.21376443968692113,0.34710208544815646,0.4391334748649223
TCGA-LG-A6GG-01,0.7098119608222694,0.1161321365233506,0.17405590265438006
TCGA-DD-AAE4-01,0.6557136356436505,0.17016793150737639,0.17411843284897308
TCGA-HP-A5MZ-01,0.3920707191689461,0.0,0.607929280831054
TCGA-G3-A5SI-01,0.7009135526388278,0.24945602321138846,0.04963042414978373
TCGA-DD-A1EI-01,0.34517385465099787,0.0,0.6548261453490022
TCGA-G3-AAV1-01,0.690556970662677,0.1296247438083873,0.17981828552893575
TCGA-DD-A113-01,0.2957493077058982,0.1839534457634708,0.5202972465306311
TCGA-DD-AACB-01,0.3359466938711003,0.5431198496895374,0.12093345643936225
TCGA-CC-A9FS-01,0.5847998705040072,0.14786303750537552,0.26733709199061717
TCGA-BC-A5W4-01,0.6380399306809389,0.361960069319061,0.0
TCGA-2Y-A9H5-01,0.28863913839556543,0.08273666767294721,0.6286241939314874
TCGA-BW-A5NO-01,0.5432245889377924,0.19238909267594284,0.26438631838626486
TCGA-CC-A7IE-01,0.02089116665850837,0.512906625735964,0.4662022076055278
TCGA-KR-A7K2-01,0.4332855888875094,0.24381111639763461,0.32290329471485596
TCGA-DD-AADM-01,0.5613336841617923,0.3308496558235717,0.10781666001463594
TCGA-CC-5258-01,0.23718668487421568,0.2881463811164389,0.4746669340093454
TCGA-BW-A5NQ-01,0.36416117759723,0.36567091829270887,0.2701679041100611
TCGA-2Y-A9GX-01,0.30069355752174615,0.0,0.6993064424782538
TCGA-LG-A9QC-01,0.6947041059059478,0.21006277550052535,0.09523311859352683
TCGA-DD-A11C-01,0.63958175227401,0.0,0.3604182477259899
TCGA-BC-A10Q-01,0.0,0.2695343806042893,0.7304656193957106
TCGA-4R-AA8I-01,0.5981173741167631,0.0,0.4018826258832368
TCGA-FV-A4ZQ-01,0.3168015473563104,0.37316733087865683,0.3100311217650329
TCGA-BC-4073-01,0.11269826572160915,0.06715716098390119,0.8201445732944896
TCGA-DD-AADQ-01,0.6523989493527623,0.3476010506472378,0.0
TCGA-DD-A1EA-01,0.7584709925065957,0.06519023819140606,0.17633876930199835
TCGA-WQ-AB4B-01,0.5448425920463574,0.24024747800157067,0.2149099299520718
TCGA-RC-A7SH-01,0.15841717161071375,0.5630244989038273,0.2785583294854589
TCGA-BC-A10T-01,0.5440431118553284,0.0,0.4559568881446716
TCGA-DD-A39W-01,0.6733219354958542,0.26018300219170765,0.0664950623124382
TCGA-RC-A6M5-01,0.33887413680879586,0.0,0.6611258631912043
TCGA-UB-A7MD-01,0.5737911796185363,0.05151643490987657,0.3746923854715871
TCGA-2Y-A9H6-01,0.36576497389803436,0.0017532542850339566,0.6324817718169318
TCGA-5C-A9VG-01,0.2802112462400178,0.2730991769345342,0.446689576825448
TCGA-CC-5264-01,0.28378023165341104,0.2541063686724014,0.4621133996741875
TCGA-DD-A4NS-01,0.21168580753618288,0.0,0.788314192463817
TCGA-QA-A7B7-01,0.5364259353975721,0.16067041958871267,0.30290364501371514
TCGA-DD-AAEB-01,0.7703778772690526,0.2296221227309475,0.0
TCGA-DD-A3A6-01,0.0,0.33992066453951925,0.6600793354604808
TCGA-UB-A7MF-01,0.2686823484154867,0.3972097922656039,0.3341078593189094
TCGA-DD-AACW-01,0.4795328880551418,0.41986169310681465,0.10060541883804355
TCGA-G3-A7M6-01,0.04461008870270603,0.15963489224008093,0.795755019057213
TCGA-GJ-A6C0-01,0.3609697302663171,0.10925979761871324,0.5297704721149696
TCGA-DD-A3A3-01,0.35878346035005126,0.6031918365040945,0.03802470314585417
TCGA-WX-AA44-01,0.2115590500481288,0.286552034858513,0.5018889150933582
TCGA-MR-A520-01,0.7691316932069888,0.0,0.23086830679301126
TCGA-DD-AADK-01,0.2272115465913257,0.18577049189312034,0.587017961515554
TCGA-DD-A73D-01,0.8332922897620242,0.16670771023797584,0.0
TCGA-BW-A5NP-01,0.22997553421196154,0.497577136490609,0.27244732929742943
TCGA-DD-A4NN-01,0.17402495520051914,0.4431774807979592,0.3827975640015215
TCGA-ZP-A9CZ-01,0.3768749864062758,0.14131569759145624,0.48180931600226795
TCGA-CC-A8HS-01,0.16845093763712984,0.35811447210666264,0.47343459025620754
TCGA-G3-A6UC-01,0.9910042233138954,0.008995776686104675,0.0
TCGA-CC-A7IH-01,0.848405839931508,0.08531850019774441,0.0662756598707476
TCGA-BC-A69I-01,0.7951358509119831,0.09760855442400679,0.1072555946640101
TCGA-K7-A6G5-01,0.6651286589824887,0.11459907496542264,0.22027226605208855
TCGA-BC-A10U-01,0.5371515991136377,0.16228790250191866,0.30056049838444354
TCGA-DD-A4NG-01,0.6331218173494351,0.12059091178321286,0.24628727086735197
TCGA-UB-A7MC-01,0.6869713018543994,0.17295667955169539,0.1400720185939054
TCGA-UB-AA0U-01,0.4336576218905974,0.0,0.5663423781094026
TCGA-DD-A4NB-01,0.2828410264893554,0.0,0.7171589735106446
TCGA-ED-A8O6-01,0.11281862312270774,0.47021523832113893,0.41696613855615344
TCGA-DD-AACQ-01,0.7125853508087084,0.2874146491912916,0.0
TCGA-G3-AAV6-01,0.07499191342946031,0.6862453834990249,0.23876270307151487
TCGA-DD-A3A4-01,0.8289651318928946,0.09490681774726846,0.07612805035983691
TCGA-DD-A1EK-01,0.5937112803422295,0.023345044815165385,0.38294367484260505
TCGA-FV-A3R2-01,0.7584226988742878,0.14452514335779815,0.097052157767914
TCGA-BC-A10Z-01,0.8025669320172976,0.1331090802614561,0.06432398772124635
TCGA-WJ-A86L-01,0.5058387842470673,0.1953787652169596,0.2987824505359732
TCGA-G3-A25Y-01,0.12199212247998538,0.16188408214309716,0.7161237953769175
TCGA-ED-A82E-01,0.0,0.17899970045886793,0.821000299541132
TCGA-DD-AACU-01,0.5236811037800922,0.1058713025477565,0.37044759367215124
TCGA-DD-A4NJ-01,0.45015637611634357,0.030752806781762492,0.5190908171018939
TCGA-2Y-A9H1-01,0.5427943025038664,0.45720569749613355,0.0
TCGA-FV-A496-01,0.6818884040081259,0.13822759683704441,0.1798839991548296
TCGA-DD-A4ND-01,0.19293721435017144,0.0,0.8070627856498285
TCGA-DD-A1EF-01,0.30052289761557816,0.2855990531728067,0.413878049211615
TCGA-DD-AAEH-01,0.7175489012492543,0.07684688774054071,0.20560421101020487
TCGA-2Y-A9H2-01,0.020272594733029007,0.17478399709049314,0.8049434081764779
TCGA-2Y-A9GW-01,0.41347940888600604,0.01859960657410474,0.5679209845398892
TCGA-ZS-A9CE-01,0.8891158190521488,0.07062723978844973,0.04025694115940153
TCGA-DD-A4NQ-01,0.28840126896609514,0.26780962660853946,0.4437891044253654
TCGA-5C-AAPD-01,0.1288402713275308,0.34028840955366524,0.5308713191188039
TCGA-DD-AAVW-01,0.3104216427977815,0.0,0.6895783572022185
TCGA-EP-A2KC-01,0.6720918443940206,0.1293384994284761,0.19856965617750327
TCGA-MI-A75E-01,0.5358127283816954,0.014703771127493506,0.4494835004908111
TCGA-DD-A116-01,0.4851634719976296,0.3635745516304513,0.15126197637191902
TCGA-GJ-A9DB-01,0.5014257569301803,0.0,0.4985742430698197
TCGA-CC-A7IL-01,0.78269991752916,0.21730008247083998,0.0
TCGA-DD-AACC-01,0.29891682733634123,0.2039852006845038,0.497097971979155
TCGA-FV-A3R3-01,0.26096975103379916,0.0,0.7390302489662008
TCGA-HP-A5N0-01,0.6303532444226694,0.0,0.36964675557733057
TCGA-K7-A5RF-01,0.46768807471242496,0.0,0.5323119252875751
TCGA-ED-A7PZ-01,0.3086228649247548,0.6719603415928103,0.01941679348243488
TCGA-YA-A8S7-01,0.11595019225338862,0.20197221698716641,0.682077590759445
TCGA-DD-A39X-01,0.32294729429115554,0.3693713914656752,0.3076813142431692
TCGA-DD-AACF-01,0.6459803765917532,0.2591946582265431,0.09482496518170379
TCGA-DD-A1EC-01,0.1516040531691694,0.11812148252563606,0.7302744643051944
TCGA-DD-AAE0-01,0.0,0.5255448532808582,0.4744551467191417
TCGA-G3-AAV0-01,0.7524174784188673,0.21412126012991783,0.03346126145121487
TCGA-XR-A8TD-01,0.34940335216674184,0.0,0.6505966478332582
TCGA-CC-A5UE-01,0.3551193303196872,0.488152016254808,0.15672865342550485
TCGA-DD-AACJ-01,0.6003205149524509,0.3996794850475491,0.0
TCGA-G3-AAV5-01,0.6308786784692317,0.3691213215307684,0.0
TCGA-DD-AAVS-01,0.3838820444829157,0.2215786415574544,0.3945393139596298
TCGA-DD-A11B-01,0.79651166642224,0.0,0.20348833357776
TCGA-MI-A75C-01,0.4897076881525277,0.4902091182599624,0.020083193587510047
TCGA-ED-A8O5-01,0.38458511139575624,0.2786192938765923,0.33679559472765136
TCGA-BC-4072-01,0.03323953970740485,0.117927903563814,0.8488325567287812
TCGA-DD-AAW3-01,0.8394375604286104,0.1605624395713896,0.0
TCGA-G3-A5SK-01,0.8235330508277635,0.0,0.17646694917223638
TCGA-BC-A110-01,0.4027773979317719,0.0,0.597222602068228
TCGA-DD-A3A7-01,0.2968256862809969,0.7031743137190031,0.0
TCGA-DD-AACN-01,0.3691576393176211,0.031937661128952376,0.5989046995534266
TCGA-DD-AAD5-01,0.0,0.5476007773812535,0.4523992226187466
TCGA-CC-A3MC-01,0.29229202074410227,0.2031237903805669,0.5045841888753307
TCGA-DD-A73A-01,0.6824589512095914,0.07130189066009351,0.24623915813031516
TCGA-DD-AADI-01,0.15895701093699885,0.4046991920770963,0.43634379698590486
TCGA-CC-A7IG-01,0.0,0.6427489850872401,0.35725101491275985
TCGA-G3-AAV3-01,0.5736198694831602,0.14492161086528174,0.281458519651558
TCGA-MI-A75H-01,0.7543702846931968,0.1904475638499556,0.055182151456847656
TCGA-DD-A73E-01,0.8430369035138437,0.15696309648615622,0.0
TCGA-2Y-A9H7-01,0.4131254428833477,0.38417085269626,0.20270370442039232
TCGA-CC-A8HV-01,0.0,0.49647378147557425,0.5035262185244257
TCGA-DD-AADJ-01,0.5145032429995723,0.4235870331203526,0.06190972388007499
TCGA-DD-AAD6-01,0.5682118793742672,0.4317881206257329,0.0
TCGA-BC-A10S-01,0.5984950562147359,0.0639921449481485,0.33751279883711566
TCGA-LG-A9QD-01,0.7493327226207737,0.04166958884280395,0.20899768853642234
TCGA-DD-A3A1-01,0.5642987404522978,0.4244063804860548,0.011294879061647441
TCGA-DD-AACZ-01,0.2129956034082981,0.4066166247859132,0.38038777180578875
TCGA-CC-A7IK-01,0.6305578146625999,0.2587971313750934,0.11064505396230667
TCGA-DD-AADO-01,0.14992645446048913,0.7803936815314217,0.0696798640080891
TCGA-CC-A7II-01,0.0,0.5273381445499546,0.47266185545004546
TCGA-RC-A6M3-01,0.0,0.4490276916142464,0.5509723083857536
TCGA-DD-AAW1-01,0.9607912062219259,0.01569966357254963,0.023509130205524413
TCGA-NI-A8LF-01,0.7140925773243794,0.0,0.2859074226756207
TCGA-FV-A23B-01,0.46460948785666434,0.1949698206699221,0.34042069147341353
TCGA-DD-AADC-01,0.22974987336586383,0.3518935164415919,0.41835661019254416
TCGA-G3-A3CJ-01,0.7775995101002554,0.22240048989974462,0.0
TCGA-ZP-A9D1-01,0.4778870668249274,0.0,0.5221129331750726
TCGA-DD-A73C-01,0.7005599721358897,0.0,0.2994400278641103
TCGA-CC-A9FU-01,0.18316154989037445,0.6413566120950143,0.1754818380146113
TCGA-G3-A25X-01,0.0,0.46870338380558174,0.5312966161944183
TCGA-DD-AACP-01,0.15910788630672715,0.5966135880666393,0.24427852562663338
TCGA-UB-A7MB-01,0.7037842419588587,0.09205942507563138,0.20415633296550992
TCGA-DD-AADG-01,0.9435513712328137,0.05644862876718621,0.0
TCGA-RC-A6M6-01,0.0,0.5526774912220648,0.4473225087779352
TCGA-DD-A4NH-01,0.0,0.29741862579301176,0.7025813742069883
TCGA-EP-A12J-01,0.9190808240719008,0.037827832278179964,0.04309134364991924
TCGA-CC-5262-01,0.3865346643733378,0.15841739372620117,0.45504794190046105
TCGA-ZS-A9CD-01,0.6030594316926707,0.07234413254005388,0.32459643576727537
TCGA-DD-AAE9-01,0.6672122576010808,0.3327877423989191,0.0
TCGA-BD-A2L6-01,0.6911982651268613,0.12710988841234047,0.18169184646079803
TCGA-DD-AAEI-01,0.7795664946285531,0.17274488287605164,0.04768862249539532
TCGA-2Y-A9H3-01,0.15876263022794165,0.4376222524247831,0.4036151173472751
TCGA-2Y-A9GV-01,0.6844858558477703,0.0,0.3155141441522297
TCGA-DD-AADS-01,0.6346907305355175,0.3653092694644825,0.0
TCGA-DD-A114-01,0.08010468634567249,0.006320207177731397,0.9135751064765961
TCGA-DD-A39Z-01,0.4978634775885408,0.5021365224114592,0.0
TCGA-UB-A7MA-01,0.0,0.3410892744963018,0.6589107255036982
TCGA-EP-A2KB-01,0.5588952887130474,0.3953227348019967,0.04578197648495601
TCGA-DD-AAEA-01,0.6153986338583979,0.3199036039341905,0.06469776220741148
TCGA-UB-AA0V-01,0.46895425775011546,0.0,0.5310457422498845
TCGA-2Y-A9GY-01,0.009628819219133777,0.6168379295145686,0.37353325126629766
TCGA-XR-A8TE-01,0.5602876930131204,0.1702211673388446,0.2694911396480349
TCGA-ED-A4XI-01,0.40775509112990216,0.0,0.592244908870098
TCGA-DD-AACG-01,0.2990335134610473,0.6889298545436642,0.01203663199528856
TCGA-NI-A4U2-01,0.8008439806583013,0.0,0.19915601934169863
TCGA-DD-AAC9-01,0.5240743555163614,0.09229752849828045,0.38362811598535823
TCGA-DD-AAE1-01,0.5076500693739691,0.384200334590273,0.10814959603575805
TCGA-DD-A11D-01,0.807321753666224,0.0,0.19267824633377606
TCGA-DD-AADY-01,0.5620038415150188,0.09602579637720589,0.34197036210777526
TCGA-ZP-A9D4-01,0.9253378476782808,0.047223180002465136,0.027438972319254074
TCGA-DD-AAED-01,0.40154928276842355,0.5326235746255618,0.06582714260601474
TCGA-DD-AACK-01,0.7123063304003772,0.08951790076420449,0.19817576883541832
TCGA-DD-AAVQ-01,0.10839364136480835,0.32753181258821257,0.5640745460469792
TCGA-BC-A112-01,0.02901013784183922,0.19806249105260143,0.7729273711055593
TCGA-DD-A118-01,0.3762850509872694,0.15051387896046758,0.473201070052263
TCGA-DD-AACO-01,0.4762722357616458,0.43823926111439454,0.08548850312395957
TCGA-DD-A1EB-01,0.8400624962779809,0.0,0.15993750372201918
TCGA-DD-A4NL-01,0.6441129224379414,0.0,0.3558870775620586
TCGA-EP-A3JL-01,0.40855979617811056,0.19085191034232674,0.4005882934795627
TCGA-DD-AAD8-01,0.6505784203462274,0.15347349640950378,0.19594808324426877
TCGA-5R-AA1C-01,0.8546361387559315,0.14536386124406847,0.0
TCGA-G3-A3CI-01,0.5881848485615355,0.0,0.41181515143846437
TCGA-G3-A3CK-01,0.8448629521651179,0.04598542597752891,0.1091516218573533
TCGA-MI-A75G-01,0.8198435358955024,0.17079214047188396,0.009364323632613641
TCGA-G3-A5SJ-01,0.15788010874255248,0.22917854912831837,0.6129413421291292
TCGA-5R-AAAM-01,0.5621621938409076,0.0,0.43783780615909246
TCGA-BC-A3KG-01,0.39383379997254636,0.24613298370971667,0.36003321631773694
TCGA-2Y-A9GS-01,0.4810256528268892,0.0646706456722712,0.45430370150083954
TCGA-BD-A3ER-01,0.5060995515731497,0.0,0.49390044842685027
TCGA-BC-A10X-01,0.47413468495841643,0.0,0.5258653150415836
TCGA-MI-A75I-01,0.5087384975688269,0.22809426043966555,0.2631672419915073
TCGA-CC-A7IF-01,0.49696325786002016,0.25890756996701536,0.2441291721729645
TCGA-DD-AACE-01,0.9124169561857208,0.04038456372840117,0.04719848008587799
TCGA-DD-AAVY-01,0.9162018514105146,0.08379814858948534,0.0
TCGA-DD-A1EG-01,0.3830587408130076,0.17729817627120606,0.4396430829157862
TCGA-ED-A7PX-01,0.0,0.1529002262439837,0.8470997737560163
TCGA-DD-AAD1-01,0.15040464694696462,0.0,0.8495953530530355
TCGA-DD-AADN-01,0.12134602013580037,0.8786539798641997,0.0
TCGA-2Y-A9H9-01,0.7628859669062412,0.0363066827944722,0.20080735029928654
TCGA-G3-A25Z-01,0.6784303393183191,0.12495118484324359,0.19661847583843725
TCGA-BC-A217-01,0.3812958150527898,0.3010000695072899,0.3177041154399203
TCGA-BC-A10R-01,0.37344700415764503,0.02395758233319914,0.6025954135091558
TCGA-ED-A7XO-01,0.5621722936174005,0.017697285808828667,0.4201304205737708
TCGA-G3-AAV7-01,0.0,0.3259358345612402,0.6740641654387598
TCGA-GJ-A3OU-01,0.18505081923738828,0.00986720543042488,0.8050819753321867
TCGA-DD-AADB-01,0.21610515741491418,0.415979242837173,0.3679155997479127
TCGA-RC-A7SK-01,0.6465170815030999,0.20601721521527433,0.14746570328162573
TCGA-DD-A4NE-01,0.5675392962697945,0.0,0.4324607037302054
TCGA-DD-AACT-01,0.5652679175980868,0.10854775155682363,0.3261843308450895
TCGA-ZP-A9D0-01,0.6856852875480114,6.922410230423905e-05,0.3142454883496843
TCGA-DD-AADF-01,0.6204867607144249,0.379513239285575,0.0
TCGA-DD-A1EJ-01,0.3468199395135916,0.4604847913573318,0.19269526912907653
TCGA-DD-AAVU-01,0.5003338583568915,0.49966614164310846,0.0
TCGA-G3-A3CG-01,0.6736779308793563,0.007526799935183323,0.3187952691854602
TCGA-BC-A10W-01,0.2598273996613641,0.18192699047948888,0.5582456098591471
TCGA-O8-A75V-01,0.4673948829134648,0.2112867231047236,0.3213183939818115
TCGA-DD-A3A9-01,0.13286762285645132,0.4301801392167882,0.4369522379267604
TCGA-DD-A73G-01,0.17033944820763594,0.7592817320836315,0.07037881970873251
TCGA-DD-A1ED-01,0.6208910617862323,0.0,0.3791089382137676
TCGA-WX-AA47-01,0.4146980602281637,0.4650630546582313,0.1202388851136049
TCGA-G3-A7M5-01,0.830253932500278,0.16974606749972201,0.0
TCGA-DD-A4NI-01,0.717024700268617,0.0,0.282975299731383
TCGA-2Y-A9H8-01,0.2923037996359471,0.35131819924896435,0.35637800111508844
TCGA-2Y-A9GT-01,0.6423775991403186,0.0,0.3576224008596815
TCGA-CC-5260-01,0.0,0.07069326753227928,0.9293067324677208
TCGA-DD-A119-01,0.45562819155893886,0.35278897372710727,0.19158283471395388
TCGA-FV-A2QR-01,0.6388236185474664,0.0,0.36117638145253367
TCGA-G3-A25V-01,0.5127649600683913,0.0,0.48723503993160877
TCGA-CC-A8HT-01,0.14836352474629347,0.42146801082379615,0.4301684644299104
TCGA-DD-AADL-01,0.7009445316949993,0.09615231975529828,0.20290314854970243
TCGA-XR-A8TC-01,0.5064271667158269,0.15240288005470165,0.3411699532294715
TCGA-CC-A7IJ-01,0.0,0.16477440368125879,0.8352255963187413
TCGA-5C-A9VH-01,0.33473840640266345,0.13817114879906675,0.5270904447982698
TCGA-DD-AADR-01,0.6531409679297604,0.2328466089979968,0.11401242307224291
TCGA-2Y-A9HB-01,0.6750085883714221,0.0,0.324991411628578
TCGA-DD-AAE3-01,0.81456835627729,0.1248019081531827,0.0606297355695273
TCGA-DD-A4NA-01,0.0,0.10468351112136882,0.8953164888786312
TCGA-DD-AACI-01,0.2887147418425141,0.4416934098146783,0.2695918483428075
TCGA-DD-AADU-01,0.7049564367797915,0.29504356322020864,0.0
TCGA-EP-A3RK-01,0.42554376701015734,0.2246867917534038,0.34976944123643877
TCGA-CC-A5UD-01,0.20715794602269058,0.5053816241811822,0.28746042979612724
TCGA-CC-A9FV-01,0.0,0.055536852516832796,0.9444631474831673
TCGA-DD-AAEE-01,0.6652487799367878,0.24181966867959198,0.09293155138362025
TCGA-ZS-A9CF-01,0.6821923875586533,0.0,0.31780761244134675
TCGA-RC-A6M4-01,0.802953675983094,0.19704632401690594,0.0
TCGA-G3-A7M8-01,0.7019530756513377,0.0,0.2980469243486625
TCGA-DD-AAVP-01,0.638108633103311,0.33566476796386735,0.026226598932821768
TCGA-UB-A7ME-01,0.21716867476697493,0.21682498399656952,0.5660063412364554
TCGA-DD-A4NR-01,0.13765568492285496,0.22458629376904968,0.6377580213080953
TCGA-G3-A25U-01,0.9123351761115002,0.0,0.08766482388849989
TCGA-DD-AAE6-01,0.47091914749526714,0.5290808525047328,0.0
TCGA-G3-AAV2-01,0.806505565896419,0.19349443410358108,0.0
TCGA-ZP-A9CY-01,0.6171957382720412,0.0,0.38280426172795873
TCGA-DD-A39Y-01,0.26827552885047873,0.6224591349845546,0.10926533616496674
TCGA-DD-A115-01,0.6246491725640931,0.0,0.3753508274359068
