,archetype_1,archetype_2,archetype_3,archetype_4,archetype_5
TCGA-E1-5319-01,0.24031372148224642,0.4776034588567396,0.028018107112219633,0.04820948660380754,0.20585522594498679
TCGA-HT-7693-01,0.0,0.5082679680515771,0.1990422488252352,0.07575030015757142,0.21693948296561627
TCGA-CS-6665-01,0.05704324073452934,0.4452873367349033,0.4425453581064557,0.017011371420043418,0.03811269300406842
TCGA-S9-A7J2-01,0.12537850112403262,0.37331033200143293,0.0,0.01870833802765366,0.48260282884688077
TCGA-FG-A6J3-01,0.0,0.0,0.27478367129033715,0.6721623965545993,0.05305393215506358
TCGA-FG-6688-01,0.20082542942385453,0.0,0.4961750465252783,0.3029995240508672,0.0
TCGA-S9-A6TX-01,0.12841982594280266,0.14397840364559758,0.0,0.2956697849233289,0.4319319854882707
TCGA-VM-A8C8-01,0.03443538037553051,0.5165440180419224,0.0,0.36382627392325534,0.0851943276592917
TCGA-HT-A74L-01,0.07920495821804387,0.5683604766882966,0.0,0.0,0.3524345650936595
TCGA-S9-A7QY-01,0.3656766683783832,0.0834981833297931,0.0,0.3051458809922358,0.245679267299588
TCGA-DB-A4XA-01,0.25846826849823573,0.1534227936260527,0.0,0.3307301408957688,0.25737879697994276
TCGA-HT-A4DV-01,0.46144400692175375,0.0,0.0,0.4614734163834314,0.07708257669481487
TCGA-WY-A85A-01,0.1802764564596603,0.5179619639825432,0.0,0.16217012445023796,0.13959145510755863
TCGA-E1-5311-01,0.4651832625416681,0.17030319482119718,0.0,0.0,0.3645135426371348
TCGA-E1-A7YI-01,0.0,0.0,0.45551694190278774,0.0,0.5444830580972123
TCGA-E1-5305-01,0.30619063065769375,0.48524363340672094,0.09607649355548711,0.0,0.1124892423800982
TCGA-F6-A8O4-01,0.44653990278894823,0.3547196495352463,0.0,0.1191226141095262,0.07961783356627923
TCGA-HT-8113-01,0.9067449555021064,0.040422368352921456,0.0,0.04573275366906061,0.0070999224759115305
TCGA-DH-A66G-01,0.4915057952102617,0.2776336128652893,0.23037462405573159,0.0,0.00048596786871752664
TCGA-HT-7620-01,0.2568412912075252,0.5207218668596149,0.0,0.16031218299292724,0.0621246589399327
TCGA-P5-A731-01,0.4319904069345531,0.09098273277737531,0.2587983610835196,0.16754393316651833,0.050684566038033514
TCGA-HT-7480-01,0.44527458916502705,0.3116114219705643,0.0,0.0,0.24311398886440874
TCGA-HT-7689-01,0.15469684395473127,0.6986898958327402,0.07591513469166442,0.07069812552086414,0.0
TCGA-HT-8109-01,0.6239816511081085,0.3488848938137818,0.013824479511090025,0.0,0.013308975567019779
TCGA-E1-A7YE-01,0.016770620636180296,0.344772592558316,0.42283745425973296,0.0,0.21561933254577076
TCGA-S9-A7R1-01,0.4446549223704377,0.1943551256010696,0.0,0.027640197404297705,0.3333497546241951
TCGA-FG-A710-01,0.3537586882320883,0.06984262350957521,0.09510451699557662,0.21586120408581336,0.26543296717694653
TCGA-S9-A7J0-01,0.0,0.18495855515222395,0.23222325687778375,0.006863116981444765,0.5759550709885477
TCGA-DU-A6S6-01,0.6572344259952715,0.0,0.0,0.07516871958262404,0.2675968544221045
TCGA-HT-7877-01,0.5323782240301856,0.2985087440244498,0.0,0.0,0.1691130319453646
TCGA-QH-A6CU-01,0.10828953903578703,0.21701855163732242,0.0,0.6746919093268907,0.0
TCGA-HW-7486-01,0.28547731159791456,0.5235984178661538,0.0,0.10565570869572435,0.08526856184020723
TCGA-FG-7634-01,0.07567261307099805,0.395543343014422,0.28171833488764997,0.0,0.24706570902692992
TCGA-DU-6407-01,0.0,0.7505958580052984,0.0917983069656389,0.0,0.15760583502906278
TCGA-P5-A735-01,0.08333300218390122,0.41780317884756124,0.0,0.27603127526244337,0.22283254370609415
TCGA-HT-8010-01,0.6295133999915737,0.22663707124926719,0.014759641346078978,0.12908988741308006,0.0
TCGA-P5-A5F1-01,0.0,0.43188219144510687,0.030522711168956405,0.5375950973859368,0.0
TCGA-VM-A8CF-01,0.0,0.0,0.0,1.0,0.0
TCGA-DU-6542-01,0.20854597103636233,0.4818546934395111,0.18232305996624812,0.0,0.12727627555787838
TCGA-FG-7638-01,0.44920275041840685,0.2757773604911155,0.0,0.07757382305882589,0.19744606603165177
TCGA-VW-A8FI-01,0.0,0.0,0.44266717796377275,0.4510162561964255,0.10631656583980173
TCGA-DH-5143-01,0.3586576803312475,0.5847965595401281,0.04822300183583618,0.008322758292788182,0.0
TCGA-DU-A7TI-01,0.3527276863066284,0.5239895474851918,0.12328276620817985,0.0,0.0
TCGA-DU-8165-01,0.09587045508942953,0.0115975959900114,0.892531948920559,0.0,0.0
TCGA-DU-7013-01,0.14980036775290365,0.014198280035521996,0.6474609266362933,0.0,0.18854042557528117
TCGA-DU-7011-01,0.3168761440778194,0.4702582654914044,0.21286559043077613,0.0,0.0
TCGA-TM-A84Q-01,0.0,0.5583635545692064,0.10514611613207185,0.14896453243980093,0.1875257968589209
TCGA-DB-5281-01,0.42845963725514247,0.2664734319774425,0.17237823371519811,0.0,0.13268869705221684
TCGA-S9-A6WI-01,0.8680832382919093,0.0,0.0,0.13191676170809086,0.0
TCGA-HT-7605-01,0.6172306905269612,0.31746884026829614,0.0,0.06530046920474268,0.0
TCGA-DB-5270-01,0.6523398159949255,0.16640819866233056,0.16887984998238686,0.012372135360357138,0.0
TCGA-S9-A6WQ-01,0.1764913575545724,0.40308798775980353,0.0,0.42042065468562406,0.0
TCGA-HT-8106-01,0.07152246184690791,0.2830107903074045,0.6454667478456877,0.0,0.0
TCGA-HT-7608-01,0.2774496618655397,0.5833786394228201,0.006855252639153283,0.13231644607248683,0.0
TCGA-E1-A7YU-01,0.31010077476624903,0.2516410191100502,0.0,0.35825674023936216,0.08000146588433864
TCGA-W9-A837-01,0.565972686948707,0.2650202775981748,0.0,0.0,0.1690070354531182
TCGA-TM-A7C5-01,0.19552450989380307,0.1352360385141002,0.0,0.0,0.6692394515920966
TCGA-DU-6394-01,0.04967686411887498,0.19603571950104987,0.10977119869588897,0.0,0.6445162176841863
TCGA-DU-A5TS-01,0.12494448708506822,0.1610229425087812,0.0,0.5709016969533496,0.1431308734528009
TCGA-QH-A6CW-01,0.0,0.5950747984576995,0.0055131805095519505,0.24447851242494434,0.15493350860780414
TCGA-S9-A6WO-01,0.0,0.8263403715881187,0.0,0.08892712231825253,0.08473250609362883
TCGA-IK-7675-01,0.0,0.5790323909334595,0.1666649311254173,0.0,0.2543026779411232
TCGA-HT-7601-01,0.16341020799067948,0.48169917176159993,0.3548906202477205,0.0,0.0
TCGA-P5-A5ET-01,0.3657848367619158,0.14933240086741845,0.0,0.22555136102216053,0.25933140134850535
TCGA-HT-7472-01,0.03624180675284241,0.8040557530523302,0.11830449096557624,0.0,0.04139794922925121
TCGA-HT-7880-01,0.7174722213304062,0.0684936257238745,0.0,0.2140341529457192,0.0
TCGA-E1-A7Z3-01,0.5825817978242217,0.10694315585888307,0.11314442050754685,0.19467259350902885,0.0026580323003194996
TCGA-P5-A77X-01,0.5083711739820909,0.18438879825051654,0.0,0.049701875235673355,0.25753815253171924
TCGA-FG-A6IZ-01,0.0,0.0,0.0,0.5040583009980827,0.4959416990019173
TCGA-HT-7873-01,0.013283019241405512,0.8184367219497851,0.07936637041884605,0.03400466918508076,0.054909219204882564
TCGA-CS-4938-01,0.014635120708777018,0.8060518527762913,0.055838278222289484,0.12347474829264209,0.0
TCGA-KT-A74X-01,0.13302925956579176,0.13474776425463258,0.0,0.19312601554221545,0.5390969606373602
TCGA-P5-A5EX-01,0.019060883970372318,0.1540173590830506,0.49906788136976066,0.2575576471182965,0.07029622845851993
TCGA-VM-A8CH-01,0.0,0.6566783650704694,0.05883582795999259,0.14315515865438064,0.14133064831515743
TCGA-HT-7476-01,0.5461884845547563,0.1054706834623863,0.17734428699404609,0.0753362240488122,0.09566032093999913
TCGA-DB-A75L-01,0.32283784764571083,0.29823826121390645,0.04510359809486304,0.14915268447289587,0.1846676085726238
TCGA-P5-A5EZ-01,0.015782697836396322,0.46309259133447506,0.21352511604517216,0.21053079652188542,0.097068798262071
TCGA-FG-A70Y-01,0.13612803937861168,0.5269617525402703,0.0,0.336910208081118,0.0
TCGA-RY-A843-01,0.4076982424566892,0.354074823514273,0.0314870755467262,0.07653011052761574,0.13020974795469592
TCGA-S9-A7IS-01,0.0,0.0,0.3922871262988442,0.03211037447754417,0.5756024992236116
TCGA-VV-A86M-01,0.0,0.45314157003164346,0.1085129749834898,0.07239454498763763,0.36595090999722907
TCGA-S9-A6U0-01,0.0,0.0,0.7703557694699201,0.16409960348216354,0.06554462704791637
TCGA-FG-7643-01,0.7403338168062946,0.0,0.22302698713069105,0.0366391960630143,0.0
TCGA-DB-5274-01,0.018861340354816417,0.0,0.0,0.5832939402797159,0.3978447193654676
TCGA-TQ-A7RG-01,0.15350914611741556,0.4602244281948117,0.0,0.10376457731323889,0.2825018483745338
TCGA-QH-A6X5-01,0.2816342802192233,0.2672584981545559,0.0,0.30443452720776837,0.14667269441845246
TCGA-DU-6403-01,0.30735004851919107,0.02220322142182898,0.4797555967928824,0.0,0.19069113326609752
TCGA-HW-7493-01,0.47219946037178145,0.38301270323373354,0.14478783639448506,0.0,0.0
TCGA-RY-A847-01,0.47445358009860455,0.25141824338048596,0.0,0.14834793382351524,0.12578024269739424
TCGA-DB-A4XG-01,0.34531160712614256,0.11851491544673429,0.0,0.0,0.5361734774271233
TCGA-VM-A8CA-01,0.4525528738696419,0.0,0.0,0.5474471261303582,0.0
TCGA-HT-7855-01,0.0,0.7577370995889448,0.0,0.0,0.24226290041105525
TCGA-S9-A89Z-01,0.0,0.19223388659212803,0.37972564310680607,0.22805402584401585,0.1999864444570499
TCGA-DU-8166-01,0.3294050121706938,0.5657819325824185,0.04886448482439837,0.0,0.05594857042248935
TCGA-DH-A7UT-01,0.17830065718905266,0.29586007487284655,0.009937703871849342,0.4840599069611603,0.03184165710509109
TCGA-CS-5395-01,0.31758999134223154,0.2659141218591224,0.41649588679864613,0.0,0.0
TCGA-HT-A616-01,0.647516925882992,0.19267389075430788,0.0,0.1164820675564209,0.04332711580627925
TCGA-FG-8181-01,0.9190455554608302,0.0,0.08095444453916971,0.0,0.0
TCGA-HT-7611-01,0.0,0.8708461138345236,0.1291538861654764,0.0,0.0
TCGA-HT-8018-01,0.6753662124290936,0.0,0.3246337875709064,0.0,0.0
TCGA-FG-A60K-01,0.157994637125374,0.5006002601290752,0.0,0.050666039154729794,0.29073906359082097
TCGA-HT-7856-01,0.768495696661721,0.08340727890784638,0.022800573820051455,0.07727136278951405,0.04802508782086723
TCGA-FG-5963-01,0.22785934199993324,0.016753840626573747,0.4801973358939952,0.26321006070314806,0.011979420776349772
TCGA-DU-5851-01,0.617191048236554,0.3309732175871348,0.05183573417631109,0.0,0.0
TCGA-DU-A7T6-01,0.3004147118385121,0.0,0.12108047248656943,0.11785897884742767,0.46064583682749083
TCGA-S9-A6TY-01,0.44573902320458514,0.11596703768350296,0.0,0.0,0.4382939391119119
TCGA-DU-7015-01,0.018265514117290483,0.7639278960428617,0.14949909835144826,0.0,0.06830749148839957
TCGA-DU-7292-01,0.6723352237608644,0.0,0.3174104575940007,0.0,0.010254318645135013
TCGA-HT-A5RC-01,0.0,0.1490795064900658,0.7137931562042135,0.0630910777005762,0.07403625960514455
TCGA-WY-A85C-01,0.015742605983735062,0.4269636252674731,0.07492448974167806,0.18890166893219426,0.29346761007491956
TCGA-FG-8188-01,0.0,0.8054312570947104,0.0405848287182636,0.13853027678688404,0.015453637400141936
TCGA-TM-A84O-01,0.3199087792828799,0.14791592418142674,0.11620944890130006,0.17121738802685296,0.2447484596075403
TCGA-TM-A84F-01,0.19583662696919774,0.22970552987664536,0.17715399302217114,0.3973038501319859,0.0
TCGA-S9-A6TU-01,0.0,0.5107253765110757,0.0,0.36259790663114433,0.12667671685777998
TCGA-HT-A61A-01,0.8445455196167366,0.0,0.021853956643766274,0.1336005237394971,0.0
TCGA-DU-5855-01,0.11964156087545966,0.5783171866626742,0.16661888130281088,0.042215238749484796,0.09320713240957043
TCGA-HT-7884-01,0.24573480623059624,0.6076208818968284,0.0,0.08317617327778122,0.0634681385947941
TCGA-TQ-A7RQ-01,0.408769575315472,0.08832737807823306,0.0,0.0,0.502903046606295
TCGA-TM-A84C-01,0.03652536311840052,0.24375288432362344,0.5977897861232149,0.0,0.12193196643476124
TCGA-FG-A4MW-01,0.2319242110577222,0.0,0.36474284238143534,0.27979966488253155,0.12353328167831093
TCGA-IK-8125-01,0.48093935407850025,0.22689080092914313,0.03888177247879799,0.0,0.25328807251355867
TCGA-HT-A74K-01,0.0,0.0,0.0,0.6608037124499674,0.33919628755003256
TCGA-WH-A86K-01,0.0,0.49647423968282756,0.0,0.3944862539271329,0.10903950639003958
TCGA-DB-A75P-01,0.5364436441418569,0.0,0.2036279958682626,0.2599283599898804,0.0
TCGA-QH-A6X8-01,0.1518778217115113,0.11173053442827179,0.0,0.2576571960547569,0.47873444780546004
TCGA-S9-A89V-01,0.27932706258324386,0.3244731892909096,0.3065825760364722,0.0,0.08961717208937435
TCGA-WY-A85E-01,0.32213636778846694,0.2765333609959636,0.010728893039560166,0.11285624629622769,0.2777451318797816
TCGA-HT-A5R5-01,0.33816019437389777,0.36760391751860966,0.11530853609310714,0.17892735201438542,0.0
TCGA-HT-A618-01,0.1963530834982753,0.3456549154902554,0.2710625521232498,0.18692944888821958,0.0
TCGA-FG-6691-01,0.0,0.8455258869281267,0.15447411307187334,0.0,0.0
TCGA-HT-7467-01,0.6144608516544545,0.20949159049959634,0.064880763416679,0.019683164401615195,0.09148363002765492
TCGA-S9-A7R3-01,0.04432124695058874,0.6275759377545315,0.04355065836388421,0.28455215693099556,0.0
TCGA-QH-A6CX-01,0.07365941886320147,0.011848342471392,0.43196557281719183,0.48252666584821474,0.0
TCGA-FG-A4MX-01,0.0,0.010266804252585178,0.0,0.6191535757278477,0.3705796200195672
TCGA-HT-7681-01,0.5942846123427972,0.17475066266233028,0.0,0.17273166789671884,0.058233057098153726
TCGA-P5-A737-01,0.1679262732573816,0.2798256648650648,0.0,0.11087371429620471,0.4413743475813488
TCGA-DU-A6S7-01,0.0,0.6248415796580378,0.0,0.2157306085202102,0.15942781182175197
TCGA-P5-A72Z-01,0.0,0.0,0.0,0.06177621211206323,0.9382237878879368
TCGA-HT-8114-01,0.10124835829717738,0.6732194063320571,0.2255322353707655,0.0,0.0
TCGA-HW-8321-01,0.21199356181853754,0.5962325486362539,0.0894093471911085,0.0,0.10236454235410011
TCGA-TQ-A7RN-01,0.20042084461826815,0.4112748341585601,0.0,0.021360694065984207,0.36694362715718754
TCGA-DH-5141-01,0.12664193253059672,0.320890354885114,0.0,0.2507184220108793,0.30174929057341005
TCGA-CS-6186-01,0.0,0.1888860926361572,0.44133792997775806,0.2348765802216713,0.1348993971644134
TCGA-EZ-7264-01,0.19720303331055225,0.2789819007942497,0.0,0.0,0.523815065895198
TCGA-P5-A5F4-01,0.6063054055932781,0.032412521386620076,0.0,0.22371465807342267,0.13756741494667923
TCGA-HT-8012-01,0.31603221584928276,0.2499054314108672,0.0,0.0635691165405003,0.37049323619934965
TCGA-FG-8191-01,0.09413892704891093,0.7148363285752292,0.08245294638293796,0.10857179799292196,0.0
TCGA-DH-5142-01,0.0,0.5340952407871336,0.31052821637097644,0.05173536880420527,0.10364117403768465
TCGA-DU-A6S8-01,0.22135547899656924,0.0,0.0,0.17475301712672783,0.6038915038767029
TCGA-E1-A7YW-01,0.06561580410972721,0.6804199018102047,0.0,0.1781049773547266,0.07585931672534155
TCGA-CS-6666-01,0.0,0.4828900089849471,0.22658768559140416,0.0,0.2905223054236487
TCGA-DU-7298-01,0.2634902704916755,0.4395552116595179,0.1587566572186606,0.0,0.13819786063014608
TCGA-DB-A64R-01,0.3416631712442736,0.22370225780051786,0.0,0.0,0.43463457095520847
TCGA-DU-6406-01,0.0,0.0,0.7259038996469144,0.0,0.2740961003530856
TCGA-S9-A6UA-01,0.02392512300744661,0.0,0.7445331000262985,0.06649549745402455,0.16504627951223044
TCGA-FG-A60L-01,0.02674201789315093,0.0035419972568464064,0.0,0.8707270485656261,0.09898893628437656
TCGA-CS-5390-01,0.31224836949038826,0.20206476577145235,0.0,0.0,0.4856868647381593
TCGA-S9-A6WP-01,0.18160401811804203,0.12473825004826333,0.013066540618581162,0.297965815121877,0.38262537609323655
TCGA-DU-A7TB-01,0.34747965606271913,0.04361227456700407,0.07876087125364761,0.32880813910820617,0.201339059008423
TCGA-DB-5280-01,0.03208303134799922,0.9186979404830601,7.179888964791628e-05,0.0,0.0491472292792927
TCGA-TM-A84T-01,0.0,0.6749708605552376,0.0,0.13919962650062895,0.18582951294413352
TCGA-DU-6392-01,0.22451324544125525,0.0,0.45391990540192634,0.0,0.3215668491568185
TCGA-DH-A66D-01,0.053924238028902303,0.5959673073729831,0.11819504615227572,0.07928989948159106,0.15262350896424773
TCGA-RY-A83Z-01,0.0,0.0,0.0,0.6521724735805685,0.34782752641943143
TCGA-DB-5278-01,0.506496425229108,0.3387347617419991,0.0,0.008103384913242641,0.14666542811565025
TCGA-S9-A6WN-01,0.04417238444665951,0.26453474216041767,0.48855662478654144,0.05717079853390223,0.14556545007247915
TCGA-TQ-A7RR-01,0.27964397960534215,0.459562979054056,0.03593725481932367,0.22485578652127816,0.0
TCGA-DB-A4XC-01,0.3513464736333064,0.5008156611891662,0.09272931025401,0.040890023482561925,0.014218531440955542
TCGA-TQ-A7RH-01,0.1538709808282473,0.4360115211158638,0.08244179092087331,0.2152144042658858,0.1124613028691298
TCGA-E1-A7YS-01,0.07817152187590176,0.16180614617812183,0.0,0.0,0.7600223319459765
TCGA-S9-A7IX-01,0.4242453211883807,0.0,0.48531779474204906,0.09043688406957018,0.0
TCGA-DU-A7TD-01,0.0,0.0,0.7953032240965873,0.0,0.2046967759034127
TCGA-E1-A7YQ-01,0.0,0.008351527010292615,0.8216241847522417,0.06552588902063691,0.1044983992168288
TCGA-HT-7881-01,0.7070982701803228,0.21985384206556996,0.0,0.07304788775410721,0.0
TCGA-QH-A6CS-01,0.17197823469229045,0.018752704436247845,0.3280627584589507,0.48120630241251094,0.0
TCGA-HT-7695-01,0.6625649694809157,0.22639780579374583,0.0,0.0,0.11103722472533847
TCGA-P5-A5EU-01,0.0,0.1494317961796388,0.5701941338846411,0.0,0.28037406993572
TCGA-DB-A64X-01,0.18248509333654264,0.14053810778905368,0.0,0.4355928363199641,0.2413839625544395
TCGA-FG-7637-01,0.05549973365843308,0.4386457380984591,0.00047055619282746804,0.0,0.5053839720502804
TCGA-S9-A6U8-01,0.1605675233430789,0.6116962013470064,0.004303749110442355,0.22343252619947238,0.0
TCGA-S9-A6U5-01,0.19451315154477944,0.3216180302891485,0.013594465825031448,0.25261166651843325,0.21766268582260745
TCGA-HT-7609-01,0.021949921993280958,0.8348322368929484,0.054560993143194854,0.03312181571816692,0.05553503225240893
TCGA-E1-A7YO-01,0.4393446573323538,0.1592391573176424,0.0,0.0,0.4014161853500037
TCGA-HW-7487-01,0.66741117701063,0.20002935136736036,0.0,0.0,0.13255947162200962
TCGA-HW-7491-01,0.11081671793430897,0.2660376272843264,0.0,0.0,0.6231456547813645
TCGA-HT-7691-01,0.07782466781710778,0.2805760125569334,0.42112830438948057,0.22047101523647827,0.0
TCGA-CS-4944-01,0.18072917252693863,0.44221742065582165,0.031773725393384,0.3452796814238558,0.0
TCGA-FG-A6J1-01,0.17029986807373892,0.0,0.0,0.5423900243469874,0.28731010757927383
TCGA-S9-A7R7-01,0.0,0.3850604622593893,0.5547969918030573,0.06014254593755341,0.0
TCGA-TM-A84R-01,0.8760884601987707,0.039191109811432624,0.003494710118718881,0.04173317649681008,0.03949254337426763
TCGA-DB-A75M-01,0.0,0.6303241987109254,0.0,0.35169343744396736,0.017982363845107194
TCGA-DU-7302-01,0.6020326189010209,0.14425625503250541,0.0,0.0,0.2537111260664738
TCGA-HW-A5KM-01,0.0,0.7275711407241691,0.2527834323094013,0.019645426966429635,0.0
TCGA-HT-7477-01,0.08540095093457004,0.11729344167299788,0.3555440392493087,0.05273800564795334,0.38902356249517006
TCGA-QH-A65V-01,0.2824184833673217,0.19630705645331056,0.0,0.41589416202609225,0.10538029815327558
TCGA-S9-A6U1-01,0.015725994190421748,0.6774143472691126,0.048683438121829604,0.09251681449542881,0.16565940592320721
TCGA-FG-5965-01,0.24012126158673036,0.5136525519190809,0.19774437665706796,0.0,0.04848180983712079
TCGA-HT-A614-01,0.21891260563375378,0.33141677361359323,0.0,0.3828203164805295,0.06685030427212355
TCGA-S9-A7QZ-01,0.4516515287710829,0.02316070592886709,0.0,0.11060244813044441,0.4145853171696057
TCGA-QH-A6X4-01,0.1735684416848655,0.08263486725587325,0.0,0.27055095830648296,0.47324573275277837
TCGA-P5-A77W-01,0.11676348345907517,0.2114623052813113,0.0,0.009597153537799847,0.6621770577218136
TCGA-DU-8163-01,0.14523559754399112,0.7117616094567332,0.14300279299927557,0.0,0.0
TCGA-DU-7012-01,0.1790872938140859,0.030559796196516,0.790352909989398,0.0,0.0
TCGA-DU-7309-01,0.6192165578560157,0.31178759355678104,0.06753681059279154,0.0,0.001459037994411717
TCGA-E1-5307-01,0.33299195251391706,0.6128356399264013,0.0,0.0,0.05417240755968175
TCGA-S9-A7QW-01,0.15120233340746295,0.3373362549494106,0.0,0.20121788384037018,0.31024352780275627
TCGA-DU-6402-01,0.0,0.0,0.9027985280010488,0.030896036231898426,0.06630543576705292
TCGA-HT-7604-01,0.0,0.7241701514947265,0.01172183449129773,0.0,0.2641080140139758
TCGA-P5-A733-01,0.2026956152317024,0.530233101376242,0.010446443729523563,0.20577725118212367,0.05084758848040835
TCGA-FG-A87Q-01,0.16786513608021447,0.0,0.4815367603279342,0.35059810359185134,0.0
TCGA-HT-7684-01,0.03515455161822338,0.26100678351124806,0.0,0.5897961669216172,0.11404249794891128
TCGA-HW-7495-01,0.5813845801158497,0.3494335255676282,0.0,0.0,0.06918189431652201
TCGA-QH-A65R-01,0.28936199719497746,0.0,0.0,0.19558019861060094,0.5150578041944215
TCGA-DU-A7TG-01,0.8331420280699563,0.0,0.08485763605488202,0.08200033587516165,0.0
TCGA-DH-A7UV-01,0.0,0.6152744924364211,0.0,0.3075651111525617,0.0771603964110172
TCGA-HW-A5KK-01,0.18923433968238243,0.0,0.4515162607683546,0.359249399549263,0.0
TCGA-P5-A72W-01,0.0,0.20952029133789443,0.0,0.5647237638436138,0.2257559448184919
TCGA-CS-6669-01,0.9896747414290173,0.0,0.0,0.010325258570982739,0.0
TCGA-FG-A70Z-01,0.35927951720650775,0.0,0.5181460038506761,0.11554529846617102,0.007029180476645014
TCGA-DU-A7TC-01,0.5484685866070627,0.0,0.0,0.27837288715341735,0.17315852623952008
TCGA-HT-7610-01,0.649515588642081,0.2959536993337979,0.0,0.0,0.054530712024121096
TCGA-S9-A6TW-01,0.146048189934813,0.0,0.07903117693559436,0.24136531295373337,0.5335553201758593
TCGA-FG-A60J-01,0.21001868476206506,0.5249758084362656,0.014253212591132079,0.18152562701575337,0.06922666719478394
TCGA-E1-5303-01,0.0,0.6954418921581672,0.1198100072507484,0.18474810059108435,0.0
TCGA-QH-A6XC-01,0.44248132024518017,0.0,0.24440309715283115,0.31311558260198874,0.0
TCGA-HT-7481-01,0.5012559967782045,0.3194627935644182,0.009256202257924472,0.00709710699654169,0.16292790040291116
TCGA-FN-7833-01,0.0,0.6883243472930025,0.22569761837389676,0.0859780343331007,0.0
TCGA-E1-A7Z4-01,0.0,0.6491257545142769,0.0,0.3340527721930877,0.016821473292635346
TCGA-S9-A7QX-01,0.0,0.551118314174522,0.025675404260002102,0.19924363460854155,0.2239626469569343
TCGA-FG-A4MU-01,0.0,0.0,0.809652047206478,0.020402947519135205,0.16994500527438683
TCGA-HT-7875-01,0.38691764136764567,0.33528400971929506,0.0,0.0,0.2777983489130592
TCGA-HT-7473-01,0.011441439070757753,0.6957386336350881,0.29281992729415407,0.0,0.0
TCGA-TM-A7C3-01,0.11010418689041676,0.0,0.5176498494025806,0.19309584929866577,0.17915011440833697
TCGA-S9-A7IQ-01,0.8866880218769105,0.0,0.0,0.047539336041142896,0.06577264208194661
TCGA-DU-7008-01,0.3226863229094567,0.3370002315407503,0.0,0.0,0.3403134455497931
TCGA-DB-A64O-01,0.37912268056927373,0.0,0.270198167814335,0.35067915161639135,0.0
TCGA-DU-A5TT-01,0.24906145268845029,0.0,0.4177362018644275,0.3332023454471221,0.0
TCGA-S9-A6WG-01,0.20141133437958286,0.12181667523718756,0.4222544400885887,0.21862474194426618,0.03589280835037477
TCGA-FG-8189-01,0.9931541662808291,0.0,0.0,0.0,0.0068458337191708565
TCGA-DB-A75O-01,0.11153103661189542,0.4572606341570542,0.0,0.4312083292310504,0.0
TCGA-HT-7688-01,0.7332224726892305,0.15214918344180453,0.0255476970669416,0.0,0.08908064680202334
TCGA-DU-7304-01,0.40384357617702316,0.4287244410740181,0.16743198274895876,0.0,0.0
TCGA-HT-A74J-01,0.33091411869074466,0.3382994686289915,0.0,0.26681879639116074,0.06396761628910311
TCGA-DU-A5TR-01,0.01339203007895117,0.15639992063175936,0.19728486199683679,0.6329231872924527,0.0
TCGA-P5-A5EY-01,0.6051696091759765,0.0366021000038575,0.2206096338530685,0.13761865696709735,0.0
TCGA-S9-A6WD-01,0.2744516515284106,0.25538928539261774,0.0,0.17098300575068703,0.2991760573282848
TCGA-DU-A7T8-01,0.11042230394450556,0.3400355623509673,0.10306353342833888,0.21576547295846907,0.23071312731771926
TCGA-FG-8185-01,0.0,0.5366365524781048,0.0,0.1732738044890967,0.29008964303279844
TCGA-HT-7902-01,0.35345506096617385,0.35255475656164237,0.10188596578046433,0.19210421669171943,0.0
TCGA-CS-5397-01,0.48882585653110866,0.0,0.5111741434688915,0.0,0.0
TCGA-TQ-A7RU-01,0.09340919573627868,0.1464368652923323,0.0,0.12704679062563748,0.6331071483457515
TCGA-HT-7879-01,0.025907314883655684,0.7170930314594247,0.032518980751393534,0.16139145783125464,0.06308921507427141
TCGA-DU-5874-01,0.20273589076937737,0.03999505586564794,0.018500841657754636,0.0,0.7387682117072198
TCGA-FG-7641-01,0.587255591233617,0.22945210239485994,0.0,0.0,0.183292306371523
TCGA-FG-6690-01,0.0819322174054032,0.872875940780132,0.007978487938829925,0.0,0.03721335387563492
TCGA-HW-8320-01,0.0,0.8082443129243517,0.013803467485702638,0.0,0.17795221958994561
TCGA-HT-8104-01,0.2859505352000782,0.02136400105924099,0.6246403716501152,0.019454876055512934,0.048590216035052675
TCGA-S9-A7R2-01,0.23752405629569917,0.0,0.3826322557462282,0.3798436879580726,0.0
TCGA-R8-A6MK-01,0.25461953507106816,0.4282332146309805,0.0,0.14031356043052215,0.17683368986742917
TCGA-QH-A6CY-01,0.607322865139292,0.20090054601313603,0.0,0.09707273757213941,0.09470385127543253
TCGA-S9-A7J1-01,0.24064491576544658,0.4603543580629715,0.0,0.08630238877375955,0.21269833739782246
TCGA-TM-A84I-01,0.0,0.32369978944814337,0.3065317816274917,0.0,0.36976842892436496
TCGA-E1-5322-01,0.05150355256495886,0.5798255616068426,0.13080593117884362,0.0,0.2378649546493549
TCGA-P5-A5F0-01,0.6254954544415586,0.028572342028293195,0.0,0.0,0.34593220353014814
TCGA-S9-A6WM-01,0.013180508385635743,0.0,0.6577316542425974,0.17412376483678765,0.15496407253497912
TCGA-R8-A73M-01,0.16854250663276305,0.0,0.0,0.31530694398373693,0.5161505493834998
TCGA-CS-4942-01,0.1624940736180094,0.6744986611508321,0.16300726523115858,0.0,0.0
TCGA-HT-7680-01,0.06986313703737354,0.44243441745985645,0.4612228360262476,0.026479609476522396,0.0
TCGA-P5-A72X-01,0.20872920910101136,0.46470809815359976,0.12158421499833065,0.1548467517624143,0.05013172598464395
TCGA-DB-A4X9-01,0.2329516930466058,0.5718286859831456,0.0,0.14203599619244126,0.05318362477780725
TCGA-DU-8167-01,0.11373623408874133,0.45860185781679846,0.10492134556135556,0.2817174898288051,0.04102307270429974
TCGA-QH-A65X-01,0.0026922305413292625,0.0,0.0,0.46392602069969496,0.5333817487589757
TCGA-P5-A5F6-01,0.0,0.0,0.6728910919770666,0.10946091696213926,0.2176479910607941
TCGA-DU-A6S3-01,0.48754062556315564,0.0,0.0,0.13490932796232952,0.37755004647451496
TCGA-HT-8110-01,0.17894780640137317,0.05339612728344804,0.6620138376127176,0.10564222870246133,0.0
TCGA-DB-A4XH-01,0.4232220700592699,0.21463533722580716,0.0,0.1131598502749319,0.2489827424399912
TCGA-HT-7485-01,0.14340993158508256,0.8257319832189167,0.03085808519600073,0.0,0.0
TCGA-VW-A7QS-01,0.030647979874538767,0.05954630977689436,0.0391967330514621,0.1435350306490758,0.727073946648029
TCGA-E1-A7YJ-01,0.0,0.0,0.6183957309363045,0.3123318303119914,0.0692724387517041
TCGA-DU-A76L-01,0.07244391516380301,0.0,0.7604109977240042,0.0,0.16714508711219273
TCGA-DB-A4XE-01,0.3163378110868236,0.42385879365304313,0.032774143347417475,0.059322927348155065,0.1677063245645607
TCGA-S9-A6TS-01,0.2938388588732431,0.20475771216061905,0.02818099792551291,0.3286455850890263,0.14457684595159853
TCGA-DB-A64S-01,0.0,0.5764260538183608,0.10537597511468559,0.285906662984802,0.03229130808215162
TCGA-TQ-A8XE-01,0.0,0.5157523727218323,0.0,0.1824748878457024,0.30177273943246535
TCGA-CS-6667-01,0.07316263020426769,0.6213558489074765,0.022411980161457637,0.14517967872036047,0.13788986200643777
TCGA-E1-A7YL-01,0.0037211042617474716,0.0,0.6857813881121687,0.28030281456013945,0.030194693065944456
TCGA-E1-A7YV-01,0.20120109703066072,0.05048379576938407,0.3320500014488825,0.0,0.4162651057510726
TCGA-HT-8558-01,0.9404824367637309,0.0,0.0,0.059517563236269055,0.0
TCGA-HT-A61C-01,0.07619495474185631,0.0,0.5331636457918554,0.21469289825230267,0.1759485012139856
TCGA-TQ-A7RW-01,0.0,0.6994262265943472,0.1723217800904973,0.05323925603397209,0.07501273728118335
TCGA-DU-5849-01,0.5471046476666083,0.21310845569295583,0.037454338581390405,0.059945651619452534,0.14238690643959298
TCGA-DU-7299-01,0.1315872948071065,0.7075019417417322,0.027774561631601836,0.0,0.13313620181955946
TCGA-QH-A6CV-01,0.0,0.0,0.5754095563503375,0.38160136738810535,0.04298907626155703
TCGA-TM-A84M-01,0.10094296444340697,0.09458092014165169,0.0,0.0,0.8044761154149415
TCGA-HT-7468-01,0.10088986553845437,0.4842665658064692,0.027214296843718896,0.0,0.3876292718113576
TCGA-FG-6692-01,0.0,0.0,0.6772919231354098,0.19714302026719188,0.12556505659739842
TCGA-TQ-A7RI-01,0.24295421341443205,0.4366121315412667,0.0,0.08706924913564994,0.23336440590865132
TCGA-DB-5279-01,0.4484267225926035,0.3824800461901597,0.04508810442140517,0.0,0.12400512679583155
TCGA-VM-A8CE-01,0.1728331422105685,0.4054203042773135,0.0,0.21874035215546128,0.20300620135665667
TCGA-HW-7489-01,0.6712070665299269,0.21695207885004647,0.0,0.1118408546200265,0.0
TCGA-R8-A6YH-01,0.0,0.5469793268507672,0.0,0.10846431185900325,0.34455636129022954
TCGA-DU-6399-01,0.006148274931454858,0.713861380825653,0.1134947640107706,0.0,0.1664955802321216
TCGA-DU-7018-01,0.17952991598715812,0.09449091057494831,0.0,0.0,0.7259791734378936
TCGA-HT-7677-01,0.15278223001823948,0.4590672606632192,0.0,0.0,0.38815050931854134
TCGA-FG-A713-01,0.8251857162094554,0.0,0.0,0.1435128981327598,0.03130138565778479
TCGA-DU-7300-01,0.6027297101973871,0.152560550995876,0.1354237892401021,0.0,0.10928594956663484
TCGA-TM-A7CA-01,0.2662480427710838,0.4881499289469295,0.0,0.04757795698659515,0.19802407129539157
TCGA-HT-7690-01,0.25713643540526737,0.34025128069851973,0.25349837804303166,0.08975289495696483,0.05936101089621649
TCGA-CS-5393-01,0.3025402006571766,0.6554096513053933,0.037021331115886756,0.004953223160978013,7.55937605652387e-05
TCGA-FG-6689-01,0.44027108804631476,0.44774929947903785,0.0,0.11197961247464738,0.0
TCGA-DU-7007-01,0.0,0.4475553658682829,0.549537537649016,0.0,0.002907096482700962
TCGA-TQ-A7RF-01,0.01900501421490244,0.45466105901185316,0.007882465877577835,0.3217673761370781,0.19668408475858837
TCGA-FG-7636-01,0.1854294659861665,0.5178467687111047,0.0,0.11680638475405786,0.17991738054867099
TCGA-HT-A5RA-01,0.0,0.0,0.8531787086390953,0.0,0.1468212913609046
TCGA-DB-5277-01,0.23807737552444866,0.3357524064928624,0.1742907004355143,0.0,0.25187951754717475
TCGA-HT-7694-01,0.7899908250797337,0.1768575538658202,0.0,0.0007293353597935625,0.03242228569465255
TCGA-FG-8187-01,0.31069294977715844,0.46566471427833783,0.0,0.22364233594450378,0.0
TCGA-F6-A8O3-01,0.2856924084518491,0.12403044169242643,0.0,0.0,0.5902771498557245
TCGA-QH-A86X-01,0.3137346961591769,0.242262575473428,0.0,0.06762905902236958,0.37637366934502553
TCGA-HT-8013-01,0.0,0.6034095391210953,0.21155585770717344,0.12553642005518942,0.05949818311654185
TCGA-HW-7490-01,0.08947488389062164,0.5742922107420667,0.10352599608724046,0.11882033041047887,0.11388657886959233
TCGA-QH-A65S-01,0.07194144296001359,0.4882355044150816,0.006818372790861504,0.4190761328801772,0.013928546953866182
TCGA-DU-A76R-01,0.430716951682572,0.3407036078824282,0.07314939678249548,0.0422750259980244,0.11315501765447991
TCGA-DH-5144-01,0.12742703078435133,0.34864539643859094,0.0,0.0,0.5239275727770577
TCGA-CS-6188-01,0.10280031706103278,0.12979016859800893,0.7034518773406057,0.02836939198131912,0.0355882450190336
TCGA-P5-A780-01,0.12373895118907383,0.456588534496662,0.1465920195012023,0.12653134840983685,0.14654914640322508
TCGA-HT-7606-01,0.0,0.32372982675279394,0.16021179252279705,0.0,0.516058380724409
TCGA-DU-A7TJ-01,0.0,0.0,0.7793340880506872,0.0,0.22066591194931284
TCGA-DB-A64V-01,0.20041666777174558,0.11160413674580656,0.013018906705945727,0.5700931094104209,0.1048671793660814
TCGA-RY-A840-01,0.0,0.10554821274910799,0.0,0.20612769808235473,0.6883240891685374
TCGA-E1-5302-01,0.2324121535265208,0.5447993670438215,0.22278847942965768,0.0,0.0
TCGA-HW-A5KJ-01,0.21616256483843466,0.0,0.0,0.3022516226049138,0.48158581255665156
TCGA-HT-A615-01,0.2712655999410729,0.3739736812168822,0.036089356898791426,0.15662965032779888,0.1620417116154547
TCGA-CS-6668-01,0.1915324832888833,0.198242915711976,0.0,0.0,0.6102246009991407
TCGA-DU-A5TY-01,0.08712431869838248,0.0,0.7088081945347225,0.20406748676689496,0.0
TCGA-DU-5847-01,0.12316352986453469,0.023451261061913562,0.7541870701092331,0.09919813896431878,0.0
TCGA-E1-A7YK-01,0.011089447303215604,0.225709439401906,0.3264974057145588,0.43670370758031957,0.0
TCGA-DU-7301-01,0.0,0.7194105615807252,0.22497455037519848,0.0,0.055614888044076216
TCGA-HT-7471-01,0.18267667255631018,0.23399393857772716,0.17581716269515013,0.00020914532264830756,0.40730308084816413
TCGA-HT-7882-01,0.0,0.0,0.9950500658421546,0.0,0.004949934157845495
TCGA-DU-5854-01,0.12908056314265115,0.12378366861688515,0.6123084447977875,0.13482732344267637,0.0
TCGA-DU-6395-01,0.04836425540523474,0.6349053580931535,0.0,0.23000276963019556,0.08672761687141621
TCGA-HT-8011-01,0.16530177266510673,0.0,0.5402648097308073,0.0,0.29443341760408587
TCGA-S9-A6TV-01,0.0,0.23825443387172726,0.447288475749453,0.17004326882045562,0.1444138215583641
TCGA-P5-A5EW-01,0.0,1.0,0.0,0.0,0.0
TCGA-DU-5852-01,0.24101927054882988,0.0,0.6343586862583266,0.00046844691112501427,0.12415359628171845
TCGA-DU-6408-01,0.24371200479416819,0.5263453503034541,0.12507297430492634,0.0,0.10486967059745138
TCGA-DB-A4XB-01,0.3220138018050651,0.47027798825558137,0.048303815137251474,0.0,0.15940439480210208
TCGA-E1-A7YY-01,0.9112813611735128,0.0,0.06576865082600467,0.022949988000482553,0.0
TCGA-FG-A4MT-01,0.0,0.28574234306403284,0.0,0.24566889963822167,0.4685887572977455
TCGA-HT-A619-01,0.0,0.0,0.0,0.0,1.0
TCGA-P5-A72U-01,0.01288204106878618,0.0,0.6890571566267072,0.2980608023045067,0.0
TCGA-QH-A870-01,0.04847161374693812,0.7965092315556103,0.0,0.15501915469745162,0.0
TCGA-HT-A5R9-01,0.20711834894699652,0.018932712208436408,0.08846142152987391,0.0,0.6854875173146932
TCGA-CS-4941-01,0.21287231478912874,0.05845077924293491,0.6594451623730118,0.06923174359492448,0.0
TCGA-DU-6404-01,0.25491303942615284,0.06895755182230995,0.5239177806626386,0.0,0.15221162808889865
TCGA-FG-5964-01,0.39523290275164585,0.0,0.06895914525792805,0.3215680146014178,0.21423993738900834
TCGA-CS-5396-01,0.08225321303734602,0.21253990328045405,0.16924979819349045,0.0,0.5359570854887095
TCGA-HT-8107-01,0.9137361842139199,0.010346320939358326,0.07591749484672178,0.0,0.0
TCGA-DU-A7TA-01,0.0,0.3638875059259613,0.16976073308530312,0.166652705615127,0.2996990553736086
TCGA-HW-8319-01,0.4376166608320492,0.44987093836853104,0.08607236144728271,0.0,0.026440039352136943
TCGA-DH-A7UR-01,0.30471368480487354,0.0,0.037220284809916654,0.16829610263761302,0.48976992774759665
TCGA-TM-A84H-01,0.12801926690676924,0.6409279129476078,0.0,0.02364328315054113,0.20740953699508188
TCGA-S9-A6TZ-01,0.13791431644799032,0.6914303525323432,0.08194452772875745,0.0,0.08871080329090895
TCGA-HT-7479-01,0.10300790880411767,0.6555291732026598,0.07207068110511304,0.16939223688810953,0.0
TCGA-DU-6400-01,0.38684319992657845,0.10350673867539559,0.0,0.02165139559316336,0.4879986658048625
TCGA-S9-A6WL-01,0.5146964938850637,0.0,0.1469284476053973,0.0,0.33837505850953903
TCGA-DB-A75K-01,0.17882958152461972,0.02162792835970283,0.004179336558360343,0.37911551559171275,0.41624763796560443
TCGA-DB-A4XD-01,0.0,0.8586615017948194,0.0,0.0027324623777329987,0.13860603582744754
TCGA-DB-A64Q-01,0.1696817137203991,0.3426207168297991,0.0,0.10058580904389805,0.3871117604059038
TCGA-S9-A7IZ-01,0.39781332383216594,0.3217696152959828,0.13904775723471383,0.14136930363713737,0.0
TCGA-DB-5275-01,0.18173646121680292,0.4341800617509653,0.024304366175640763,0.11848859017298573,0.24129052068360526
TCGA-S9-A6WH-01,0.24220699080263802,0.03126101150895092,0.0,0.12079978017052302,0.6057322175178881
TCGA-HT-7602-01,0.1595035600263049,0.5691434552593378,0.003960211491406524,0.26739277322295074,0.0
TCGA-DU-A5TU-01,0.09872435990277327,0.09799759518248533,0.19218399098762642,0.44664048152678254,0.1644535724003323
TCGA-HT-A5RB-01,0.42198761718522815,0.41719408761104365,0.0,0.0,0.16081829520372817
TCGA-HT-7616-01,0.06447402795928492,0.2868499238602091,0.3391641024764838,0.0,0.3095119457040223
TCGA-S9-A7R8-01,0.0,0.47888874181983504,0.07315728157955134,0.13891271779584535,0.30904125880476824
TCGA-QH-A6XA-01,0.20891135039946296,0.6114682914425786,0.0,0.16452714831395748,0.015093209844000826
TCGA-HT-8111-01,0.18583916496595043,0.5478795613009944,0.1487986158565604,0.11748265787649483,0.0
TCGA-E1-A7Z2-01,0.4894589505911924,0.0,0.143391570778804,0.3671494786300036,0.0
TCGA-DU-A5TP-01,0.012903381231536311,0.30120633282244413,0.3703143067716143,0.12589076915457428,0.18968521001983094
TCGA-VM-A8CD-01,0.22925252816589622,0.013972856678846922,0.5946619212380404,0.15901532687621064,0.0030973670410059115
TCGA-RY-A83Y-01,0.11416789421996677,0.0,0.0,0.42647076207915346,0.4593613437008797
TCGA-HT-7482-01,0.029536944298189736,0.7677755146652421,0.0890993017864185,0.1135882392501496,0.0
TCGA-TQ-A7RK-01,0.0,0.45708361907374073,0.0,0.27685417987356525,0.26606220105269407
TCGA-HT-7858-01,0.021039621274618052,0.729578170378086,0.15089750969885468,0.07477270254793043,0.02371199610051082
TCGA-HT-7475-01,0.5329763733897231,0.14845204863727607,0.01761247946979124,0.07659791219807227,0.22436118630513718
TCGA-HT-8564-01,0.58183308058925,0.0411259279619322,0.3770409914488178,0.0,0.0
TCGA-DU-8162-01,0.7836403454396991,0.0,0.21635965456030093,0.0,0.0
TCGA-DB-A64U-01,0.18050434688705613,0.37891943196257233,0.0,0.17842293792396036,0.2621532832264111
TCGA-S9-A6WE-01,0.25589587705453387,0.3317291150791329,0.0,0.06669850383027079,0.34567650403606254
TCGA-DB-A64W-01,0.5043254916241364,0.0,0.0,0.0,0.49567450837586363
TCGA-R8-A6MO-01,0.09801929993528259,0.07659835537131644,0.0,0.4078161217510972,0.4175662229423037
TCGA-DU-5872-01,0.06289198127898384,0.5443438259126133,0.1981836275278191,0.0788863336203588,0.11569423166022498
TCGA-HW-8322-01,0.17621618557861532,0.3666600406619529,0.0032940380946165563,0.0,0.4538297356648151
TCGA-HT-8105-01,0.45827508724735855,0.08584596453129852,0.09534003898552103,0.0,0.3605389092358218
TCGA-DU-5870-01,0.18492170154574647,0.5094749402797311,0.0406712051427755,0.0,0.264932153031747
TCGA-KT-A7W1-01,0.0,0.0,0.7561371832754428,0.0,0.24386281672455737
TCGA-HT-7692-01,0.11109603710448628,0.2364762433849289,0.0,0.244653406717843,0.40777431279274196
TCGA-WY-A859-01,0.6614044065724127,0.0,0.0,0.2094276883889201,0.1291679050386672
TCGA-HT-7854-01,0.3139284507314962,0.28998027288627426,0.3380553571693173,0.058035919212912256,0.0
TCGA-R8-A6ML-01,0.13855737541860627,0.27878501096335856,0.0,0.11307679293598133,0.46958082068205376
TCGA-VM-A8C9-01,0.020633570279168546,0.0,0.18872035081187907,0.7906460789089526,0.0
TCGA-HT-7686-01,0.07001882166754615,0.5440024774979962,0.3232875739298482,0.0626911269046093,0.0
TCGA-DU-6410-01,0.2447874840350969,0.0,0.0,0.0,0.7552125159649032
TCGA-S9-A6U9-01,0.03417330343353961,0.5115068957073676,0.1002626525198298,0.35405714833926305,0.0
TCGA-CS-6290-01,0.008373408480836562,0.6163722637662671,0.14531895632459452,0.22993537142830175,0.0
TCGA-TQ-A7RO-01,0.32344798266341795,0.34624921389389923,0.0,0.0,0.3303028034426828
TCGA-DU-7019-01,0.2688642650301116,0.5264567121664407,0.1761887299915874,0.0,0.028490292811860173
TCGA-HT-7860-01,0.1944143763169707,0.14813492669754164,0.6574506969854877,0.0,0.0
TCGA-FG-A711-01,0.3822421868605201,0.2621894887613464,0.0,0.2833099525845019,0.07225837179363163
TCGA-TQ-A7RM-01,0.0,0.1754324201049005,0.17183176125020908,0.0,0.6527358186448904
TCGA-E1-A7YN-01,0.15171510624682585,0.0,0.570738676539208,0.27754621721396616,0.0
TCGA-S9-A7R4-01,0.1124596551096582,0.5536573484720143,0.1663655986450405,0.012222801402237424,0.1552945963710495
TCGA-E1-5318-01,0.0,0.23487155160094286,0.057254779371334864,0.0,0.7078736690277223
TCGA-HT-7676-01,0.002411009127726069,0.7426615304313354,0.05181702620392405,0.14121499864231815,0.06189543559469631
TCGA-S9-A7J3-01,0.32116830824862524,0.3709609162278023,0.0,0.054555831886495994,0.25331494363707646
TCGA-DU-A6S2-01,0.6637522501730099,0.19355924927947352,0.0,0.0017071604848226385,0.14098134006269405
TCGA-P5-A5F2-01,0.45110047314102697,0.33437235300507456,0.0,0.21452717385389833,0.0
TCGA-E1-5304-01,0.0,0.29529581472384697,0.12589844323019858,0.0,0.5788057420459545
TCGA-DU-7006-01,0.0,0.04305293758013457,0.835653633220971,0.0,0.12129342919889441
TCGA-TM-A84S-01,0.18449842333424724,0.4480801213424105,0.0,0.21849584224754837,0.1489256130757939
TCGA-HT-7469-01,0.0,0.25243928671427374,0.4532474416745787,0.0,0.2943132716111475
TCGA-WY-A85B-01,0.0,0.5834284850223042,0.0729298945782239,0.14429094991211014,0.19935067048736166
TCGA-TQ-A7RS-01,0.09529590077661106,0.2129514579380412,0.0,0.25725072333752547,0.4345019179478223
TCGA-CS-4943-01,0.0,0.4841723360693109,0.1268404771996261,0.0,0.3889871867310629
TCGA-QH-A65Z-01,0.2731192611197845,0.1738862845756786,0.0,0.2282044462120982,0.3247900080924387
TCGA-DB-5276-01,0.4110208159680089,0.36569827066411065,0.1805652558374081,0.04271565753047238,0.0
TCGA-P5-A730-01,0.008764345345223972,0.2506068170784152,0.06045596067048419,0.23500950174146837,0.44516337516440824
TCGA-TM-A84L-01,0.11132104012204147,0.5630075076453396,0.019327669219568598,0.3063437830130504,0.0
TCGA-DU-8161-01,0.22301349467267553,0.11681489079713743,0.660171614530187,0.0,0.0
TCGA-WY-A85D-01,0.0,0.5347125635618208,0.0,0.4652874364381791,0.0
TCGA-S9-A6UB-01,0.13415174145853773,0.22966138373836245,0.0,0.06962259173534678,0.5665642830677532
TCGA-E1-A7YM-01,0.3381872269662435,0.008806943661827412,0.20838859950010646,0.44461722987182256,0.0
TCGA-DB-5273-01,0.0,0.6917225918424237,0.21314785953969131,0.09512954861788513,0.0
TCGA-TM-A7C4-01,0.6317784167497204,0.2568149405405052,0.03083243691814306,0.0033382161980065987,0.07723598959362475
TCGA-DH-A66F-01,0.102305695947565,0.3615704101318661,0.0,0.20851607509652287,0.3276078188240461
TCGA-HT-7607-01,0.7675676482699082,0.11172888961385596,0.12070346211623585,0.0,0.0
TCGA-DU-6393-01,0.18427486238704607,0.12227145917877023,0.0,0.0,0.6934536784341836
TCGA-HT-8108-01,0.11519505922027311,0.6933442453892055,0.08813750791779434,0.0,0.1033231874727271
TCGA-E1-A7YD-01,0.016332823630230493,0.0,0.6228047785187719,0.14636259208905905,0.21449980576193856
TCGA-S9-A7IY-01,0.22444202977831337,0.41827195589847493,0.0,0.29423553342989034,0.06305048089332144
TCGA-TQ-A7RP-01,0.27737957659929585,0.021579745249755155,0.2859512783792969,0.4150893997716521,0.0
TCGA-P5-A736-01,0.14654494786726785,0.2933177525470832,0.17695853317167035,0.3831787664139786,0.0
TCGA-P5-A5EV-01,0.030277908069893007,0.5951356940655075,0.0,0.14934569296753747,0.22524070489706205
TCGA-HT-7874-01,0.8181889194093891,0.18181108059061096,0.0,0.0,0.0
TCGA-HT-7470-01,0.5522845515476617,0.39441700183449935,0.053298446617838904,0.0,0.0
TCGA-DU-7009-01,0.4337317300353848,0.29280983568335167,0.0,0.0,0.27345843428126354
TCGA-P5-A781-01,0.36667275401851507,0.3952104192572195,0.0,0.12281583013094835,0.1153009965933171
TCGA-DH-5140-01,0.22757058506896177,0.0,0.36254107461507473,0.0,0.40988834031596344
TCGA-FG-A4MY-01,0.029100748091471746,0.3989619191307856,0.04942689225057657,0.4151678010418058,0.10734263948536032
TCGA-TM-A7CF-01,0.5690723919204178,0.26107995243621374,0.0,0.0698764494224448,0.0999712062209238
TCGA-WY-A858-01,0.0,0.26413892622259555,0.13987801487389007,0.5090862075753694,0.08689685132814491
TCGA-S9-A6U6-01,0.36818139627588686,0.3754115315034335,0.0,0.1377429441176884,0.11866412810299119
TCGA-HT-8015-01,0.7211373074224232,0.0,0.22990475777452873,0.04895793480304803,0.0
TCGA-RY-A845-01,0.2692137801984305,0.5338007864587143,0.0,0.0933524330772979,0.10363300026555723
TCGA-DU-7010-01,0.18454174489736327,0.2782307904131584,0.3652871235117274,0.0,0.1719403411777511
TCGA-S9-A6U2-01,0.22197680666743902,0.5469545295586168,0.030820674679954647,0.0,0.20024798909398953
TCGA-DU-A76K-01,0.5380732514930223,0.0,0.18743287298793573,0.274493875519042,0.0
TCGA-DU-7294-01,0.2208966356262275,0.358544963253096,0.0,0.0,0.42055840112067644
TCGA-DU-6405-01,0.0222738463827228,0.15548702696141503,0.6781095025399477,0.0,0.14412962411591454
TCGA-DU-8168-01,0.3610069632946255,0.0,0.0,0.0,0.6389930367053744
TCGA-QH-A6X3-01,0.02576113564603183,0.741245134250475,0.043606108063181354,0.0,0.18938762204031184
TCGA-DU-6401-01,0.0,0.7104999434409386,0.10788932917782865,0.0,0.18161072738123277
TCGA-DU-6396-01,0.0,0.5308045678685491,0.3599655619755725,0.0,0.10922987015587825
TCGA-E1-A7YH-01,0.04772834391691252,0.5314949836721853,0.0,0.3705272349799257,0.050249437430976526
TCGA-DU-7306-01,0.0,0.7893172713261732,0.1426148358563854,0.0,0.06806789281744142
TCGA-HT-8019-01,0.9200296822224775,0.0,0.0,0.07997031777752256,0.0
TCGA-HT-A74H-01,0.29478115265784555,0.0,0.19886386518528615,0.5063549821568682,0.0
TCGA-DH-A7US-01,0.15551803211505547,0.29022000107913604,0.0,0.28978867691157917,0.26447328989422936
TCGA-FG-A87N-01,0.09883613583475398,0.0,0.3847793156785994,0.0,0.5163845484866466
TCGA-HT-7478-01,0.1763695238803673,0.5056230459908205,0.3180074301288122,0.0,0.0
TCGA-DU-7290-01,0.12198622378110233,0.03829362645105888,0.7969567226310691,0.042763427136769734,0.0
TCGA-DU-8164-01,0.41634625250279816,0.1750914991725404,0.0,0.0,0.4085622483246614
TCGA-DB-A64L-01,0.5528118235249705,0.05236868115113498,0.02307099589268671,0.13905024218903425,0.23269825724217366
TCGA-VV-A829-01,0.0,0.2868452045204226,0.10854988615473947,0.012611265539949264,0.5919936437848886
TCGA-HT-A61B-01,0.0,0.10513052841855201,0.33465522382945123,0.35407061641310883,0.20614363133888788
TCGA-DH-A66B-01,0.0,0.4016898641999763,0.23163450608202585,0.15533104023477082,0.211344589483227
TCGA-FG-8182-01,0.09829255163086907,0.8150898491071417,0.025242967022435035,0.0,0.0613746322395542
TCGA-HT-7603-01,0.7466948296342285,0.059401226189654474,0.0,0.19390394417611695,0.0
TCGA-DU-6397-01,0.2094825090332206,0.36770489348810204,0.010868931658631507,0.04438123938886578,0.36756242643118
TCGA-HT-A4DS-01,0.06323284909227757,0.0,0.20329437788339805,0.7334727730243245,0.0
TCGA-DU-5853-01,0.20595689501139577,0.664214813245464,0.12982829174314012,0.0,0.0
TCGA-CS-6670-01,0.4425281540779955,0.2644195262629312,0.0,0.04433661539339543,0.24871570426567788
TCGA-CS-5394-01,0.04413407539625824,0.25438601291777174,0.0,0.0,0.70147991168597
TCGA-TM-A84B-01,0.14940863093526588,0.0,0.5480545549386228,0.0,0.3025368141261114
TCGA-DB-A64P-01,0.14030548666974116,0.28068309366457433,0.019879514359921736,0.16338558059813157,0.3957463247076312
TCGA-DB-A4XF-01,0.29651586424494303,0.447147354162689,0.15739007530344282,0.0,0.0989467062889251
TCGA-HT-A617-01,0.24429857090688303,0.0,0.4146788354201669,0.34102259367295007,0.0
TCGA-TQ-A7RV-01,0.25192200310105634,0.4428432291534451,0.0,0.16392489846688552,0.14130986927861292
TCGA-HT-A5R7-01,0.6833996520344301,0.08119303308647148,0.0666691013834966,0.16873821349560192,0.0
TCGA-HW-A5KL-01,0.0,0.7503248560893859,0.0,0.11901849108245074,0.1306566528281634
TCGA-DU-8158-01,0.231219037861818,0.057231506920454124,0.6723007512041156,0.039248704013612315,0.0
TCGA-HT-7474-01,0.6470992152364463,0.29503047336535837,0.017117911018019388,0.04075240038017594,0.0
TCGA-DH-A7UU-01,0.022871207926319314,0.5274697919406723,0.10946042027652941,0.08747548524184469,0.2527230946146343
TCGA-QH-A6CZ-01,0.498948614211977,0.14962343678204987,0.0,0.0,0.35142794900597313
TCGA-RY-A83X-01,0.12036382433843967,0.3349081525168439,0.0,0.17037701391546806,0.37435100922924835
TCGA-DH-A669-01,0.0,0.0,0.23772200274736796,0.13190077578167583,0.6303772214709561
TCGA-QH-A6X9-01,0.3032853062728337,0.48296445727161597,0.0,0.0,0.2137502364555503
TCGA-HT-8563-01,0.0,0.3059453683312909,0.6940546316687092,0.0,0.0
TCGA-DU-5871-01,0.16484886983567326,0.7611951625168731,0.04385470477145543,0.0,0.030101262875998156
TCGA-TQ-A7RJ-01,0.20740741440691465,0.5820100814594671,0.020382067350152425,0.1504866330889792,0.039713803694486585
TCGA-FG-8186-01,0.27825217833151644,0.4255059117660076,0.06873314537710531,0.1024916182221402,0.12501714630323052
TCGA-TM-A84J-01,0.03517134866581863,0.0,0.30039776210365127,0.0,0.6644308892305302
TCGA-VM-A8CB-01,0.10785800174808964,0.0,0.0,0.2477898164466938,0.6443521818052166
TCGA-HT-7483-01,0.2896840934429153,0.39468360876167724,0.1389200823035129,0.0,0.17671221549189456
TCGA-HT-7687-01,0.3922844284168215,0.18510903666013548,0.05562573989893429,0.0,0.36698079502410874
TCGA-TM-A84G-01,0.13577935614013448,0.19451517040383043,0.0,0.0,0.669705473456035
TCGA-E1-A7Z6-01,0.17684066222046743,0.6903855085325725,0.015239871147329193,0.11753395809963085,0.0
TCGA-DU-7014-01,0.030734697991590017,0.47187697099539955,0.07767918663743087,0.11865266856347934,0.3010564758121001
TCGA-HT-A74O-01,0.0,0.1133562381151836,0.09803043729683204,0.634164489292613,0.15444883529537135
TCGA-DU-A76O-01,0.1080107580726387,0.37489180386356696,0.0,0.31808863496803524,0.19900880309575908
TCGA-DU-A5TW-01,0.0,0.4747199629677543,0.0,0.2444554704694066,0.2808245665628391
TCGA-HT-7857-01,0.006997876430313038,0.011554452558343403,0.8297804166732643,0.07162435821044437,0.08004289612763488
TCGA-FG-5962-01,0.6276114944655297,0.20359383051618032,0.020496213283674285,0.0,0.14829846173461572
