,PC1,PC2,PC3
PT089_P1_A01,0.2569156199804003,2.499448843385158,4.646124803478293
PT089_P1_A03,2.8292958134989696,-2.793784828505084,10.840447040494311
PT089_P1_A07,0.196907601371347,-0.3187456907054271,8.502528928576751
PT089_P1_A09,2.4502274269235116,-3.4528470266143034,10.95195721900865
PT089_P1_A10,1.5271960662309307,-1.5040027502697844,9.46785419583533
PT089_P1_B01,-0.17308265349197138,-0.2236086011915946,10.688126071428297
PT089_P1_B04,0.33002159990455743,1.203425222005011,7.024553373197202
PT089_P1_B08,-4.23805709422762,5.526172554554622,-2.97908704566254
PT089_P1_B12,-0.835601276454417,3.5114921356617828,5.438110671620296
PT089_P1_D02,1.0015178878962274,-4.1078464127796845,12.642611977231184
PT089_P1_D09,-1.7667033040564608,-0.4458676716672157,2.1711853266166417
PT089_P7_A03_S3,-2.81352220384312,3.2649584850642737,-4.000432218787959
PT089_P7_A04_S4,3.075881518296555,5.0942563441605655,-5.084055252646592
PT089_P7_A06_S6,1.4000160233568306,-0.755759681202082,10.084430291569916
PT089_P7_A08_S8,5.262982810180797,5.546298137915172,-1.4301864128481037
PT089_P7_A09_S9,5.973349916052789,1.2236362085902854,3.3517849796300214
PT089_P7_A12_S12,5.915363922867156,0.21515403206312403,3.035327576260112
PT089_P7_B03_S15,5.051977909323197,4.865128981936393,-1.289610873682438
PT089_P7_B06_S18,1.6730759211375335,9.45310271349812,-9.01363799847822
PT089_P7_B07_S19,5.012053114230347,0.2873354080557876,5.846922242758622
PT089_P7_C02_S26,5.700434971856442,0.6742530146426471,5.651207450984278
PT089_P7_C03_S27,-0.4326252335239443,2.605274566546501,2.37032900285255
PT089_P7_D02_S38,-2.4754234425602326,3.0979259259398684,-3.4368820233715685
PT089_P7_D03_S39,1.8679099909598647,6.571741880761431,-3.7296388761138783
PT089_P7_D05_S41,2.8225618915156483,5.758158360515543,-2.4165338451786615
PT089_P7_D07_S43,4.955308390401659,-0.10539041904103336,6.4075732044324605
PT089_P7_D08_S44,1.9132311791226648,1.7500743107554197,5.247551844785075
PT089_P7_D10_S46,-3.0364866117654845,3.6259142809291935,-1.991850543973845
PT089_P7_E02_S50,1.5249749769752634,0.060230510341105825,8.318644662696286
PT089_P7_E05_S53,2.5881309206603538,5.085748158293797,-3.6133138909238762
PT089_P7_E06_S54,2.084429375746747,-3.936765703972989,6.799327233896739
PT089_P7_E07_S55,7.572626223950108,-3.401002261062952,10.802034938166244
PT089_P7_E11_S59,7.47720559044676,-5.480433880374123,11.66549773571789
PT089_P7_F02_S62,2.719354181495021,7.246207487895821,-3.6538099473327854
PT089_P7_F03_S63,0.8869146356058901,9.232966047277856,-8.548763885993232
PT089_P7_F04_S64,2.5930041643171835,8.85515631697674,-4.1723360253687165
PT089_P7_F06_S66,-1.1935357478800812,3.1076252060118086,1.8141885366227295
PT089_P7_F08_S68,1.413722264427835,-1.0552545645195133,9.793078124558658
PT089_P7_F11_S71,5.549092151254019,2.2175194079431275,3.4694178187353466
PT089_P7_G01_S73,3.6353363667542666,6.201308801988819,-3.8491507393206574
PT089_P7_G02_S74,3.944958619397686,5.45499462330596,0.9011439667858099
PT089_P7_G03_S75,2.388681801785327,4.54971830613333,-0.20199455008337036
PT089_P7_G05_S77,1.7791145101939156,-2.283805002937211,5.384842077802521
PT089_P7_G09_S81,-1.927135820275169,4.117171319739654,-0.6751339553005745
PT089_P9_A01_S97,5.475042307416452,4.062143297258259,0.4359322140911675
PT089_P9_A02_S98,-2.0456172439388816,4.150355162210225,-3.5972345313442684
PT089_P9_A03_S99,-0.08814932542113699,0.045483451747904496,3.478174289578425
PT089_P9_A08_S104,-0.4622675895478834,3.5495564911360575,-0.17260278077764324
PT089_P9_A09_S105,-2.6876508342327257,3.0250095629428313,-1.9548000097185443
PT089_P9_A10_S106,2.8848021690418504,6.756025977740017,-1.4022626648502636
PT089_P9_B01_S109,1.6918659590860918,-3.1503504514171476,5.512751657212224
PT089_P9_B04_S112,5.328820359510429,5.349522494888823,-0.37130823620515907
PT089_P9_B05_S113,4.002678282888567,2.3475234770195224,3.1669298787605062
PT089_P9_B06_S114,1.962061050477728,8.72326802536214,-5.96206930759342
PT089_P9_B09_S117,3.108622083435417,6.579009422154238,-1.713736322613141
PT089_P9_B10_S118,-1.95679298811731,0.9141087879532446,-2.4691259860200097
PT089_P9_B11_S119,-2.6291095251586527,3.2444588470510336,-1.328559010220116
PT089_P9_C02_S122,3.002162983365089,7.489851550374139,-2.533165461170678
PT089_P9_C03_S123,3.8112152087554003,4.624553177391379,-2.461690745142324
PT089_P9_C05_S125,2.6335097650557913,8.302952914685955,-7.209932802251803
PT089_P9_C06_S126,5.1844309801865185,5.6841894486210816,-0.3078317218578293
PT089_P9_C07_S127,-0.7298359768255569,2.4533596197737864,-0.8803721989714385
PT089_P9_C09_S129,4.634125898593373,5.942132364723005,-3.383146821349849
PT089_P9_C10_S130,-2.328169030605665,7.220703009602681,-4.118118298609575
PT089_P9_C12_S132,4.588640819398047,3.0916575192888978,0.8388312544753984
PT089_P9_D02_S134,4.162752238681289,6.093448375760717,-1.1750417086482228
PT089_P9_D05_S137,-0.5103474719175297,5.4749129831273695,-4.096933558609676
PT089_P9_D06_S138,-2.123456319340071,2.913693015674417,-1.2196992495839942
PT089_P9_D07_S139,4.849472755787728,3.673987984115295,0.1241019848893331
PT089_P9_D10_S142,0.7325750523263461,8.161416114948327,-7.3246907473487
PT089_P9_E01_S145,-2.5215511932474395,5.570598502326189,-2.854826056004886
PT089_P9_E03_S147,1.4617318884934192,7.271681764657122,-7.651309271378791
PT089_P9_E04_S148,7.414469359734698,-1.990009783150399,7.886020014853036
PT089_P9_E06_S150,4.624683168779132,4.06140783405595,-0.39892304589651806
PT089_P9_E10_S154,-2.3989712962243788,2.541644889898719,-0.44698725959384156
PT089_P9_E11_S155,1.0314026115335193,7.821525066370858,-3.873345829159124
PT089_P9_E12_S156,-1.60724635783153,2.278141872803124,-0.8192130520441022
PT089_P9_F02_S158,3.2912411442383562,4.4397980045779155,-2.557601673828653
PT089_P9_F03_S159,-1.2000981920257978,2.5725397403280232,0.924830452588976
PT089_P9_F04_S160,6.609131689427491,-2.875100522715663,8.948152588615047
PT089_P9_F06_S162,-3.619625183886099,5.642977487732352,-4.036358266493804
PT089_P9_F09_S165,0.7712787781725274,8.620388058118136,-8.271571662947952
PT089_P9_G01_S169,1.7135725173205003,1.6073893463443074,2.8981380749327013
PT089_P9_G03_S171,-2.977793257282295,3.189232046913098,-1.4749705503831092
PT089_P9_G04_S172,-1.006805330209288,4.885776798614421,-0.3653335828092232
PT089_P9_G05_S173,5.793554307537589,2.571654857075066,2.0584506894967465
PT089_P9_G06_S174,4.507930017172875,3.989879802507412,-1.8227945246077881
PT089_P9_G08_S176,4.794819189511965,5.9128340871134935,0.05413212326836647
PT089_P9_G09_S177,3.2953836487510397,6.117629941798136,-2.0949279007615744
PT089_P9_G10_S178,5.098353810863829,4.443304309779285,-0.8656067321676544
PT089_P9_H02_S182,-0.9452109314124488,6.608532276893829,-0.7722027400189648
PT089_P9_H03_S183,5.33050313680943,3.886583294734422,0.8451631230939478
PT089_P9_H04_S184,-0.28912422702311136,0.286278973087893,3.0593512903027515
PT089_P9_H05_S185,-1.8841848700445403,3.1799183995453415,-0.09450733790581199
PT089_P9_H06_S186,4.960989118415614,3.182761472280093,1.7275433929890232
PT089_P9_H09_S189,4.266774832217135,2.591771395073388,-0.5591299199171362
PT089_P9_H10_S190,-2.401116827958488,4.801752004125523,-2.6449239023724993
PT039_P11_A02_S2,-2.422861787548286,2.6120027238620507,-5.132690713916639
PT039_P11_A03_S3,-2.9155431174839204,2.049257582586062,-4.731939605879133
PT039_P11_A12_S12,8.24906969434166,-14.716301985145721,17.30234725940148
PT039_P11_B02_S14,-2.8158304215044594,0.24244150739488232,-1.3300707012623143
PT039_P11_B04_S16,-2.4778916908914668,0.913341000649061,-5.370021806794461
PT039_P11_B05_S17,5.3071076781037805,-13.526725536702095,18.079125200828933
PT039_P11_B08_S20,-3.098813990077267,0.11217389560833196,-6.446975250720834
PT039_P11_C03_S27,-0.08901201454385352,-1.4742544491662,3.426851591966047
PT039_P11_C05_S29,-2.814570626867961,2.2438362372253122,-8.486552135721139
PT039_P11_C06_S30,2.6555814711296493,-5.608457175008962,9.601016037134931
PT039_P11_C07_S31,0.8598053279399647,-2.5073676959368374,2.7514004351672923
PT039_P11_C09_S33,6.590564021078265,-15.170197845224692,19.007031883459483
PT039_P11_C11_S35,-0.9326985115209987,2.6075752157758445,-2.9227125353887957
PT039_P11_D01_S37,-2.2133967906228156,-0.6201645785497238,-2.4299031560330295
PT039_P11_D04_S40,-1.1902589967261579,-0.255343334866385,-0.7544999560517883
PT039_P11_D07_S43,6.551853222184825,-16.808450101594833,16.924195644200264
PT039_P11_D08_S44,-3.1727159474718105,2.8034989124433873,-5.672988233165356
PT039_P11_D10_S46,-2.5452830096493035,1.3581639017086407,-3.90601775921053
PT039_P11_E01_S49,-3.6473781308869113,2.640158102938158,-7.336802686391882
PT039_P11_E06_S54,-3.6279432062204893,3.7119866764199774,-7.507463486987304
PT039_P11_E09_S57,-2.8963544582382155,3.4978420222077253,-6.9982314418342995
PT039_P11_E11_S59,-1.4180193448159293,0.9577819287062946,-2.9517369494897148
PT039_P11_F06_S66,-2.6521377039945575,3.345687401397445,-5.986902138268453
PT039_P11_F11_S71,0.07971052891054853,-2.2325134170100593,9.979561691479223
PT039_P11_F12_S72,-1.9208533582504443,3.2476695634400228,-2.3196967931911976
PT039_P11_G03_S75,-1.4740944424816678,4.025327521253408,-2.521060006671254
PT039_P11_G04_S76,-5.00745514342155,2.4805815822968666,-10.513858479389658
PT039_P11_G08_S80,-4.710474517795112,5.836829924536342,-10.717748212491063
PT039_P11_G09_S81,-4.776032780887843,4.015090996001699,-12.26250202543292
PT039_P11_G10_S82,8.729809493435578,-17.044232496148034,20.667791345995774
PT039_P11_G12_S84,0.32508802797964326,-1.2427690135423015,1.6593619479770143
PT039_P11_H02_S86,-2.178315467919497,3.134024102399438,-5.643951988057341
PT039_P11_H03_S87,-2.917916700804568,2.8265742968002563,-1.6268521737889368
PT039_P11_H06_S90,-0.07777009938613241,1.676606461123094,0.17610511576772936
PT039_P11_H10_S94,-4.801938264038063,4.880004628972809,-8.19770061816839
PT039_P1_A03,-3.722115407485576,3.0031730178994973,-7.626349804942449
PT039_P1_A04,-2.3954849120314723,1.3083865844266274,-1.0727743233454239
PT039_P1_A08,-3.753755899102542,1.8623454061476612,-5.931106893762885
PT039_P1_B02,0.019116717628512025,0.1624950002588862,1.9286426635739435
PT039_P1_B04,1.2284535265738872,-6.966528763819626,3.037101718538831
PT039_P1_B05,-1.1192462906304208,0.7263025118966877,-1.0192882534166399
PT039_P1_B06,-3.3152954196926383,0.2794220808797122,-3.237471253608543
PT039_P1_B09,0.04934677975761109,-1.942375833190904,3.600161550847908
PT039_P1_B11,0.3979429406579854,-2.9419505019429755,4.7915877588669
PT039_P1_B12,-2.143875249861086,2.6673117516028833,-2.356250824584751
PT039_P1_C01,-1.0167690389285668,2.561319274130643,0.5440723147837652
PT039_P1_C02,-2.7033866868015815,2.3531378432870773,-5.0842544358386865
PT039_P1_C08,-3.25840541213816,1.8121631417957642,-4.457725666445395
PT039_P1_C09,-1.964867756696994,0.062364762839115115,-0.1856208774129557
PT039_P1_C10,-1.2478826365850617,0.2666525421219239,-3.9686279342626394
PT039_P1_C11,-0.913079791660398,1.0636090390774253,0.07540836022075575
PT039_P1_C12,-3.934724028829196,2.5778746450295498,-6.461881233897031
PT039_P1_D01,-0.949527766049765,1.1693228249787817,-1.3080753444483142
PT039_P1_D02,-3.208779854463669,1.3706120524858023,-2.3563392247437256
PT039_P1_D03,-2.4991922179026016,0.9691099448516521,-5.623849241149515
PT039_P1_D04,-2.391287531381728,2.030557490718146,-5.158076115920383
PT039_P1_D05,-2.5528475828815496,0.6352645680563689,-4.252033903164582
PT039_P1_D06,3.482945320906211,-7.752438661659183,11.579504900239755
PT039_P1_D10,-3.789546724354502,3.5727992495972707,-6.142352270314791
PT039_P1_D12,-3.1369620458855865,3.6328920025857636,-6.153549490282553
PT039_P1_E02,4.595437534055237,-8.82630485806353,16.053154563743874
PT039_P1_E03,-3.5719984105003677,1.6273345368524432,-5.459603305093692
PT039_P1_E07,-2.4160488826841933,0.6471313571520229,-3.91887053604636
PT039_P1_E08,-3.0999455722787275,1.4040235601039859,-4.8221409246307845
PT039_P1_E09,-2.8716191952950894,2.1336115024008957,-2.967275710679327
PT039_P1_E10,-2.756254628796622,2.6660724555491013,-4.085457552029323
PT039_P1_E11,-0.7121274165526793,-2.282929137704035,1.9750136681885126
PT039_P1_F01,-2.1105268369892753,1.1457167832562076,0.5263939058866325
PT039_P1_F02,-2.2578351963045935,3.033843195377042,-0.10572884857360199
PT039_P1_F03,-1.962648201484543,2.044987589725727,-1.8999443726902139
PT039_P1_F04,-1.618977971675847,0.9750335294830687,-1.2349511248579725
PT039_P1_F05,0.22743449195981152,-0.6958677315515119,4.275883545350216
PT039_P1_F06,-1.4068464108422944,0.8682831917742987,-2.1157310902643243
PT039_P1_F07,-2.1701972590072653,3.450985305020814,-1.7345701805250904
PT039_P1_F08,-2.3656675129473466,1.7446402974938964,-1.693310040020869
PT039_P1_F10,-3.426045830731851,2.226184823061158,-4.71869273455165
PT058_P1_D07,7.020804956965653,-12.203047300020106,15.152930181308779
PT058_P1_E01,1.9940697627911965,8.167382175575028,-4.003391994570013
PT058_P1_F09,0.6917119087459733,4.6552098586325155,-6.871086793298419
PT058_P1_G08,3.5988898842830856,2.862999746204832,-1.0244095361505399
PT058_P1_H07,1.3919860676137765,-3.6553461295236533,7.0875263104962585
PT058_P1_H08,2.476945883035722,4.343592666576634,-3.3853110750559012
PT081_P1_A01,-5.479684220990687,2.6860646168270166,-10.26785257452838
PT081_P1_A02,-4.099811513263715,2.0363715515628855,-2.302353423601172
PT081_P1_A05,-5.140958476834015,1.5986447691917198,-6.426998639570472
PT081_P1_A08,-4.667911292784219,1.790554898905586,-5.770945320417735
PT081_P1_A09,-4.427998031245151,0.5097164118081311,-3.3548444901525816
PT081_P1_A10,-4.80893912271752,0.8983375956722018,-4.479895867063733
PT081_P1_A12,-4.829439276937542,1.891521330680054,-7.061391701420713
PT081_P1_B01,-3.051655311551375,-0.33589300347207707,-6.290651362775825
PT081_P1_B02,-4.9159935659343645,3.0330947036421114,-6.565758113195767
PT081_P1_B03,-5.252798893778693,2.1836564204822135,-8.513848668324789
PT081_P1_B04,-5.256769104999863,2.656875658689424,-10.437656453422617
PT081_P1_B06,-4.099537688073228,1.4715811602761601,-8.615345151633198
PT081_P1_B07,-0.48593184044729065,-3.090510977110952,4.374497139879066
PT081_P1_B08,-3.789391345178279,-0.08212295921282835,-2.083256386583442
PT081_P1_B10,-0.3975420010207419,1.747265413572829,-3.5602226844009355
PT081_P1_B11,-4.556966579764438,1.987090682851265,-5.869351515599458
PT081_P1_B12,-4.407610285845418,1.1289358133892446,-9.208453355451248
PT081_P1_C02,-3.5355198234476988,1.7840768176017079,-5.9725808160962846
PT081_P1_C03,-4.469066871727011,2.133926559429967,-8.973624456245052
PT081_P1_C04,5.016972005678846,-12.313460106089506,12.728773525377148
PT081_P1_C06,-3.7535230710288214,1.2151167241748195,-7.703347596250899
PT081_P1_C08,-1.456114294787458,-2.8396012497451,5.362981835487982
PT081_P1_C09,-2.923125592807308,-0.08073135154789413,-7.098163061506161
PT081_P1_C12,-1.9452085894930522,-3.4853033246464684,0.39233140538494915
PT081_P1_D01,-4.748913836146491,-0.33700607374921976,-5.587859554169678
PT081_P1_D02,-3.7565480851345234,2.2968494011990286,-7.756361095687612
PT081_P1_D04,-5.927890727799491,2.263301864406533,-7.829364531173511
PT081_P1_D06,-2.316907930116336,0.874445422004478,-5.232302762587087
PT081_P1_D08,-2.7177134788443054,-2.8650232845419707,-0.002958679694281513
PT081_P1_D09,-1.5595269208546059,-2.6524740536541165,-0.6981845870829781
PT081_P1_D10,-2.040832816518035,-1.8280541196345228,0.1868680899882858
PT081_P1_D12,-0.3779063719290843,-4.838258153225221,-0.1533982444711538
PT081_P1_E01,-4.25512711648131,1.2152439225971836,-6.7721008137893435
PT081_P1_E02,-1.9437933239206715,-2.159056889797789,-0.548242031186967
PT081_P1_E03,-2.2547785324245306,-0.9104759099680616,-0.1765368379994595
PT081_P1_E05,-2.3382971948429336,-0.4554183058190663,-2.509884507156958
PT081_P1_E06,-3.8922040268074545,-0.1747902557606275,-2.766152275245948
PT081_P1_E07,-2.8644304738117463,-2.1568899445918936,-0.7215520617545993
PT081_P1_E10,-3.036898230002815,0.5351904199401541,-2.9214241848884672
PT081_P1_F01,-4.7613106533711305,1.2092020888444905,-7.631204530246703
PT081_P1_F03,-1.375285340544455,0.5887568327158782,0.27388861085528915
PT081_P1_F04,-5.515310382187515,0.0869700277187993,-6.200886386609459
PT081_P1_F05,-0.37597314196046694,-2.348668235879275,2.8317082190483935
PT081_P1_F06,-1.380885161936605,-0.05566180900690272,-0.403598359873868
PT081_P1_F07,-0.41443363256316285,-4.918369279904283,-0.6044015475612554
PT081_P1_F08,-2.78436576104975,-1.2988557534592275,-0.08942006934079684
PT081_P1_F11,-4.677143260567959,-0.9768390331546271,-3.4853385086245083
PT081_P1_G01,-0.25409341380733813,-5.47013288370062,7.851840416187661
PT081_P1_G02,0.7228890234762044,-6.508725566020566,5.053521754324573
PT081_P1_G04,-3.6077346789334994,1.7502853432028502,-5.199092007728836
PT081_P1_G06,-2.579811565610947,-1.8486247097094137,0.5870953496188394
PT081_P1_G08,-2.93455460859431,-2.1656686565051535,-4.546603268672224
PT081_P1_G11,-2.90131949156396,-2.859695632525104,-1.761422741820708
PT081_P1_H01,-1.8093694524934028,-2.4971824271768797,-2.941206653791956
PT081_P1_H04,-3.8964439768643624,4.191067556060706,-6.85977704269654
PT081_P1_H06,-1.9235212212847599,0.013415801923787496,-0.011790815956994036
PT081_P3_A03_S195,0.10286537972413679,-4.591588722495204,8.906257615721621
PT081_P3_B02_S206,-3.548235487313364,1.6273694424710141,-1.13232280040026
PT081_P3_B04_S208,-2.878086562166761,0.8579708662321495,-1.1735721380482111
PT081_P3_C03_S219,-4.566022898172266,2.797237316600572,-2.467489182111425
PT081_P3_C04_S220,4.046299830049744,-9.926866911996319,9.73004565624948
PT081_P3_C05_S221,-4.627051653518224,3.5839837004686497,-5.77880511258665
PT081_P3_D05_S233,-1.7453091182490004,-3.543302667628449,4.21809584601948
PT081_P3_E03_S243,-3.1205624071789506,-2.477385431523337,0.25612007827242117
PT081_P3_E04_S244,1.3449935189706201,-6.720349082595213,6.792567587561835
PT081_P3_F06_S258,-0.4081835754199009,-3.2510583374327715,2.6026910091463544
PT081_P5_A05_S101,-0.024214333219308326,-5.0383588938135055,3.4459041028930195
PT081_P5_A06_S102,-3.1802872158556075,-1.7857913648544863,-3.953198968834122
PT081_P5_A07_S103,1.6008673348934426,-7.264996376369286,8.501058484977007
PT081_P5_A09_S105,-0.2428235366237866,-6.461596782355801,5.019502260222732
PT081_P5_A10_S106,-4.203109471441453,2.812536529247268,-6.308663541859362
PT081_P5_A12_S108,-5.507644632095071,2.765010060720248,-8.4482648859769
PT081_P5_B05_S113,-0.7262806618163276,-0.9866236581441566,-0.11766189721318428
PT081_P5_B06_S114,-5.370347178636883,3.9632176338964173,-8.167921306464104
PT081_P5_B08_S116,-3.33221288626839,-0.02781965728124816,-1.7541569223132758
PT081_P5_B09_S117,-4.567369304128795,3.899687229434008,-10.205732779908582
PT081_P5_B10_S118,-3.0937244619310906,-0.3501626652405757,-4.883104807961932
PT081_P5_B12_S120,1.295684616246499,-2.6456413278787396,4.5425529551320905
PT081_P5_C01_S121,-3.7630171184428765,2.676432798199265,-6.036349761388076
PT081_P5_C03_S123,0.5878713065408495,-3.777929148238873,4.358113798420658
PT081_P5_C04_S124,4.631071487289344,-10.797618567025575,14.115968347657951
PT081_P5_C05_S125,-1.2770863960218457,-1.7153337386512593,2.324653221504858
PT081_P5_C06_S126,-1.2195584063124487,-1.287576995796427,1.1091095487402962
PT081_P5_C07_S127,2.658269109962921,-9.451925657338206,7.975248802994803
PT081_P5_C08_S128,-5.038486446377545,5.438155693849918,-7.9537873517414175
PT081_P5_C09_S129,-5.83525855856506,5.61264673419857,-13.366908953059676
PT081_P5_C10_S130,-4.341435512353983,-0.36635057290724865,-3.311231655475649
PT081_P5_D01_S133,1.6640848789551026,-7.002794601601055,8.94952305712971
PT081_P5_D02_S134,-1.1143672471612234,-2.990940188887797,0.3965407087411263
PT081_P5_D03_S135,-1.6467409766963432,-3.2096563079681957,-2.2232892038652703
PT081_P5_D07_S139,1.1781130045011317,-7.756458890841973,5.067160434192315
PT081_P5_D09_S141,-3.3020506826573883,2.9621747822244218,-6.813545702524141
PT081_P5_D10_S142,-4.54287489606925,3.1432774795040026,-5.4852791671085885
PT081_P5_E04_S148,-3.1771097837893763,1.5376948560540447,-4.622537877931514
PT081_P5_E05_S149,-4.147529309130421,0.9825446069650567,-5.879580373759631
PT081_P5_E08_S152,-0.5989593093586156,-0.16328551043044748,-0.6907192650104741
PT081_P5_E09_S153,0.4928568411982759,-2.469737063408718,2.8683473646913464
PT081_P5_F01_S157,-6.6279075312935305,5.576045642562387,-8.134164286297791
PT081_P5_F03_S159,1.812763864039686,-6.769657982321582,6.979974778589141
PT081_P5_F08_S164,1.5492909055556776,-6.875389234747161,7.320186720608535
PT081_P5_F11_S167,-0.7872552977003315,-2.822901463054995,4.886554152512034
PT081_P5_H01_S181,1.3554752382100559,-5.198113182244906,4.364226399308708
PT081_P5_H04_S184,-0.33742641954225855,-2.422014617054878,0.8177356797675919
PT081_P5_H05_S185,1.2209076799753218,-6.145142039282075,9.020658348719472
PT081_P5_H06_S186,-0.3754725562285755,-5.318922455400703,5.092920503907016
PT084_P1_D11,0.374303441092299,-3.469378154217976,5.222052493513178
PT084_P1_D12,-0.8087291298071135,-2.892970119887636,6.079145876689056
PT084_P1_E01,-0.19357457322654847,-3.2719237093622695,5.992441625798836
PT084_P1_E02,0.0401039016849679,-1.347543803433845,-0.1804871168826152
PT084_P1_E04,-0.9758597131458848,-7.43978147404122,7.957032241073346
PT084_P8_A10_S202,1.3798797198694752,9.239088308072496,-8.945818634748777
PT084_P8_A11_S203,1.4147569558514506,4.897204256831442,-7.569450980043058
PT084_P8_B02_S206,2.7335114148110424,6.385462661358806,-7.287880961907005
PT084_P8_B05_S209,2.454097036191447,3.054764976458387,1.820770332317474
PT084_P8_B06_S210,4.670582577617321,5.166993701872252,-4.4085023853495375
PT084_P8_B11_S215,3.1974612883831677,2.0652215699620253,-3.2718888873061016
PT084_P8_C03_S219,0.8752563180613182,9.118018000124723,-6.640774446010299
PT084_P8_C04_S220,3.6870020915629564,5.7704943062164595,-5.219849944115881
PT084_P8_C05_S221,1.6691902989081036,5.177112447673121,-4.917437097560555
PT084_P8_C06_S222,10.395961457772106,-11.758878024734164,14.60761772497596
PT084_P8_C08_S224,3.6065640745867826,7.161195310396492,-8.869591206032075
PT084_P8_C12_S228,-1.3274754506398236,10.04641428065888,-12.09744599645461
PT084_P8_D01_S229,4.911168904336106,4.962204973988297,-6.505981561506827
PT084_P8_D05_S233,3.4297827424484533,6.365257353182882,-7.954359300390497
PT084_P8_D06_S234,4.876914229808569,2.8314096397431414,-1.280083545496861
PT084_P8_D07_S235,1.1775077146715371,4.020108333868866,-5.570837735967077
PT084_P8_E03_S243,4.320649061565495,3.571683791561637,-3.586201435614213
PT084_P8_E04_S244,5.271565512774033,6.932665159856461,-1.25764159897919
PT084_P8_E08_S248,1.3283601388601731,3.604987711383168,-1.1419517513964248
PT084_P8_E09_S249,1.3049475153326733,10.96553869384828,-9.008553791091558
PT084_P8_E12_S252,3.2253479234288918,9.07619291907875,-6.4632189931953565
PT084_P8_F02_S254,3.9544085200105004,3.764196446076188,0.35013378470824374
PT084_P8_F07_S259,2.024443989735078,7.394881775173201,-8.558425519922421
PT084_P8_G02_S266,0.9622412363462366,9.325912028645266,-7.000083705214238
PT084_P8_G05_S269,2.2504618892748636,2.5976265593318932,-0.6468480326811588
PT084_P8_G06_S270,0.9335392025110426,2.640122405861259,-5.147008581471165
PT084_P8_G11_S275,2.449856940428008,6.61836244125443,-7.389222356293385
PT084_P8_H01_S277,3.6595041156743764,5.837739384047528,-5.450006078237293
PT084_P8_H02_S278,3.6292189818662037,6.78884715283789,-4.82695142455028
PT084_P8_H06_S282,1.9910821986830032,8.75593719490219,-6.8135437574216615
PT084_P8_H11_S287,4.282958741266236,4.0115844692923215,-3.6561983707709937
PT126_P3_B04_S16,-3.534979436762683,4.1935465031953285,-10.82040412842524
PT126_P3_B05_S17,4.596730960759251,-11.612292055535098,13.924988713545075
PT126_P3_B06_S18,-3.271533045286108,3.1241091551981004,-8.786636393428594
PT126_P3_B07_S19,7.594294658309245,-16.246437483215256,18.605971843829018
PT126_P3_B09_S21,7.90369002201361,-17.374291894825955,19.572970084546494
PT126_P3_B10_S22,-3.0469495911353777,3.6472988945852087,-8.995048502588764
PT126_P3_B11_S23,-1.9089171745845812,1.6205389098913137,-3.9627604746752776
PT126_P3_B12_S24,1.0115887276601487,-7.274849795861456,4.690868296488762
PT126_P3_C01_S25,-3.3613204588188634,3.3239752513941636,-8.871403200056962
PT126_P3_C04_S28,1.844470925689176,-10.6203877358337,9.080689470433656
PT126_P3_C05_S29,2.4056322452921877,-8.288454446930238,6.309348032897441
PT126_P3_C07_S31,-2.5544058167489534,1.6660220785923456,-7.714297027347525
PT126_P3_C10_S34,-2.46048755685061,3.741688969728021,-6.499992950396859
PT126_P3_C11_S35,5.4365111999624744,-13.824632355443825,14.337188127696743
PT126_P3_C12_S36,5.9103555036748565,-13.868450888201098,15.948614749068865
PT126_P3_D01_S37,8.091215725389208,-18.136972546782644,19.017693198103633
PT126_P3_D04_S40,-2.716896368834742,-1.3581116033698677,-2.612663068204836
PT126_P3_D05_S41,0.002144887741637111,0.14791697562790673,1.6775336498284703
PT126_P3_D06_S42,-1.9789818784294215,1.3796779913496682,-6.663073006768539
PT126_P3_D10_S46,3.946053974992683,-11.777065330147106,11.387468768983137
PT126_P3_D12_S48,-1.2128387977298027,-1.5914077775853028,-0.5958917722566914
PT126_P3_E02_S50,6.471880943278962,-16.55696512973197,18.000183081820627
PT126_P3_E04_S52,-1.1458891445221113,-4.428790454951214,-2.053272331914828
PT126_P3_E06_S54,-0.7811082664543679,1.1172323147036283,-2.3060254045016872
PT126_P3_E09_S57,7.255940003554868,-16.259677377949597,17.578873251728595
PT126_P3_E12_S60,7.694508313645287,-16.950853119619516,19.081198832141293
PT126_P3_F01_S61,3.197176436083702,-9.87641662262986,11.62299426218976
PT126_P3_F02_S62,1.3389550756109962,-10.683096222224039,8.755978158959
PT126_P3_F03_S63,-1.8762645776542937,-3.122404120917497,-0.44881933297677024
PT126_P3_F04_S64,-0.8721680266091427,-4.600446171098359,0.3090050944232437
PT126_P3_F05_S65,2.0519896873098094,-5.537533126927622,7.1550046481443825
PT126_P3_F06_S66,3.1644188271293507,-9.930523369327638,12.387226811778936
PT126_P3_F07_S67,4.455705945151623,-9.513223833694322,12.331889664395096
PT126_P3_F10_S70,4.213342529896962,-14.17439524975118,13.11325556751037
PT126_P3_G01_S73,6.571873692102571,-13.829373033139472,14.947395937915267
PT126_P3_G03_S75,7.840915491644463,-15.85866250865354,17.17859552917559
PT126_P3_G04_S76,6.127576386211002,-13.262048917210983,14.977402440343557
PT126_P3_G11_S83,5.947068954287918,-14.987623862812608,15.765212215233271
PT126_P3_H02_S86,6.6365601686810125,-17.232095790638883,17.775156137025803
PT126_P3_H07_S91,0.2839244301090281,-4.671698554938492,-0.914639992803114
PT126_P3_H08_S92,7.413368710981937,-16.82284855642048,20.283474801783658
PT126_P3_H11_S95,1.0247991305773096,-6.065279282208753,4.291891958860669
PT126_P3_H12_S96,2.5673067287878535,-10.267734355870077,7.3674971996917265
PT039_P121_A03_S291,2.6970048580068786,-5.025888360590659,8.164425506812746
PT039_P121_A04_S292,-1.722969714530842,2.9895661646048706,-1.7769526463623004
PT039_P121_A07_S295,-5.294015708429449,1.7298301724755285,-6.183177823071114
PT039_P121_A11_S299,-4.286352950502167,4.473215622077309,-7.697876244494441
PT039_P121_B01_S301,-2.1537682672094274,2.1739323745459345,-5.480453090308638
PT039_P121_B02_S302,1.0660897278904713,-6.156082290534188,5.888210848471314
PT039_P121_B05_S305,-3.1348108783864195,3.299727022091022,-4.945236462144718
PT039_P121_B06_S306,4.3323341175283385,-12.32309598933507,14.837634082937623
PT039_P121_B07_S307,-4.085772605333993,4.6347268364038126,-5.815301314638209
PT039_P121_B09_S309,-1.131741056056026,-2.2525968871034014,5.507991840389765
PT039_P121_B11_S311,-1.2834521871687108,2.010889383658014,0.2348753171787102
PT039_P121_B12_S312,0.25596718238368815,-1.3966718431948262,1.5490839294569883
PT039_P121_C01_S313,2.104292931176374,-9.371673017931979,8.982329355699543
PT039_P121_C04_S316,-0.9743170817305415,3.8011906675577367,-2.0087402230240623
PT039_P121_C08_S320,-3.6736569147804885,2.0938713145041263,-6.034312797775098
PT039_P121_C09_S321,0.6812942896182848,-5.900633609513938,3.401990035537595
PT039_P121_C10_S322,5.82394258043883,0.4272123887773712,4.539866683167215
PT039_P121_D01_S325,-0.10054347345198211,-1.2433298464165223,0.7232898579549198
PT039_P121_D02_S326,-3.7626432306317907,4.949448012978276,-9.459196635634113
PT039_P121_D05_S329,0.48826091476357386,-5.951349998277179,2.7098697790281823
PT039_P121_D08_S332,-2.0294563766146347,2.617117354097202,-4.5820178228568365
PT039_P121_D09_S333,-0.5244473814013798,0.37834014483641587,6.823980955945435
PT039_P121_D11_S335,-2.44734301415003,2.269908919268281,-2.960451651913355
PT039_P121_D12_S336,-2.2276790177331494,1.1634351113533976,-1.9146599941015139
PT039_P121_E01_S337,-2.7958714541519107,2.522547474266988,-1.8266597556529942
PT039_P121_E02_S338,-0.3728797221059867,-2.1377315498003764,4.320386276045378
PT039_P121_E04_S340,2.168113287785123,-4.477646281623556,4.513216560696355
PT084_P121_E06_S342,-1.0088799183842714,-2.6978680054135324,-1.3327739576135353
PT084_P121_F02_S350,3.9703837684564847,-10.40386931042661,9.301343672678016
PT084_P121_F03_S351,-2.199093516310177,1.1698901494467364,-6.397944817356989
PT084_P121_F04_S352,7.02475239932671,-14.634743384977556,18.436233542200142
PT084_P121_F05_S353,1.5476194846986469,-3.3472043954934767,4.539044025659636
PT084_P121_F07_S355,1.5244402321192487,8.610165676388267,-7.563383838718792
PT084_P121_F08_S356,1.4615060782760232,7.45655093890429,-8.533902150765382
PT084_P121_G01_S361,0.7052269771273749,4.0136964307782215,-4.583339876165177
PT084_P121_G05_S365,-3.1157376438096533,1.2827071076266643,-2.523561328151369
PT084_P121_G12_S372,3.12962438768298,7.482192438692459,-5.423349787642485
PT084_P121_H01_S373,-0.8606800064842579,3.4671077520323874,4.070044998232183
PT084_P121_H09_S381,6.504810207434219,-15.184421818049465,16.514177479775817
PT084_P121_H10_S382,-1.8883123314222519,-0.5381310023578241,-4.7738328301220765
PT084_P121_H12_S384,-2.467237272445072,-1.1892008048661515,-1.0460779832286713
PT039_P10_A03_S195,-2.843924846006041,4.051232172309019,-7.047133439545359
PT039_P10_A09_S201,-2.8396663166646237,2.750364753341786,-4.040279609651756
PT039_P10_A12_S204,1.1999526257929358,-1.719833359731587,3.773735651263167
PT039_P10_B02_S206,-3.4740318411879967,4.662916940506563,-6.070323749407459
PT039_P10_B07_S211,-1.3601690884722686,0.25639172652707803,-3.110285685048833
PT039_P10_C03_S219,-4.305294836895173,4.725303825378847,-4.489388452383442
PT039_P10_C10_S226,-5.604007260789769,3.9097887554428405,-11.654332317943366
PT039_P10_C12_S228,-4.771185398747225,4.763777034732877,-7.3152418116845235
PT039_P10_D03_S231,-2.167449046419399,3.0294663581287433,-6.236461046981371
PT039_P10_D09_S237,0.3841175783504657,-2.919280696410281,1.1918072581219996
PT039_P10_G03_S267,-3.3749316150908566,3.6065971868695996,-6.959593804479948
PT039_P10_G06_S270,-1.3255339273164601,0.12748107681651527,0.8405647378290564
