,PC1,PC2,PC50
PT089_P1_A01,0.2569156199804003,2.499448843385158,0.767083790368638
PT089_P1_A03,2.8292958134989696,-2.793784828505084,2.0102205142090845
PT089_P1_A07,0.196907601371347,-0.3187456907054271,0.43442630988092884
PT089_P1_A09,2.4502274269235116,-3.4528470266143034,3.149003648141642
PT089_P1_A10,1.5271960662309307,-1.5040027502697844,2.4062243328208317
PT089_P1_B01,-0.17308265349197138,-0.2236086011915946,0.2035969638285139
PT089_P1_B04,0.33002159990455743,1.203425222005011,2.0605257233922267
PT089_P1_B08,-4.23805709422762,5.526172554554622,-0.08278649667368479
PT089_P1_B12,-0.835601276454417,3.5114921356617828,0.9698959455380344
PT089_P1_D02,1.0015178878962274,-4.1078464127796845,3.010410421759828
PT089_P1_D09,-1.7667033040564608,-0.4458676716672157,-0.3476867979664242
PT089_P7_A03_S3,-2.81352220384312,3.2649584850642737,-3.0513732661217534
PT089_P7_A04_S4,3.075881518296555,5.0942563441605655,0.0027192923858708543
PT089_P7_A06_S6,1.4000160233568306,-0.755759681202082,1.1721473214679614
PT089_P7_A08_S8,5.262982810180797,5.546298137915172,1.2677516880444133
PT089_P7_A09_S9,5.973349916052789,1.2236362085902854,-0.7598799121602584
PT089_P7_A12_S12,5.915363922867156,0.21515403206312403,0.9108169443951833
PT089_P7_B03_S15,5.051977909323197,4.865128981936393,0.6839476781541691
PT089_P7_B06_S18,1.6730759211375335,9.45310271349812,-1.5741408149784906
PT089_P7_B07_S19,5.012053114230347,0.2873354080557876,-1.1458552491732679
PT089_P7_C02_S26,5.700434971856442,0.6742530146426471,-0.9633199252827094
PT089_P7_C03_S27,-0.4326252335239443,2.605274566546501,-2.946904531445076
PT089_P7_D02_S38,-2.4754234425602326,3.0979259259398684,-2.365314177122912
PT089_P7_D03_S39,1.8679099909598647,6.571741880761431,-2.6291990907726057
PT089_P7_D05_S41,2.8225618915156483,5.758158360515543,-0.07794505789335349
PT089_P7_D07_S43,4.955308390401659,-0.10539041904103336,0.7442743643221839
PT089_P7_D08_S44,1.9132311791226648,1.7500743107554197,-2.0595861972049048
PT089_P7_D10_S46,-3.0364866117654845,3.6259142809291935,-3.013307601404643
PT089_P7_E02_S50,1.5249749769752634,0.060230510341105825,-2.6556522661919773
PT089_P7_E05_S53,2.5881309206603538,5.085748158293797,0.6778043637788377
PT089_P7_E06_S54,2.084429375746747,-3.936765703972989,-0.4416300172734543
PT089_P7_E07_S55,7.572626223950108,-3.401002261062952,1.8424708025744931
PT089_P7_E11_S59,7.47720559044676,-5.480433880374123,0.2803501109399443
PT089_P7_F02_S62,2.719354181495021,7.246207487895821,1.3530732216899108
PT089_P7_F03_S63,0.8869146356058901,9.232966047277856,-1.478647545216877
PT089_P7_F04_S64,2.5930041643171835,8.85515631697674,-0.606788327658039
PT089_P7_F06_S66,-1.1935357478800812,3.1076252060118086,-1.5975529724956785
PT089_P7_F08_S68,1.413722264427835,-1.0552545645195133,1.3962544994527595
PT089_P7_F11_S71,5.549092151254019,2.2175194079431275,1.3938441640131285
PT089_P7_G01_S73,3.6353363667542666,6.201308801988819,0.6641740147293033
PT089_P7_G02_S74,3.944958619397686,5.45499462330596,1.506999181477652
PT089_P7_G03_S75,2.388681801785327,4.54971830613333,0.42807801361618647
PT089_P7_G05_S77,1.7791145101939156,-2.283805002937211,-1.4197124872747988
PT089_P7_G09_S81,-1.927135820275169,4.117171319739654,-3.8790785854583354
PT089_P9_A01_S97,5.475042307416452,4.062143297258259,-0.21641174970521454
PT089_P9_A02_S98,-2.0456172439388816,4.150355162210225,-2.8050013564922343
PT089_P9_A03_S99,-0.08814932542113699,0.045483451747904496,-1.8867521647054533
PT089_P9_A08_S104,-0.4622675895478834,3.5495564911360575,-3.3598172868271408
PT089_P9_A09_S105,-2.6876508342327257,3.0250095629428313,-3.43157718287441
PT089_P9_A10_S106,2.8848021690418504,6.756025977740017,0.6929190082471249
PT089_P9_B01_S109,1.6918659590860918,-3.1503504514171476,-0.8598743043754331
PT089_P9_B04_S112,5.328820359510429,5.349522494888823,0.7630133434182484
PT089_P9_B05_S113,4.002678282888567,2.3475234770195224,1.2249466334686636
PT089_P9_B06_S114,1.962061050477728,8.72326802536214,-1.4415010131936097
PT089_P9_B09_S117,3.108622083435417,6.579009422154238,1.0212926609918012
PT089_P9_B10_S118,-1.95679298811731,0.9141087879532446,-2.204691623282078
PT089_P9_B11_S119,-2.6291095251586527,3.2444588470510336,-1.8350913982164279
PT089_P9_C02_S122,3.002162983365089,7.489851550374139,0.9215167950879773
PT089_P9_C03_S123,3.8112152087554003,4.624553177391379,0.059138854508381494
PT089_P9_C05_S125,2.6335097650557913,8.302952914685955,-0.892366068594828
PT089_P9_C06_S126,5.1844309801865185,5.6841894486210816,-0.6184064336050662
PT089_P9_C07_S127,-0.7298359768255569,2.4533596197737864,-2.5505104730198465
PT089_P9_C09_S129,4.634125898593373,5.942132364723005,0.30683632839767006
PT089_P9_C10_S130,-2.328169030605665,7.220703009602681,-2.680184906242297
PT089_P9_C12_S132,4.588640819398047,3.0916575192888978,0.11218872293060998
PT089_P9_D02_S134,4.162752238681289,6.093448375760717,-0.2529048446364811
PT089_P9_D05_S137,-0.5103474719175297,5.4749129831273695,-1.9299407602919199
PT089_P9_D06_S138,-2.123456319340071,2.913693015674417,-2.963619432589237
PT089_P9_D07_S139,4.849472755787728,3.673987984115295,0.06906498434006486
PT089_P9_D10_S142,0.7325750523263461,8.161416114948327,-1.9800579120677444
PT089_P9_E01_S145,-2.5215511932474395,5.570598502326189,-3.820623639250273
PT089_P9_E03_S147,1.4617318884934192,7.271681764657122,-0.056130761254320635
PT089_P9_E04_S148,7.414469359734698,-1.990009783150399,-0.03353469561281158
PT089_P9_E06_S150,4.624683168779132,4.06140783405595,1.2695560414875955
PT089_P9_E10_S154,-2.3989712962243788,2.541644889898719,-2.3978263683137024
PT089_P9_E11_S155,1.0314026115335193,7.821525066370858,-2.0884544471292155
PT089_P9_E12_S156,-1.60724635783153,2.278141872803124,-2.452952341124131
PT089_P9_F02_S158,3.2912411442383562,4.4397980045779155,-1.1386721178387103
PT089_P9_F03_S159,-1.2000981920257978,2.5725397403280232,-1.6714082492403968
PT089_P9_F04_S160,6.609131689427491,-2.875100522715663,-0.4799515397065699
PT089_P9_F06_S162,-3.619625183886099,5.642977487732352,-2.916567627133932
PT089_P9_F09_S165,0.7712787781725274,8.620388058118136,-1.5520366564401762
PT089_P9_G01_S169,1.7135725173205003,1.6073893463443074,-1.220396904044441
PT089_P9_G03_S171,-2.977793257282295,3.189232046913098,-1.615343719438216
PT089_P9_G04_S172,-1.006805330209288,4.885776798614421,-2.5247797481100935
PT089_P9_G05_S173,5.793554307537589,2.571654857075066,0.9307070426123378
PT089_P9_G06_S174,4.507930017172875,3.989879802507412,-0.319169430377724
PT089_P9_G08_S176,4.794819189511965,5.9128340871134935,1.3262088119905533
PT089_P9_G09_S177,3.2953836487510397,6.117629941798136,-0.357737855072786
PT089_P9_G10_S178,5.098353810863829,4.443304309779285,-0.5127916676220707
PT089_P9_H02_S182,-0.9452109314124488,6.608532276893829,-0.6281201183691506
PT089_P9_H03_S183,5.33050313680943,3.886583294734422,0.22994480537809706
PT089_P9_H04_S184,-0.28912422702311136,0.286278973087893,-1.8390709756761408
PT089_P9_H05_S185,-1.8841848700445403,3.1799183995453415,-1.7685077726573666
PT089_P9_H06_S186,4.960989118415614,3.182761472280093,-1.8059491622682022
PT089_P9_H09_S189,4.266774832217135,2.591771395073388,-0.40223038274159567
PT089_P9_H10_S190,-2.401116827958488,4.801752004125523,-3.226702019845712
PT039_P11_A02_S2,-2.422861787548286,2.6120027238620507,-0.5341175344233808
PT039_P11_A03_S3,-2.9155431174839204,2.049257582586062,-2.5470965105633403
PT039_P11_A12_S12,8.24906969434166,-14.716301985145721,2.506421493977408
PT039_P11_B02_S14,-2.8158304215044594,0.24244150739488232,-0.07146343259994463
PT039_P11_B04_S16,-2.4778916908914668,0.913341000649061,0.3282338664617238
PT039_P11_B05_S17,5.3071076781037805,-13.526725536702095,1.7800567834465117
PT039_P11_B08_S20,-3.098813990077267,0.11217389560833196,-0.5981836169617379
PT039_P11_C03_S27,-0.08901201454385352,-1.4742544491662,-0.2362076826209088
PT039_P11_C05_S29,-2.814570626867961,2.2438362372253122,-0.9558698889295236
PT039_P11_C06_S30,2.6555814711296493,-5.608457175008962,-0.47294040642009205
PT039_P11_C07_S31,0.8598053279399647,-2.5073676959368374,0.08447125128409674
PT039_P11_C09_S33,6.590564021078265,-15.170197845224692,2.723542339745736
PT039_P11_C11_S35,-0.9326985115209987,2.6075752157758445,-0.428564760021262
PT039_P11_D01_S37,-2.2133967906228156,-0.6201645785497238,0.23337369152426884
PT039_P11_D04_S40,-1.1902589967261579,-0.255343334866385,-2.28452248105445
PT039_P11_D07_S43,6.551853222184825,-16.808450101594833,2.992717573239487
PT039_P11_D08_S44,-3.1727159474718105,2.8034989124433873,-2.147009980525719
PT039_P11_D10_S46,-2.5452830096493035,1.3581639017086407,-0.3954616027987977
PT039_P11_E01_S49,-3.6473781308869113,2.640158102938158,-0.3261389253209302
PT039_P11_E06_S54,-3.6279432062204893,3.7119866764199774,-0.9158643335180279
PT039_P11_E09_S57,-2.8963544582382155,3.4978420222077253,-1.4136344105241974
PT039_P11_E11_S59,-1.4180193448159293,0.9577819287062946,1.1084321660360203
PT039_P11_F06_S66,-2.6521377039945575,3.345687401397445,-1.8250947231455128
PT039_P11_F11_S71,0.07971052891054853,-2.2325134170100593,-0.026919359052277908
PT039_P11_F12_S72,-1.9208533582504443,3.2476695634400228,0.5068103374232927
PT039_P11_G03_S75,-1.4740944424816678,4.025327521253408,-2.3393694629861357
PT039_P11_G04_S76,-5.00745514342155,2.4805815822968666,-0.6153386718305736
PT039_P11_G08_S80,-4.710474517795112,5.836829924536342,-0.5095984703430886
PT039_P11_G09_S81,-4.776032780887843,4.015090996001699,-1.0032411055566512
PT039_P11_G10_S82,8.729809493435578,-17.044232496148034,2.9170956726819797
PT039_P11_G12_S84,0.32508802797964326,-1.2427690135423015,-2.2856497036432355
PT039_P11_H02_S86,-2.178315467919497,3.134024102399438,-0.16377632890757532
PT039_P11_H03_S87,-2.917916700804568,2.8265742968002563,-1.9684333675635473
PT039_P11_H06_S90,-0.07777009938613241,1.676606461123094,-2.0299564886480597
PT039_P11_H10_S94,-4.801938264038063,4.880004628972809,-1.4651887232037861
PT039_P1_A03,-3.722115407485576,3.0031730178994973,-2.1474966597458276
PT039_P1_A04,-2.3954849120314723,1.3083865844266274,-1.20537692233258
PT039_P1_A08,-3.753755899102542,1.8623454061476612,-1.7198369444742334
PT039_P1_B02,0.019116717628512025,0.1624950002588862,-1.4536858671471344
PT039_P1_B04,1.2284535265738872,-6.966528763819626,1.638785101942715
PT039_P1_B05,-1.1192462906304208,0.7263025118966877,-1.3798552559315058
PT039_P1_B06,-3.3152954196926383,0.2794220808797122,-1.6349231287450114
PT039_P1_B09,0.04934677975761109,-1.942375833190904,-1.6244739660118492
PT039_P1_B11,0.3979429406579854,-2.9419505019429755,-2.8600774897640484
PT039_P1_B12,-2.143875249861086,2.6673117516028833,-1.4018418158440422
PT039_P1_C01,-1.0167690389285668,2.561319274130643,-1.3658094741736164
PT039_P1_C02,-2.7033866868015815,2.3531378432870773,-2.842704976990953
PT039_P1_C08,-3.25840541213816,1.8121631417957642,-1.356188673373211
PT039_P1_C09,-1.964867756696994,0.062364762839115115,-0.4319710137525905
PT039_P1_C10,-1.2478826365850617,0.2666525421219239,-0.2749089813724492
PT039_P1_C11,-0.913079791660398,1.0636090390774253,-0.8238306131569484
PT039_P1_C12,-3.934724028829196,2.5778746450295498,-1.8546289380268108
PT039_P1_D01,-0.949527766049765,1.1693228249787817,-1.0692170283560722
PT039_P1_D02,-3.208779854463669,1.3706120524858023,-0.8404757584188844
PT039_P1_D03,-2.4991922179026016,0.9691099448516521,-1.034125769382902
PT039_P1_D04,-2.391287531381728,2.030557490718146,-1.3686219910202126
PT039_P1_D05,-2.5528475828815496,0.6352645680563689,-1.8457096593750257
PT039_P1_D06,3.482945320906211,-7.752438661659183,-1.0727579509927299
PT039_P1_D10,-3.789546724354502,3.5727992495972707,-2.9245299627886494
PT039_P1_D12,-3.1369620458855865,3.6328920025857636,-1.0709614663986518
PT039_P1_E02,4.595437534055237,-8.82630485806353,-0.32227156692721864
PT039_P1_E03,-3.5719984105003677,1.6273345368524432,-1.3350237446426338
PT039_P1_E07,-2.4160488826841933,0.6471313571520229,-0.3182576192874503
PT039_P1_E08,-3.0999455722787275,1.4040235601039859,-2.192302164734397
PT039_P1_E09,-2.8716191952950894,2.1336115024008957,-1.2300873416423546
PT039_P1_E10,-2.756254628796622,2.6660724555491013,-1.1417937288164983
PT039_P1_E11,-0.7121274165526793,-2.282929137704035,-0.0648363320099673
PT039_P1_F01,-2.1105268369892753,1.1457167832562076,-1.3085055397847094
PT039_P1_F02,-2.2578351963045935,3.033843195377042,-2.9874050132938614
PT039_P1_F03,-1.962648201484543,2.044987589725727,-0.462910059194528
PT039_P1_F04,-1.618977971675847,0.9750335294830687,-1.9667904874794022
PT039_P1_F05,0.22743449195981152,-0.6958677315515119,-2.1009650839009524
PT039_P1_F06,-1.4068464108422944,0.8682831917742987,-0.3152098992242755
PT039_P1_F07,-2.1701972590072653,3.450985305020814,-1.4125022599012638
PT039_P1_F08,-2.3656675129473466,1.7446402974938964,-1.092620713321388
PT039_P1_F10,-3.426045830731851,2.226184823061158,-1.2477537893809267
PT058_P1_D07,7.020804956965653,-12.203047300020106,0.7090241857226671
PT058_P1_E01,1.9940697627911965,8.167382175575028,-0.6297033802832606
PT058_P1_F09,0.6917119087459733,4.6552098586325155,-2.592240123687089
PT058_P1_G08,3.5988898842830856,2.862999746204832,-0.13854504731196496
PT058_P1_H07,1.3919860676137765,-3.6553461295236533,-1.354532595961487
PT058_P1_H08,2.476945883035722,4.343592666576634,-0.3758378012236418
PT081_P1_A01,-5.479684220990687,2.6860646168270166,0.5726318808253658
PT081_P1_A02,-4.099811513263715,2.0363715515628855,2.6776398439924445
PT081_P1_A05,-5.140958476834015,1.5986447691917198,1.4020271090195804
PT081_P1_A08,-4.667911292784219,1.790554898905586,-0.2698881471155954
PT081_P1_A09,-4.427998031245151,0.5097164118081311,0.938734097134333
PT081_P1_A10,-4.80893912271752,0.8983375956722018,1.0249647514303282
PT081_P1_A12,-4.829439276937542,1.891521330680054,0.6117320922188703
PT081_P1_B01,-3.051655311551375,-0.33589300347207707,1.350692919589167
PT081_P1_B02,-4.9159935659343645,3.0330947036421114,1.4012886195890721
PT081_P1_B03,-5.252798893778693,2.1836564204822135,0.34453839265276764
PT081_P1_B04,-5.256769104999863,2.656875658689424,0.8671931396363277
PT081_P1_B06,-4.099537688073228,1.4715811602761601,1.3115404235291797
PT081_P1_B07,-0.48593184044729065,-3.090510977110952,2.9615956953810016
PT081_P1_B08,-3.789391345178279,-0.08212295921282835,1.101991715218961
PT081_P1_B10,-0.3975420010207419,1.747265413572829,0.8209217072881512
PT081_P1_B11,-4.556966579764438,1.987090682851265,0.8327661934557192
PT081_P1_B12,-4.407610285845418,1.1289358133892446,1.110100701702689
PT081_P1_C02,-3.5355198234476988,1.7840768176017079,0.13509571845701357
PT081_P1_C03,-4.469066871727011,2.133926559429967,1.4787956411739342
PT081_P1_C04,5.016972005678846,-12.313460106089506,1.6639035883301525
PT081_P1_C06,-3.7535230710288214,1.2151167241748195,0.7036874939217153
PT081_P1_C08,-1.456114294787458,-2.8396012497451,1.5675034520538156
PT081_P1_C09,-2.923125592807308,-0.08073135154789413,1.85023964627769
PT081_P1_C12,-1.9452085894930522,-3.4853033246464684,2.410554327633009
PT081_P1_D01,-4.748913836146491,-0.33700607374921976,1.5778887553228638
PT081_P1_D02,-3.7565480851345234,2.2968494011990286,1.5024804423014895
PT081_P1_D04,-5.927890727799491,2.263301864406533,0.29720245180787597
PT081_P1_D06,-2.316907930116336,0.874445422004478,0.9700939066738581
PT081_P1_D08,-2.7177134788443054,-2.8650232845419707,2.974648796175898
PT081_P1_D09,-1.5595269208546059,-2.6524740536541165,2.299728239563857
PT081_P1_D10,-2.040832816518035,-1.8280541196345228,2.324777671940604
PT081_P1_D12,-0.3779063719290843,-4.838258153225221,2.306261300720632
PT081_P1_E01,-4.25512711648131,1.2152439225971836,0.5491979016553117
PT081_P1_E02,-1.9437933239206715,-2.159056889797789,0.5620327172605089
PT081_P1_E03,-2.2547785324245306,-0.9104759099680616,2.1536702374634173
PT081_P1_E05,-2.3382971948429336,-0.4554183058190663,1.329755512570021
PT081_P1_E06,-3.8922040268074545,-0.1747902557606275,1.2242415327564964
PT081_P1_E07,-2.8644304738117463,-2.1568899445918936,1.0075623332945982
PT081_P1_E10,-3.036898230002815,0.5351904199401541,0.67643763765501
PT081_P1_F01,-4.7613106533711305,1.2092020888444905,0.8466307966240225
PT081_P1_F03,-1.375285340544455,0.5887568327158782,1.241711609954462
PT081_P1_F04,-5.515310382187515,0.0869700277187993,0.905391385666352
PT081_P1_F05,-0.37597314196046694,-2.348668235879275,1.1500590756790707
PT081_P1_F06,-1.380885161936605,-0.05566180900690272,2.1431997413592807
PT081_P1_F07,-0.41443363256316285,-4.918369279904283,2.49337318551628
PT081_P1_F08,-2.78436576104975,-1.2988557534592275,1.3472970763743033
PT081_P1_F11,-4.677143260567959,-0.9768390331546271,0.2505825258307091
PT081_P1_G01,-0.25409341380733813,-5.47013288370062,2.4030470269917097
PT081_P1_G02,0.7228890234762044,-6.508725566020566,1.988486798999485
PT081_P1_G04,-3.6077346789334994,1.7502853432028502,1.461984689167234
PT081_P1_G06,-2.579811565610947,-1.8486247097094137,0.5906576345201154
PT081_P1_G08,-2.93455460859431,-2.1656686565051535,-0.6620398538886714
PT081_P1_G11,-2.90131949156396,-2.859695632525104,2.711960798370994
PT081_P1_H01,-1.8093694524934028,-2.4971824271768797,2.683830661691942
PT081_P1_H04,-3.8964439768643624,4.191067556060706,1.9688940006779567
PT081_P1_H06,-1.9235212212847599,0.013415801923787496,-0.30771397662072186
PT081_P3_A03_S195,0.10286537972413679,-4.591588722495204,2.2341084975888994
PT081_P3_B02_S206,-3.548235487313364,1.6273694424710141,2.0643163552096135
PT081_P3_B04_S208,-2.878086562166761,0.8579708662321495,0.8542353692794373
PT081_P3_C03_S219,-4.566022898172266,2.797237316600572,1.6007948111104489
PT081_P3_C04_S220,4.046299830049744,-9.926866911996319,2.6162460264471727
PT081_P3_C05_S221,-4.627051653518224,3.5839837004686497,0.48396552103557355
PT081_P3_D05_S233,-1.7453091182490004,-3.543302667628449,1.7570781574882595
PT081_P3_E03_S243,-3.1205624071789506,-2.477385431523337,0.5750028115892891
PT081_P3_E04_S244,1.3449935189706201,-6.720349082595213,0.6248298954457149
PT081_P3_F06_S258,-0.4081835754199009,-3.2510583374327715,2.519369461155656
PT081_P5_A05_S101,-0.024214333219308326,-5.0383588938135055,1.109946653079046
PT081_P5_A06_S102,-3.1802872158556075,-1.7857913648544863,0.09044605849371365
PT081_P5_A07_S103,1.6008673348934426,-7.264996376369286,1.5320054820582292
PT081_P5_A09_S105,-0.2428235366237866,-6.461596782355801,0.1587892834344592
PT081_P5_A10_S106,-4.203109471441453,2.812536529247268,1.7473346736811195
PT081_P5_A12_S108,-5.507644632095071,2.765010060720248,1.1467874896923458
PT081_P5_B05_S113,-0.7262806618163276,-0.9866236581441566,0.3803092830870456
PT081_P5_B06_S114,-5.370347178636883,3.9632176338964173,0.6151877675412836
PT081_P5_B08_S116,-3.33221288626839,-0.02781965728124816,2.114403584966428
PT081_P5_B09_S117,-4.567369304128795,3.899687229434008,1.261647290722146
PT081_P5_B10_S118,-3.0937244619310906,-0.3501626652405757,1.92433726825714
PT081_P5_B12_S120,1.295684616246499,-2.6456413278787396,1.6914731472458848
PT081_P5_C01_S121,-3.7630171184428765,2.676432798199265,1.0721714388330599
PT081_P5_C03_S123,0.5878713065408495,-3.777929148238873,1.8786633392098224
PT081_P5_C04_S124,4.631071487289344,-10.797618567025575,3.3959065120836742
PT081_P5_C05_S125,-1.2770863960218457,-1.7153337386512593,1.5779942541266332
PT081_P5_C06_S126,-1.2195584063124487,-1.287576995796427,1.0596448877130933
PT081_P5_C07_S127,2.658269109962921,-9.451925657338206,1.4298342691693566
PT081_P5_C08_S128,-5.038486446377545,5.438155693849918,0.5235556021352603
PT081_P5_C09_S129,-5.83525855856506,5.61264673419857,0.612866585811408
PT081_P5_C10_S130,-4.341435512353983,-0.36635057290724865,1.787110776622718
PT081_P5_D01_S133,1.6640848789551026,-7.002794601601055,2.0519122530250065
PT081_P5_D02_S134,-1.1143672471612234,-2.990940188887797,0.026400520869942545
PT081_P5_D03_S135,-1.6467409766963432,-3.2096563079681957,2.4863872835120966
PT081_P5_D07_S139,1.1781130045011317,-7.756458890841973,1.6696147497641736
PT081_P5_D09_S141,-3.3020506826573883,2.9621747822244218,0.590929884591522
PT081_P5_D10_S142,-4.54287489606925,3.1432774795040026,1.0448019887017796
PT081_P5_E04_S148,-3.1771097837893763,1.5376948560540447,1.434663444313085
PT081_P5_E05_S149,-4.147529309130421,0.9825446069650567,0.2679406348628768
PT081_P5_E08_S152,-0.5989593093586156,-0.16328551043044748,2.8023611502095207
PT081_P5_E09_S153,0.4928568411982759,-2.469737063408718,3.3792713044124723
PT081_P5_F01_S157,-6.6279075312935305,5.576045642562387,-0.1920493663492073
PT081_P5_F03_S159,1.812763864039686,-6.769657982321582,2.4942132490522524
PT081_P5_F08_S164,1.5492909055556776,-6.875389234747161,1.0494110647548425
PT081_P5_F11_S167,-0.7872552977003315,-2.822901463054995,1.2901555720489732
PT081_P5_H01_S181,1.3554752382100559,-5.198113182244906,3.185893062228202
PT081_P5_H04_S184,-0.33742641954225855,-2.422014617054878,3.325736551354097
PT081_P5_H05_S185,1.2209076799753218,-6.145142039282075,3.7930411114169766
PT081_P5_H06_S186,-0.3754725562285755,-5.318922455400703,1.8893382980091369
PT084_P1_D11,0.374303441092299,-3.469378154217976,1.077857066705874
PT084_P1_D12,-0.8087291298071135,-2.892970119887636,-1.0348833631524552
PT084_P1_E01,-0.19357457322654847,-3.2719237093622695,2.9125559351378496
PT084_P1_E02,0.0401039016849679,-1.347543803433845,-0.06908301291179486
PT084_P1_E04,-0.9758597131458848,-7.43978147404122,0.08489470649445882
PT084_P8_A10_S202,1.3798797198694752,9.239088308072496,-1.403794338716484
PT084_P8_A11_S203,1.4147569558514506,4.897204256831442,-1.3362193611032458
PT084_P8_B02_S206,2.7335114148110424,6.385462661358806,0.13337415397822827
PT084_P8_B05_S209,2.454097036191447,3.054764976458387,-1.9182744262013047
PT084_P8_B06_S210,4.670582577617321,5.166993701872252,0.1788310221756307
PT084_P8_B11_S215,3.1974612883831677,2.0652215699620253,-1.7927322427395351
PT084_P8_C03_S219,0.8752563180613182,9.118018000124723,-0.08169468457268811
PT084_P8_C04_S220,3.6870020915629564,5.7704943062164595,-0.7647759986586907
PT084_P8_C05_S221,1.6691902989081036,5.177112447673121,-1.7553952548992633
PT084_P8_C06_S222,10.395961457772106,-11.758878024734164,1.6042874672921987
PT084_P8_C08_S224,3.6065640745867826,7.161195310396492,-0.8523159127919504
PT084_P8_C12_S228,-1.3274754506398236,10.04641428065888,-2.846213864379861
PT084_P8_D01_S229,4.911168904336106,4.962204973988297,-1.2675794240820337
PT084_P8_D05_S233,3.4297827424484533,6.365257353182882,0.8579322827780241
PT084_P8_D06_S234,4.876914229808569,2.8314096397431414,-0.08842073740235623
PT084_P8_D07_S235,1.1775077146715371,4.020108333868866,-3.8008672617959225
PT084_P8_E03_S243,4.320649061565495,3.571683791561637,0.8137551495186728
PT084_P8_E04_S244,5.271565512774033,6.932665159856461,0.24762966309822446
PT084_P8_E08_S248,1.3283601388601731,3.604987711383168,-1.7232646729555992
PT084_P8_E09_S249,1.3049475153326733,10.96553869384828,-0.8317781063599482
PT084_P8_E12_S252,3.2253479234288918,9.07619291907875,-0.4367621647699025
PT084_P8_F02_S254,3.9544085200105004,3.764196446076188,-0.11002743194942331
PT084_P8_F07_S259,2.024443989735078,7.394881775173201,1.2215088050661425
PT084_P8_G02_S266,0.9622412363462366,9.325912028645266,1.0124697749439269
PT084_P8_G05_S269,2.2504618892748636,2.5976265593318932,-1.5242000445539936
PT084_P8_G06_S270,0.9335392025110426,2.640122405861259,-2.2195807338347406
PT084_P8_G11_S275,2.449856940428008,6.61836244125443,-0.6844985580661556
PT084_P8_H01_S277,3.6595041156743764,5.837739384047528,0.383611242738909
PT084_P8_H02_S278,3.6292189818662037,6.78884715283789,0.34480017778739763
PT084_P8_H06_S282,1.9910821986830032,8.75593719490219,-0.3473651574479733
PT084_P8_H11_S287,4.282958741266236,4.0115844692923215,-0.18568891227530643
PT126_P3_B04_S16,-3.534979436762683,4.1935465031953285,-1.104252121500318
PT126_P3_B05_S17,4.596730960759251,-11.612292055535098,2.0875760195155753
PT126_P3_B06_S18,-3.271533045286108,3.1241091551981004,-1.0989506701080487
PT126_P3_B07_S19,7.594294658309245,-16.246437483215256,3.0559261163171927
PT126_P3_B09_S21,7.90369002201361,-17.374291894825955,3.8403401437627136
PT126_P3_B10_S22,-3.0469495911353777,3.6472988945852087,0.06074849733549542
PT126_P3_B11_S23,-1.9089171745845812,1.6205389098913137,0.3344732061536142
PT126_P3_B12_S24,1.0115887276601487,-7.274849795861456,-0.46965130685331413
PT126_P3_C01_S25,-3.3613204588188634,3.3239752513941636,-1.5364934994638706
PT126_P3_C04_S28,1.844470925689176,-10.6203877358337,0.9199185185613219
PT126_P3_C05_S29,2.4056322452921877,-8.288454446930238,-0.11013556269481731
PT126_P3_C07_S31,-2.5544058167489534,1.6660220785923456,-0.849677185655573
PT126_P3_C10_S34,-2.46048755685061,3.741688969728021,-1.0320184508323043
PT126_P3_C11_S35,5.4365111999624744,-13.824632355443825,2.070564436791679
PT126_P3_C12_S36,5.9103555036748565,-13.868450888201098,3.058776014394419
PT126_P3_D01_S37,8.091215725389208,-18.136972546782644,1.9014148078406146
PT126_P3_D04_S40,-2.716896368834742,-1.3581116033698677,-1.2446432989098586
PT126_P3_D05_S41,0.002144887741637111,0.14791697562790673,-1.5759298873947236
PT126_P3_D06_S42,-1.9789818784294215,1.3796779913496682,-0.47583485749408316
PT126_P3_D10_S46,3.946053974992683,-11.777065330147106,0.5126994234718837
PT126_P3_D12_S48,-1.2128387977298027,-1.5914077775853028,-0.08400533791344557
PT126_P3_E02_S50,6.471880943278962,-16.55696512973197,3.351871667399016
PT126_P3_E04_S52,-1.1458891445221113,-4.428790454951214,-1.2129439592341575
PT126_P3_E06_S54,-0.7811082664543679,1.1172323147036283,0.05979905308148609
PT126_P3_E09_S57,7.255940003554868,-16.259677377949597,2.9047855101848703
PT126_P3_E12_S60,7.694508313645287,-16.950853119619516,3.9890869796792265
PT126_P3_F01_S61,3.197176436083702,-9.87641662262986,0.5832256510145433
PT126_P3_F02_S62,1.3389550756109962,-10.683096222224039,1.0741166822990822
PT126_P3_F03_S63,-1.8762645776542937,-3.122404120917497,-1.191523374835215
PT126_P3_F04_S64,-0.8721680266091427,-4.600446171098359,-0.41973420927253413
PT126_P3_F05_S65,2.0519896873098094,-5.537533126927622,-0.470385829107558
PT126_P3_F06_S66,3.1644188271293507,-9.930523369327638,3.074902280877171
PT126_P3_F07_S67,4.455705945151623,-9.513223833694322,1.5362935893760645
PT126_P3_F10_S70,4.213342529896962,-14.17439524975118,2.2554639164763888
PT126_P3_G01_S73,6.571873692102571,-13.829373033139472,3.7976621839475917
PT126_P3_G03_S75,7.840915491644463,-15.85866250865354,3.513746943470209
PT126_P3_G04_S76,6.127576386211002,-13.262048917210983,1.8887649490741103
PT126_P3_G11_S83,5.947068954287918,-14.987623862812608,2.3748675252767
PT126_P3_H02_S86,6.6365601686810125,-17.232095790638883,2.2539173084162196
PT126_P3_H07_S91,0.2839244301090281,-4.671698554938492,-0.33286285217196165
PT126_P3_H08_S92,7.413368710981937,-16.82284855642048,2.531058651858635
PT126_P3_H11_S95,1.0247991305773096,-6.065279282208753,-1.2099867014611276
PT126_P3_H12_S96,2.5673067287878535,-10.267734355870077,-0.6704747982433993
PT039_P121_A03_S291,2.6970048580068786,-5.025888360590659,0.07492960645964925
PT039_P121_A04_S292,-1.722969714530842,2.9895661646048706,-1.7107114080702976
PT039_P121_A07_S295,-5.294015708429449,1.7298301724755285,-2.1124616909339884
PT039_P121_A11_S299,-4.286352950502167,4.473215622077309,-1.783422008723265
PT039_P121_B01_S301,-2.1537682672094274,2.1739323745459345,0.1039112420320133
PT039_P121_B02_S302,1.0660897278904713,-6.156082290534188,0.6340795088944786
PT039_P121_B05_S305,-3.1348108783864195,3.299727022091022,-1.8068430751824223
PT039_P121_B06_S306,4.3323341175283385,-12.32309598933507,2.065709368505415
PT039_P121_B07_S307,-4.085772605333993,4.6347268364038126,-2.197872071523575
PT039_P121_B09_S309,-1.131741056056026,-2.2525968871034014,-0.7728379738181455
PT039_P121_B11_S311,-1.2834521871687108,2.010889383658014,-1.6365038454432395
PT039_P121_B12_S312,0.25596718238368815,-1.3966718431948262,2.746403419668537
PT039_P121_C01_S313,2.104292931176374,-9.371673017931979,0.9585861631415007
PT039_P121_C04_S316,-0.9743170817305415,3.8011906675577367,-1.8127708580641158
PT039_P121_C08_S320,-3.6736569147804885,2.0938713145041263,-1.3007054958448259
PT039_P121_C09_S321,0.6812942896182848,-5.900633609513938,0.6730089848520711
PT039_P121_C10_S322,5.82394258043883,0.4272123887773712,0.6536084951154195
PT039_P121_D01_S325,-0.10054347345198211,-1.2433298464165223,-0.652486594756221
PT039_P121_D02_S326,-3.7626432306317907,4.949448012978276,-2.2951071752333583
PT039_P121_D05_S329,0.48826091476357386,-5.951349998277179,-0.481484244865173
PT039_P121_D08_S332,-2.0294563766146347,2.617117354097202,1.1167766672693227
PT039_P121_D09_S333,-0.5244473814013798,0.37834014483641587,-0.22840321917818723
PT039_P121_D11_S335,-2.44734301415003,2.269908919268281,1.3560259073390888
PT039_P121_D12_S336,-2.2276790177331494,1.1634351113533976,-1.465749311687012
PT039_P121_E01_S337,-2.7958714541519107,2.522547474266988,-1.2500174805956323
PT039_P121_E02_S338,-0.3728797221059867,-2.1377315498003764,-0.6713767591455544
PT039_P121_E04_S340,2.168113287785123,-4.477646281623556,-1.1948757475780085
PT084_P121_E06_S342,-1.0088799183842714,-2.6978680054135324,-1.6007709720481071
PT084_P121_F02_S350,3.9703837684564847,-10.40386931042661,1.246289272561011
PT084_P121_F03_S351,-2.199093516310177,1.1698901494467364,-1.0873847754789052
PT084_P121_F04_S352,7.02475239932671,-14.634743384977556,2.640887261968257
PT084_P121_F05_S353,1.5476194846986469,-3.3472043954934767,0.7953866859250689
PT084_P121_F07_S355,1.5244402321192487,8.610165676388267,-1.3035054966057054
PT084_P121_F08_S356,1.4615060782760232,7.45655093890429,-1.7528405774707185
PT084_P121_G01_S361,0.7052269771273749,4.0136964307782215,-1.325183616693221
PT084_P121_G05_S365,-3.1157376438096533,1.2827071076266643,0.36888052852464853
PT084_P121_G12_S372,3.12962438768298,7.482192438692459,-0.10755667675688446
PT084_P121_H01_S373,-0.8606800064842579,3.4671077520323874,-1.555313027141121
PT084_P121_H09_S381,6.504810207434219,-15.184421818049465,1.8956042692061699
PT084_P121_H10_S382,-1.8883123314222519,-0.5381310023578241,-0.08597409794296738
PT084_P121_H12_S384,-2.467237272445072,-1.1892008048661515,0.6884425605858758
PT039_P10_A03_S195,-2.843924846006041,4.051232172309019,-2.147878682235288
PT039_P10_A09_S201,-2.8396663166646237,2.750364753341786,-2.525591469368658
PT039_P10_A12_S204,1.1999526257929358,-1.719833359731587,-2.3036296169043835
PT039_P10_B02_S206,-3.4740318411879967,4.662916940506563,-1.6570957457122002
PT039_P10_B07_S211,-1.3601690884722686,0.25639172652707803,-2.4947362311521473
PT039_P10_C03_S219,-4.305294836895173,4.725303825378847,-3.021741311455714
PT039_P10_C10_S226,-5.604007260789769,3.9097887554428405,-2.795398279351473
PT039_P10_C12_S228,-4.771185398747225,4.763777034732877,-2.1016174992060144
PT039_P10_D03_S231,-2.167449046419399,3.0294663581287433,-2.204931488720257
PT039_P10_D09_S237,0.3841175783504657,-2.919280696410281,-0.87256689359289
PT039_P10_G03_S267,-3.3749316150908566,3.6065971868695996,-1.3506294678513382
PT039_P10_G06_S270,-1.3255339273164601,0.12748107681651527,-1.1697287466286355
