cell_line,verhaak_subtype,confidence_score,score_Classical,score_Mesenchymal,score_Proneural,genes_Classical,genes_Mesenchymal,genes_Proneural
ACH-000570,Proneural,0.2012422048176902,0.1591092849448245,0.1919602181844529,0.2012422048176902,"EGFR,NES,NOTCH3,SMO,GAS1,GLI2,NFKBIA","CD44,CHI3L1,RELB,TRADD,TNFRSF1A,NFKB1,STAT3","OLIG2,PDGFRA,DLL3,NKX2-2,SOX10,NKX2-1"
ACH-000075,Mesenchymal,0.5233550592644822,0.0321958908692502,0.5233550592644822,-0.5721145401122288,"EGFR,NES,NOTCH3,SMO,GAS1,GLI2,NFKBIA","CD44,CHI3L1,RELB,TRADD,TNFRSF1A,NFKB1,STAT3","OLIG2,PDGFRA,DLL3,NKX2-2,SOX10,NKX2-1"
ACH-000376,Mesenchymal,0.5842153976976684,0.0280928304183151,0.5842153976976684,-0.2497545348100402,"EGFR,NES,NOTCH3,SMO,GAS1,GLI2,NFKBIA","CD44,CHI3L1,RELB,TRADD,TNFRSF1A,NFKB1,STAT3","OLIG2,PDGFRA,DLL3,NKX2-2,SOX10,NKX2-1"
ACH-000269,Classical,-0.2968483933434908,-0.2968483933434908,-0.6497538357352342,-0.595117726225041,"EGFR,NES,NOTCH3,SMO,GAS1,GLI2,NFKBIA","CD44,CHI3L1,RELB,TRADD,TNFRSF1A,NFKB1,STAT3","OLIG2,PDGFRA,DLL3,NKX2-2,SOX10,NKX2-1"
ACH-001611,Mesenchymal,0.3944187753609216,-0.2470435637616182,0.3944187753609216,0.3421686955761867,"EGFR,NES,NOTCH3,SMO,GAS1,GLI2,NFKBIA","CD44,CHI3L1,RELB,TRADD,TNFRSF1A,NFKB1,STAT3","OLIG2,PDGFRA,DLL3,NKX2-2,SOX10,NKX2-1"
ACH-000098,Mesenchymal,0.2977124383220798,-0.1200374206789811,0.2977124383220798,-0.2586493620142848,"EGFR,NES,NOTCH3,SMO,GAS1,GLI2,NFKBIA","CD44,CHI3L1,RELB,TRADD,TNFRSF1A,NFKB1,STAT3","OLIG2,PDGFRA,DLL3,NKX2-2,SOX10,NKX2-1"
ACH-000887,Proneural,-0.2519885912986108,-0.5357277983236499,-0.321695539653997,-0.2519885912986108,"EGFR,NES,NOTCH3,SMO,GAS1,GLI2,NFKBIA","CD44,CHI3L1,RELB,TRADD,TNFRSF1A,NFKB1,STAT3","OLIG2,PDGFRA,DLL3,NKX2-2,SOX10,NKX2-1"
ACH-000368,Mesenchymal,0.2682071720757969,0.1377288505059347,0.2682071720757969,-0.1685977676432699,"EGFR,NES,NOTCH3,SMO,GAS1,GLI2,NFKBIA","CD44,CHI3L1,RELB,TRADD,TNFRSF1A,NFKB1,STAT3","OLIG2,PDGFRA,DLL3,NKX2-2,SOX10,NKX2-1"
ACH-000760,Proneural,0.1267912927894469,-0.7001754070534627,-0.7912641156239106,0.1267912927894469,"EGFR,NES,NOTCH3,SMO,GAS1,GLI2,NFKBIA","CD44,CHI3L1,RELB,TRADD,TNFRSF1A,NFKB1,STAT3","OLIG2,PDGFRA,DLL3,NKX2-2,SOX10,NKX2-1"
ACH-001610,Classical,0.4488590822524564,0.4488590822524564,0.1322641694031471,0.0301391402983655,"EGFR,NES,NOTCH3,SMO,GAS1,GLI2,NFKBIA","CD44,CHI3L1,RELB,TRADD,TNFRSF1A,NFKB1,STAT3","OLIG2,PDGFRA,DLL3,NKX2-2,SOX10,NKX2-1"
ACH-002680,Classical,0.8973273358300287,0.8973273358300287,0.3587492454267788,-0.1329493884740731,"EGFR,NES,NOTCH3,SMO,GAS1,GLI2,NFKBIA","CD44,CHI3L1,RELB,TRADD,TNFRSF1A,NFKB1,STAT3","OLIG2,PDGFRA,DLL3,NKX2-2,SOX10,NKX2-1"
ACH-000231,Classical,0.114515887594915,0.114515887594915,0.0727633079703845,0.0343575344647947,"EGFR,NES,NOTCH3,SMO,GAS1,GLI2,NFKBIA","CD44,CHI3L1,RELB,TRADD,TNFRSF1A,NFKB1,STAT3","OLIG2,PDGFRA,DLL3,NKX2-2,SOX10,NKX2-1"
ACH-003438,Mesenchymal,0.2277563158156315,-0.1849304046857008,0.2277563158156315,-0.1498271531431463,"EGFR,NES,NOTCH3,SMO,GAS1,GLI2,NFKBIA","CD44,CHI3L1,RELB,TRADD,TNFRSF1A,NFKB1,STAT3","OLIG2,PDGFRA,DLL3,NKX2-2,SOX10,NKX2-1"
ACH-000738,Proneural,0.6207439029495203,-0.4686640701346093,-0.4814591087894709,0.6207439029495203,"EGFR,NES,NOTCH3,SMO,GAS1,GLI2,NFKBIA","CD44,CHI3L1,RELB,TRADD,TNFRSF1A,NFKB1,STAT3","OLIG2,PDGFRA,DLL3,NKX2-2,SOX10,NKX2-1"
ACH-002681,Proneural,-0.4955788092285746,-0.8641148417942255,-0.814144880290157,-0.4955788092285746,"EGFR,NES,NOTCH3,SMO,GAS1,GLI2,NFKBIA","CD44,CHI3L1,RELB,TRADD,TNFRSF1A,NFKB1,STAT3","OLIG2,PDGFRA,DLL3,NKX2-2,SOX10,NKX2-1"
ACH-000819,Mesenchymal,0.2472765387496052,-0.4685056872762976,0.2472765387496052,-0.0689066235518724,"EGFR,NES,NOTCH3,SMO,GAS1,GLI2,NFKBIA","CD44,CHI3L1,RELB,TRADD,TNFRSF1A,NFKB1,STAT3","OLIG2,PDGFRA,DLL3,NKX2-2,SOX10,NKX2-1"
ACH-000571,Mesenchymal,0.851124203266604,-0.2724650557686128,0.851124203266604,-0.0347895833598854,"EGFR,NES,NOTCH3,SMO,GAS1,GLI2,NFKBIA","CD44,CHI3L1,RELB,TRADD,TNFRSF1A,NFKB1,STAT3","OLIG2,PDGFRA,DLL3,NKX2-2,SOX10,NKX2-1"
ACH-000102,Mesenchymal,0.4453123550619349,0.2962363934676923,0.4453123550619349,-0.2402127261186305,"EGFR,NES,NOTCH3,SMO,GAS1,GLI2,NFKBIA","CD44,CHI3L1,RELB,TRADD,TNFRSF1A,NFKB1,STAT3","OLIG2,PDGFRA,DLL3,NKX2-2,SOX10,NKX2-1"
ACH-000634,Classical,0.1636965449379424,0.1636965449379424,-0.0300880587794972,-0.2269260762407195,"EGFR,NES,NOTCH3,SMO,GAS1,GLI2,NFKBIA","CD44,CHI3L1,RELB,TRADD,TNFRSF1A,NFKB1,STAT3","OLIG2,PDGFRA,DLL3,NKX2-2,SOX10,NKX2-1"
ACH-000137,Mesenchymal,0.289388411752619,-0.4252543983126619,0.289388411752619,-0.3894717181716575,"EGFR,NES,NOTCH3,SMO,GAS1,GLI2,NFKBIA","CD44,CHI3L1,RELB,TRADD,TNFRSF1A,NFKB1,STAT3","OLIG2,PDGFRA,DLL3,NKX2-2,SOX10,NKX2-1"
ACH-000445,Mesenchymal,0.092642986872452,-0.2282648294896986,0.092642986872452,-0.1533701958009848,"EGFR,NES,NOTCH3,SMO,GAS1,GLI2,NFKBIA","CD44,CHI3L1,RELB,TRADD,TNFRSF1A,NFKB1,STAT3","OLIG2,PDGFRA,DLL3,NKX2-2,SOX10,NKX2-1"
ACH-001609,Classical,0.1198862185705731,0.1198862185705731,0.0038016343244431,-0.0039970499876053,"EGFR,NES,NOTCH3,SMO,GAS1,GLI2,NFKBIA","CD44,CHI3L1,RELB,TRADD,TNFRSF1A,NFKB1,STAT3","OLIG2,PDGFRA,DLL3,NKX2-2,SOX10,NKX2-1"
ACH-001329,Proneural,0.6292348655152887,0.4303613900668672,-0.3838845485674304,0.6292348655152887,"EGFR,NES,NOTCH3,SMO,GAS1,GLI2,NFKBIA","CD44,CHI3L1,RELB,TRADD,TNFRSF1A,NFKB1,STAT3","OLIG2,PDGFRA,DLL3,NKX2-2,SOX10,NKX2-1"
ACH-000027,Mesenchymal,0.794883084350259,0.5568888001278707,0.794883084350259,-0.0725818674609058,"EGFR,NES,NOTCH3,SMO,GAS1,GLI2,NFKBIA","CD44,CHI3L1,RELB,TRADD,TNFRSF1A,NFKB1,STAT3","OLIG2,PDGFRA,DLL3,NKX2-2,SOX10,NKX2-1"
ACH-000370,Classical,0.521048744869166,0.521048744869166,0.1765827874353083,0.0447824890067666,"EGFR,NES,NOTCH3,SMO,GAS1,GLI2,NFKBIA","CD44,CHI3L1,RELB,TRADD,TNFRSF1A,NFKB1,STAT3","OLIG2,PDGFRA,DLL3,NKX2-2,SOX10,NKX2-1"
ACH-000289,Proneural,0.8108541964407395,-0.1018207746424718,0.0350766498043098,0.8108541964407395,"EGFR,NES,NOTCH3,SMO,GAS1,GLI2,NFKBIA","CD44,CHI3L1,RELB,TRADD,TNFRSF1A,NFKB1,STAT3","OLIG2,PDGFRA,DLL3,NKX2-2,SOX10,NKX2-1"
ACH-000543,Mesenchymal,0.3557409571259637,-0.4553789672327668,0.3557409571259637,-0.4730202327387182,"EGFR,NES,NOTCH3,SMO,GAS1,GLI2,NFKBIA","CD44,CHI3L1,RELB,TRADD,TNFRSF1A,NFKB1,STAT3","OLIG2,PDGFRA,DLL3,NKX2-2,SOX10,NKX2-1"
ACH-001623,Proneural,0.5310678267650341,0.4688152165385399,-0.6596446019657538,0.5310678267650341,"EGFR,NES,NOTCH3,SMO,GAS1,GLI2,NFKBIA","CD44,CHI3L1,RELB,TRADD,TNFRSF1A,NFKB1,STAT3","OLIG2,PDGFRA,DLL3,NKX2-2,SOX10,NKX2-1"
ACH-001624,Proneural,0.0564941911943165,-0.4218970482002651,-1.2081615206032992,0.0564941911943165,"EGFR,NES,NOTCH3,SMO,GAS1,GLI2,NFKBIA","CD44,CHI3L1,RELB,TRADD,TNFRSF1A,NFKB1,STAT3","OLIG2,PDGFRA,DLL3,NKX2-2,SOX10,NKX2-1"
ACH-000244,Classical,1.0643241588168928,1.0643241588168928,0.0780917425541409,0.0580485230401612,"EGFR,NES,NOTCH3,SMO,GAS1,GLI2,NFKBIA","CD44,CHI3L1,RELB,TRADD,TNFRSF1A,NFKB1,STAT3","OLIG2,PDGFRA,DLL3,NKX2-2,SOX10,NKX2-1"
ACH-000215,Mesenchymal,0.3727718902165372,0.2235513470748296,0.3727718902165372,-0.0002024940185638,"EGFR,NES,NOTCH3,SMO,GAS1,GLI2,NFKBIA","CD44,CHI3L1,RELB,TRADD,TNFRSF1A,NFKB1,STAT3","OLIG2,PDGFRA,DLL3,NKX2-2,SOX10,NKX2-1"
ACH-001608,Proneural,-0.4618348558236416,-0.6999770509271342,-0.5182720926155965,-0.4618348558236416,"EGFR,NES,NOTCH3,SMO,GAS1,GLI2,NFKBIA","CD44,CHI3L1,RELB,TRADD,TNFRSF1A,NFKB1,STAT3","OLIG2,PDGFRA,DLL3,NKX2-2,SOX10,NKX2-1"
ACH-000464,Classical,0.4147142249543064,0.4147142249543064,-0.3489778640330647,-0.5363114543189297,"EGFR,NES,NOTCH3,SMO,GAS1,GLI2,NFKBIA","CD44,CHI3L1,RELB,TRADD,TNFRSF1A,NFKB1,STAT3","OLIG2,PDGFRA,DLL3,NKX2-2,SOX10,NKX2-1"
ACH-000622,Mesenchymal,0.5244529149374606,0.2940106567243206,0.5244529149374606,0.1435464473312705,"EGFR,NES,NOTCH3,SMO,GAS1,GLI2,NFKBIA","CD44,CHI3L1,RELB,TRADD,TNFRSF1A,NFKB1,STAT3","OLIG2,PDGFRA,DLL3,NKX2-2,SOX10,NKX2-1"
ACH-000558,Classical,0.6727563458477509,0.6727563458477509,0.3456550767244227,0.1601434982381565,"EGFR,NES,NOTCH3,SMO,GAS1,GLI2,NFKBIA","CD44,CHI3L1,RELB,TRADD,TNFRSF1A,NFKB1,STAT3","OLIG2,PDGFRA,DLL3,NKX2-2,SOX10,NKX2-1"
ACH-000631,Proneural,0.7367576717070005,0.1836771538453596,-0.0317855398321504,0.7367576717070005,"EGFR,NES,NOTCH3,SMO,GAS1,GLI2,NFKBIA","CD44,CHI3L1,RELB,TRADD,TNFRSF1A,NFKB1,STAT3","OLIG2,PDGFRA,DLL3,NKX2-2,SOX10,NKX2-1"
ACH-000479,Mesenchymal,0.5037167913562913,0.4739796138074595,0.5037167913562913,0.0480955970520557,"EGFR,NES,NOTCH3,SMO,GAS1,GLI2,NFKBIA","CD44,CHI3L1,RELB,TRADD,TNFRSF1A,NFKB1,STAT3","OLIG2,PDGFRA,DLL3,NKX2-2,SOX10,NKX2-1"
ACH-000863,Proneural,-0.2197887751908367,-0.4004782501626906,-0.2997107090888308,-0.2197887751908367,"EGFR,NES,NOTCH3,SMO,GAS1,GLI2,NFKBIA","CD44,CHI3L1,RELB,TRADD,TNFRSF1A,NFKB1,STAT3","OLIG2,PDGFRA,DLL3,NKX2-2,SOX10,NKX2-1"
ACH-000283,Proneural,-0.1887575711372432,-0.3434829330144292,-0.6256806254220191,-0.1887575711372432,"EGFR,NES,NOTCH3,SMO,GAS1,GLI2,NFKBIA","CD44,CHI3L1,RELB,TRADD,TNFRSF1A,NFKB1,STAT3","OLIG2,PDGFRA,DLL3,NKX2-2,SOX10,NKX2-1"
ACH-000623,Mesenchymal,0.5026818264793684,-0.0613156245972748,0.5026818264793684,0.0951981493449018,"EGFR,NES,NOTCH3,SMO,GAS1,GLI2,NFKBIA","CD44,CHI3L1,RELB,TRADD,TNFRSF1A,NFKB1,STAT3","OLIG2,PDGFRA,DLL3,NKX2-2,SOX10,NKX2-1"
ACH-000609,Proneural,0.1403636543819066,0.0055282338928417,0.129587191684342,0.1403636543819066,"EGFR,NES,NOTCH3,SMO,GAS1,GLI2,NFKBIA","CD44,CHI3L1,RELB,TRADD,TNFRSF1A,NFKB1,STAT3","OLIG2,PDGFRA,DLL3,NKX2-2,SOX10,NKX2-1"
ACH-000504,Proneural,0.8054673945280849,0.4858262299837347,0.762710385809265,0.8054673945280849,"EGFR,NES,NOTCH3,SMO,GAS1,GLI2,NFKBIA","CD44,CHI3L1,RELB,TRADD,TNFRSF1A,NFKB1,STAT3","OLIG2,PDGFRA,DLL3,NKX2-2,SOX10,NKX2-1"
ACH-001605,Classical,0.1129107145192218,0.1129107145192218,-0.0641896795572058,-0.8060254554524143,"EGFR,NES,NOTCH3,SMO,GAS1,GLI2,NFKBIA","CD44,CHI3L1,RELB,TRADD,TNFRSF1A,NFKB1,STAT3","OLIG2,PDGFRA,DLL3,NKX2-2,SOX10,NKX2-1"
ACH-000152,Proneural,0.260226917465988,-0.4130250374930099,-0.5414898159806681,0.260226917465988,"EGFR,NES,NOTCH3,SMO,GAS1,GLI2,NFKBIA","CD44,CHI3L1,RELB,TRADD,TNFRSF1A,NFKB1,STAT3","OLIG2,PDGFRA,DLL3,NKX2-2,SOX10,NKX2-1"
ACH-000328,Mesenchymal,0.4391398016623902,-0.0643690439382006,0.4391398016623902,-0.5020258160223966,"EGFR,NES,NOTCH3,SMO,GAS1,GLI2,NFKBIA","CD44,CHI3L1,RELB,TRADD,TNFRSF1A,NFKB1,STAT3","OLIG2,PDGFRA,DLL3,NKX2-2,SOX10,NKX2-1"
ACH-000595,Proneural,1.1325612027503864,0.4452686113937255,-0.2366866240698828,1.1325612027503864,"EGFR,NES,NOTCH3,SMO,GAS1,GLI2,NFKBIA","CD44,CHI3L1,RELB,TRADD,TNFRSF1A,NFKB1,STAT3","OLIG2,PDGFRA,DLL3,NKX2-2,SOX10,NKX2-1"
ACH-000469,Classical,0.7595250292464458,0.7595250292464458,0.5677890097482055,0.0805614449184767,"EGFR,NES,NOTCH3,SMO,GAS1,GLI2,NFKBIA","CD44,CHI3L1,RELB,TRADD,TNFRSF1A,NFKB1,STAT3","OLIG2,PDGFRA,DLL3,NKX2-2,SOX10,NKX2-1"
ACH-002409,Classical,0.1482162671352909,0.1482162671352909,-0.6381918593370585,-0.1653152238977197,"EGFR,NES,NOTCH3,SMO,GAS1,GLI2,NFKBIA","CD44,CHI3L1,RELB,TRADD,TNFRSF1A,NFKB1,STAT3","OLIG2,PDGFRA,DLL3,NKX2-2,SOX10,NKX2-1"
ACH-001622,Proneural,0.0571082295023171,-0.1355989886820373,-0.2509163991816184,0.0571082295023171,"EGFR,NES,NOTCH3,SMO,GAS1,GLI2,NFKBIA","CD44,CHI3L1,RELB,TRADD,TNFRSF1A,NFKB1,STAT3","OLIG2,PDGFRA,DLL3,NKX2-2,SOX10,NKX2-1"
ACH-000455,Mesenchymal,-0.2561350640883793,-0.6908070556994618,-0.2561350640883793,-0.3625084489280925,"EGFR,NES,NOTCH3,SMO,GAS1,GLI2,NFKBIA","CD44,CHI3L1,RELB,TRADD,TNFRSF1A,NFKB1,STAT3","OLIG2,PDGFRA,DLL3,NKX2-2,SOX10,NKX2-1"
ACH-000036,Mesenchymal,0.1273015324061934,-0.2369316944287887,0.1273015324061934,-0.377835395685554,"EGFR,NES,NOTCH3,SMO,GAS1,GLI2,NFKBIA","CD44,CHI3L1,RELB,TRADD,TNFRSF1A,NFKB1,STAT3","OLIG2,PDGFRA,DLL3,NKX2-2,SOX10,NKX2-1"
ACH-000673,Proneural,0.1922602552059492,-0.133897098598472,-0.1070770570894848,0.1922602552059492,"EGFR,NES,NOTCH3,SMO,GAS1,GLI2,NFKBIA","CD44,CHI3L1,RELB,TRADD,TNFRSF1A,NFKB1,STAT3","OLIG2,PDGFRA,DLL3,NKX2-2,SOX10,NKX2-1"
ACH-000200,Proneural,0.8235474825880044,-0.0784162016017367,-0.3174001755550965,0.8235474825880044,"EGFR,NES,NOTCH3,SMO,GAS1,GLI2,NFKBIA","CD44,CHI3L1,RELB,TRADD,TNFRSF1A,NFKB1,STAT3","OLIG2,PDGFRA,DLL3,NKX2-2,SOX10,NKX2-1"
ACH-000323,Proneural,-0.0033033710171685,-0.6096234183948022,-1.1205201559836773,-0.0033033710171685,"EGFR,NES,NOTCH3,SMO,GAS1,GLI2,NFKBIA","CD44,CHI3L1,RELB,TRADD,TNFRSF1A,NFKB1,STAT3","OLIG2,PDGFRA,DLL3,NKX2-2,SOX10,NKX2-1"
